lane,code,advance
prereq,ADVANCE_RADAR,ADVANCE_RADAR
unit,ADVANCE_RADAR,ADVANCE_RADAR
prereq,ADVANCE_CYBERNETICS,ADVANCE_CYBERNETICS
unit,ADVANCE_CYBERNETICS,ADVANCE_CYBERNETICS
prereq,ADVANCE_DWARVES,ADVANCE_DWARVES
unit,ADVANCE_DWARVES,ADVANCE_DWARVES
prereq,ADVANCE_ELVES,ADVANCE_ELVES
unit,ADVANCE_ELVES,ADVANCE_ELVES
prereq,ADVANCE_HOBBITS,ADVANCE_HOBBITS
unit,ADVANCE_HOBBITS,ADVANCE_HOBBITS
prereq,ADVANCE_MEN,ADVANCE_MEN
unit,ADVANCE_MEN,ADVANCE_MEN
prereq,ADVANCE_ORCS,ADVANCE_ORCS
unit,ADVANCE_ORCS,ADVANCE_ORCS
prereq,ADVANCE_GOOD,ADVANCE_GOOD
unit,ADVANCE_GOOD,ADVANCE_GOOD
prereq,ADVANCE_EVIL,ADVANCE_EVIL
unit,ADVANCE_EVIL,ADVANCE_EVIL
prereq,ADVANCE_ANGMAR,ADVANCE_ANGMAR
unit,ADVANCE_ANGMAR,ADVANCE_ANGMAR
prereq,ADVANCE_ARNOR,ADVANCE_ARNOR
unit,ADVANCE_ARNOR,ADVANCE_ARNOR
prereq,ADVANCE_EASTERLING,ADVANCE_EASTERLING
unit,ADVANCE_EASTERLING,ADVANCE_EASTERLING
prereq,ADVANCE_GONDOR,ADVANCE_GONDOR
unit,ADVANCE_GONDOR,ADVANCE_GONDOR
prereq,ADVANCE_HARADRIM,ADVANCE_HARADRIM
unit,ADVANCE_HARADRIM,ADVANCE_HARADRIM
prereq,ADVANCE_ISENGARD,ADVANCE_ISENGARD
unit,ADVANCE_ISENGARD,ADVANCE_ISENGARD
prereq,ADVANCE_MORDOR,ADVANCE_MORDOR
unit,ADVANCE_MORDOR,ADVANCE_MORDOR
prereq,ADVANCE_NORTHMEN,ADVANCE_NORTHMEN
unit,ADVANCE_NORTHMEN,ADVANCE_NORTHMEN
prereq,ADVANCE_ROHAN,ADVANCE_ROHAN
unit,ADVANCE_ROHAN,ADVANCE_ROHAN
prereq,ADVANCE_SINDAR,ADVANCE_SINDAR
unit,ADVANCE_SINDAR,ADVANCE_SINDAR
prereq,ADVANCE_AGRICULTURE,ADVANCE_AGRICULTURE
unit,ADVANCE_AGRICULTURE,ADVANCE_AGRICULTURE
prereq,ADVANCE_ALCHEMY,ADVANCE_ALCHEMY
unit,ADVANCE_ALCHEMY,ADVANCE_ALCHEMY
prereq,ADVANCE_ALCHEMY_HARADRIM,ADVANCE_ALCHEMY_HARADRIM
unit,ADVANCE_ALCHEMY_HARADRIM,ADVANCE_ALCHEMY_HARADRIM
prereq,ADVANCE_APPLIED_MATH,ADVANCE_APPLIED_MATH
unit,ADVANCE_APPLIED_MATH,ADVANCE_APPLIED_MATH
prereq,ADVANCE_APPLIED_MATH_ISENGARD,ADVANCE_APPLIED_MATH_ISENGARD
unit,ADVANCE_APPLIED_MATH_ISENGARD,ADVANCE_APPLIED_MATH_ISENGARD
prereq,ADVANCE_AQUEDUCTS,ADVANCE_AQUEDUCTS
unit,ADVANCE_AQUEDUCTS,ADVANCE_AQUEDUCTS
prereq,ADVANCE_AQUEDUCTS_MEN,ADVANCE_AQUEDUCTS_MEN
unit,ADVANCE_AQUEDUCTS_MEN,ADVANCE_AQUEDUCTS_MEN
prereq,ADVANCE_ARCHERY,ADVANCE_ARCHERY
unit,ADVANCE_ARCHERY,ADVANCE_ARCHERY
prereq,ADVANCE_ARCHERY_ELVES,ADVANCE_ARCHERY_ELVES
unit,ADVANCE_ARCHERY_ELVES,ADVANCE_ARCHERY_ELVES
prereq,ADVANCE_ARCHERY_HARADRIM,ADVANCE_ARCHERY_HARADRIM
unit,ADVANCE_ARCHERY_HARADRIM,ADVANCE_ARCHERY_HARADRIM
prereq,ADVANCE_ARCHERY_ISENGARD,ADVANCE_ARCHERY_ISENGARD
unit,ADVANCE_ARCHERY_ISENGARD,ADVANCE_ARCHERY_ISENGARD
prereq,ADVANCE_ARCHERY_ORCS,ADVANCE_ARCHERY_ORCS
unit,ADVANCE_ARCHERY_ORCS,ADVANCE_ARCHERY_ORCS
prereq,ADVANCE_ARCHITECTURE,ADVANCE_ARCHITECTURE
unit,ADVANCE_ARCHITECTURE,ADVANCE_ARCHITECTURE
prereq,ADVANCE_ARCHITECTURE_DWARVES,ADVANCE_ARCHITECTURE_DWARVES
unit,ADVANCE_ARCHITECTURE_DWARVES,ADVANCE_ARCHITECTURE_DWARVES
prereq,ADVANCE_ARCHITECTURE_GONDOR,ADVANCE_ARCHITECTURE_GONDOR
unit,ADVANCE_ARCHITECTURE_GONDOR,ADVANCE_ARCHITECTURE_GONDOR
prereq,ADVANCE_ARCHITECTURE_MORDOR,ADVANCE_ARCHITECTURE_MORDOR
unit,ADVANCE_ARCHITECTURE_MORDOR,ADVANCE_ARCHITECTURE_MORDOR
prereq,ADVANCE_ASTRONOMY,ADVANCE_ASTRONOMY
unit,ADVANCE_ASTRONOMY,ADVANCE_ASTRONOMY
prereq,ADVANCE_ASTRONOMY_ISENGARD,ADVANCE_ASTRONOMY_ISENGARD
unit,ADVANCE_ASTRONOMY_ISENGARD,ADVANCE_ASTRONOMY_ISENGARD
prereq,ADVANCE_BALLISTA_TOWERS,ADVANCE_BALLISTA_TOWERS
unit,ADVANCE_BALLISTA_TOWERS,ADVANCE_BALLISTA_TOWERS
prereq,ADVANCE_BALLISTICS,ADVANCE_BALLISTICS
unit,ADVANCE_BALLISTICS,ADVANCE_BALLISTICS
prereq,ADVANCE_BARRACKS,ADVANCE_BARRACKS
unit,ADVANCE_BARRACKS,ADVANCE_BARRACKS
prereq,ADVANCE_BARRACKS_ANGMAR,ADVANCE_BARRACKS_ANGMAR
unit,ADVANCE_BARRACKS_ANGMAR,ADVANCE_BARRACKS_ANGMAR
prereq,ADVANCE_BARRACKS_ORCS,ADVANCE_BARRACKS_ORCS
unit,ADVANCE_BARRACKS_ORCS,ADVANCE_BARRACKS_ORCS
prereq,ADVANCE_BRICK_MAKING,ADVANCE_BRICK_MAKING
unit,ADVANCE_BRICK_MAKING,ADVANCE_BRICK_MAKING
prereq,ADVANCE_BRONZE_WORKING,ADVANCE_BRONZE_WORKING
unit,ADVANCE_BRONZE_WORKING,ADVANCE_BRONZE_WORKING
prereq,ADVANCE_BRONZE_WORKING_ANGMAR,ADVANCE_BRONZE_WORKING_ANGMAR
unit,ADVANCE_BRONZE_WORKING_ANGMAR,ADVANCE_BRONZE_WORKING_ANGMAR
prereq,ADVANCE_BRONZE_WORKING_ARNOR,ADVANCE_BRONZE_WORKING_ARNOR
unit,ADVANCE_BRONZE_WORKING_ARNOR,ADVANCE_BRONZE_WORKING_ARNOR
prereq,ADVANCE_BRONZE_WORKING_DWARVES,ADVANCE_BRONZE_WORKING_DWARVES
unit,ADVANCE_BRONZE_WORKING_DWARVES,ADVANCE_BRONZE_WORKING_DWARVES
prereq,ADVANCE_BRONZE_WORKING_EASTERLING,ADVANCE_BRONZE_WORKING_EASTERLING
unit,ADVANCE_BRONZE_WORKING_EASTERLING,ADVANCE_BRONZE_WORKING_EASTERLING
prereq,ADVANCE_BRONZE_WORKING_HARADRIM,ADVANCE_BRONZE_WORKING_HARADRIM
unit,ADVANCE_BRONZE_WORKING_HARADRIM,ADVANCE_BRONZE_WORKING_HARADRIM
prereq,ADVANCE_BRONZE_WORKING_ORCS,ADVANCE_BRONZE_WORKING_ORCS
unit,ADVANCE_BRONZE_WORKING_ORCS,ADVANCE_BRONZE_WORKING_ORCS
prereq,ADVANCE_BUREAUCRACY,ADVANCE_BUREAUCRACY
unit,ADVANCE_BUREAUCRACY,ADVANCE_BUREAUCRACY
prereq,ADVANCE_BUREAUCRACY_EASTERLING,ADVANCE_BUREAUCRACY_EASTERLING
unit,ADVANCE_BUREAUCRACY_EASTERLING,ADVANCE_BUREAUCRACY_EASTERLING
prereq,ADVANCE_BUREAUCRACY_MEN,ADVANCE_BUREAUCRACY_MEN
unit,ADVANCE_BUREAUCRACY_MEN,ADVANCE_BUREAUCRACY_MEN
prereq,ADVANCE_CEREMONIAL_BURIAL,ADVANCE_CEREMONIAL_BURIAL
unit,ADVANCE_CEREMONIAL_BURIAL,ADVANCE_CEREMONIAL_BURIAL
prereq,ADVANCE_CHARIOTS,ADVANCE_CHARIOTS
unit,ADVANCE_CHARIOTS,ADVANCE_CHARIOTS
prereq,ADVANCE_CHARIOTS_EASTERLING,ADVANCE_CHARIOTS_EASTERLING
unit,ADVANCE_CHARIOTS_EASTERLING,ADVANCE_CHARIOTS_EASTERLING
prereq,ADVANCE_CHARIOTS_HARADRIM,ADVANCE_CHARIOTS_HARADRIM
unit,ADVANCE_CHARIOTS_HARADRIM,ADVANCE_CHARIOTS_HARADRIM
prereq,ADVANCE_CHARIOTS_ROHAN,ADVANCE_CHARIOTS_ROHAN
unit,ADVANCE_CHARIOTS_ROHAN,ADVANCE_CHARIOTS_ROHAN
prereq,ADVANCE_CITY_STATE,ADVANCE_CITY_STATE
unit,ADVANCE_CITY_STATE,ADVANCE_CITY_STATE
prereq,ADVANCE_CITY_STATE_ARNOR,ADVANCE_CITY_STATE_ARNOR
unit,ADVANCE_CITY_STATE_ARNOR,ADVANCE_CITY_STATE_ARNOR
prereq,ADVANCE_CITY_STATE_DWARVES,ADVANCE_CITY_STATE_DWARVES
unit,ADVANCE_CITY_STATE_DWARVES,ADVANCE_CITY_STATE_DWARVES
prereq,ADVANCE_CITY_STATE_EASTERLING,ADVANCE_CITY_STATE_EASTERLING
unit,ADVANCE_CITY_STATE_EASTERLING,ADVANCE_CITY_STATE_EASTERLING
prereq,ADVANCE_CITY_STATE_GONDOR,ADVANCE_CITY_STATE_GONDOR
unit,ADVANCE_CITY_STATE_GONDOR,ADVANCE_CITY_STATE_GONDOR
prereq,ADVANCE_CITY_STATE_HARADRIM,ADVANCE_CITY_STATE_HARADRIM
unit,ADVANCE_CITY_STATE_HARADRIM,ADVANCE_CITY_STATE_HARADRIM
prereq,ADVANCE_CITY_STATE_ISENGARD,ADVANCE_CITY_STATE_ISENGARD
unit,ADVANCE_CITY_STATE_ISENGARD,ADVANCE_CITY_STATE_ISENGARD
prereq,ADVANCE_CIVIC_ENGINEERING,ADVANCE_CIVIC_ENGINEERING
unit,ADVANCE_CIVIC_ENGINEERING,ADVANCE_CIVIC_ENGINEERING
prereq,ADVANCE_CIVIC_ENGINEERING_HOBBITS,ADVANCE_CIVIC_ENGINEERING_HOBBITS
unit,ADVANCE_CIVIC_ENGINEERING_HOBBITS,ADVANCE_CIVIC_ENGINEERING_HOBBITS
prereq,ADVANCE_CIVIC_ENGINEERING_MORDOR,ADVANCE_CIVIC_ENGINEERING_MORDOR
unit,ADVANCE_CIVIC_ENGINEERING_MORDOR,ADVANCE_CIVIC_ENGINEERING_MORDOR
prereq,ADVANCE_COMPOSITE_BOW,ADVANCE_COMPOSITE_BOW
unit,ADVANCE_COMPOSITE_BOW,ADVANCE_COMPOSITE_BOW
prereq,ADVANCE_COMPOSITE_BOW_ELVES,ADVANCE_COMPOSITE_BOW_ELVES
unit,ADVANCE_COMPOSITE_BOW_ELVES,ADVANCE_COMPOSITE_BOW_ELVES
prereq,ADVANCE_COMPOSITE_BOW_ORCS,ADVANCE_COMPOSITE_BOW_ORCS
unit,ADVANCE_COMPOSITE_BOW_ORCS,ADVANCE_COMPOSITE_BOW_ORCS
prereq,ADVANCE_CONCRETE,ADVANCE_CONCRETE
unit,ADVANCE_CONCRETE,ADVANCE_CONCRETE
prereq,ADVANCE_CONCRETE_EVIL,ADVANCE_CONCRETE_EVIL
unit,ADVANCE_CONCRETE_EVIL,ADVANCE_CONCRETE_EVIL
prereq,ADVANCE_CONCRETE_GOOD,ADVANCE_CONCRETE_GOOD
unit,ADVANCE_CONCRETE_GOOD,ADVANCE_CONCRETE_GOOD
prereq,ADVANCE_COPPER_SMELTING,ADVANCE_COPPER_SMELTING
unit,ADVANCE_COPPER_SMELTING,ADVANCE_COPPER_SMELTING
prereq,ADVANCE_COPPER_SMELTING_ANGMAR,ADVANCE_COPPER_SMELTING_ANGMAR
unit,ADVANCE_COPPER_SMELTING_ANGMAR,ADVANCE_COPPER_SMELTING_ANGMAR
prereq,ADVANCE_COPPER_SMELTING_DWARVES,ADVANCE_COPPER_SMELTING_DWARVES
unit,ADVANCE_COPPER_SMELTING_DWARVES,ADVANCE_COPPER_SMELTING_DWARVES
prereq,ADVANCE_COPPER_SMELTING_EASTERLING,ADVANCE_COPPER_SMELTING_EASTERLING
unit,ADVANCE_COPPER_SMELTING_EASTERLING,ADVANCE_COPPER_SMELTING_EASTERLING
prereq,ADVANCE_COPPER_SMELTING_EVIL,ADVANCE_COPPER_SMELTING_EVIL
unit,ADVANCE_COPPER_SMELTING_EVIL,ADVANCE_COPPER_SMELTING_EVIL
prereq,ADVANCE_COPPER_SMELTING_MORDOR,ADVANCE_COPPER_SMELTING_MORDOR
unit,ADVANCE_COPPER_SMELTING_MORDOR,ADVANCE_COPPER_SMELTING_MORDOR
prereq,ADVANCE_COPPER_SMELTING_SINDAR,ADVANCE_COPPER_SMELTING_SINDAR
unit,ADVANCE_COPPER_SMELTING_SINDAR,ADVANCE_COPPER_SMELTING_SINDAR
prereq,ADVANCE_COSMOLOGY,ADVANCE_COSMOLOGY
unit,ADVANCE_COSMOLOGY,ADVANCE_COSMOLOGY
prereq,ADVANCE_COSMOLOGY_ARNOR,ADVANCE_COSMOLOGY_ARNOR
unit,ADVANCE_COSMOLOGY_ARNOR,ADVANCE_COSMOLOGY_ARNOR
prereq,ADVANCE_COSMOLOGY_HARADRIM,ADVANCE_COSMOLOGY_HARADRIM
unit,ADVANCE_COSMOLOGY_HARADRIM,ADVANCE_COSMOLOGY_HARADRIM
prereq,ADVANCE_COSMOLOGY_SINDAR,ADVANCE_COSMOLOGY_SINDAR
unit,ADVANCE_COSMOLOGY_SINDAR,ADVANCE_COSMOLOGY_SINDAR
prereq,ADVANCE_COUNCIL_I,ADVANCE_COUNCIL_I
unit,ADVANCE_COUNCIL_I,ADVANCE_COUNCIL_I
prereq,ADVANCE_COUNCIL_II,ADVANCE_COUNCIL_II
unit,ADVANCE_COUNCIL_II,ADVANCE_COUNCIL_II
prereq,ADVANCE_COUNCIL_III,ADVANCE_COUNCIL_III
unit,ADVANCE_COUNCIL_III,ADVANCE_COUNCIL_III
prereq,ADVANCE_COUNCIL_IV,ADVANCE_COUNCIL_IV
unit,ADVANCE_COUNCIL_IV,ADVANCE_COUNCIL_IV
prereq,ADVANCE_COUNCIL_V,ADVANCE_COUNCIL_V
unit,ADVANCE_COUNCIL_V,ADVANCE_COUNCIL_V
prereq,ADVANCE_COUNCIL_V_HOBBITS,ADVANCE_COUNCIL_V_HOBBITS
unit,ADVANCE_COUNCIL_V_HOBBITS,ADVANCE_COUNCIL_V_HOBBITS
prereq,ADVANCE_COUNCIL_V_SINDAR,ADVANCE_COUNCIL_V_SINDAR
unit,ADVANCE_COUNCIL_V_SINDAR,ADVANCE_COUNCIL_V_SINDAR
prereq,ADVANCE_CURRENCY,ADVANCE_CURRENCY
unit,ADVANCE_CURRENCY,ADVANCE_CURRENCY
prereq,ADVANCE_CURRENCY_ANGMAR,ADVANCE_CURRENCY_ANGMAR
unit,ADVANCE_CURRENCY_ANGMAR,ADVANCE_CURRENCY_ANGMAR
prereq,ADVANCE_CURRENCY_DWARVES,ADVANCE_CURRENCY_DWARVES
unit,ADVANCE_CURRENCY_DWARVES,ADVANCE_CURRENCY_DWARVES
prereq,ADVANCE_DARK_AGES,ADVANCE_DARK_AGES
unit,ADVANCE_DARK_AGES,ADVANCE_DARK_AGES
prereq,ADVANCE_DICTATORSHIP,ADVANCE_DICTATORSHIP
unit,ADVANCE_DICTATORSHIP,ADVANCE_DICTATORSHIP
prereq,ADVANCE_DICTATORSHIP_ARNOR,ADVANCE_DICTATORSHIP_ARNOR
unit,ADVANCE_DICTATORSHIP_ARNOR,ADVANCE_DICTATORSHIP_ARNOR
prereq,ADVANCE_DICTATORSHIP_DWARVES,ADVANCE_DICTATORSHIP_DWARVES
unit,ADVANCE_DICTATORSHIP_DWARVES,ADVANCE_DICTATORSHIP_DWARVES
prereq,ADVANCE_DICTATORSHIP_EASTERLING,ADVANCE_DICTATORSHIP_EASTERLING
unit,ADVANCE_DICTATORSHIP_EASTERLING,ADVANCE_DICTATORSHIP_EASTERLING
prereq,ADVANCE_DICTATORSHIP_GONDOR,ADVANCE_DICTATORSHIP_GONDOR
unit,ADVANCE_DICTATORSHIP_GONDOR,ADVANCE_DICTATORSHIP_GONDOR
prereq,ADVANCE_DICTATORSHIP_HARADRIM,ADVANCE_DICTATORSHIP_HARADRIM
unit,ADVANCE_DICTATORSHIP_HARADRIM,ADVANCE_DICTATORSHIP_HARADRIM
prereq,ADVANCE_DICTATORSHIP_ORCS,ADVANCE_DICTATORSHIP_ORCS
unit,ADVANCE_DICTATORSHIP_ORCS,ADVANCE_DICTATORSHIP_ORCS
prereq,ADVANCE_DICTATORSHIP_ROHAN,ADVANCE_DICTATORSHIP_ROHAN
unit,ADVANCE_DICTATORSHIP_ROHAN,ADVANCE_DICTATORSHIP_ROHAN
prereq,ADVANCE_DOMESTICATION,ADVANCE_DOMESTICATION
unit,ADVANCE_DOMESTICATION,ADVANCE_DOMESTICATION
prereq,ADVANCE_DOMESTICATION_EVIL,ADVANCE_DOMESTICATION_EVIL
unit,ADVANCE_DOMESTICATION_EVIL,ADVANCE_DOMESTICATION_EVIL
prereq,ADVANCE_DRAMA,ADVANCE_DRAMA
unit,ADVANCE_DRAMA,ADVANCE_DRAMA
prereq,ADVANCE_DRAMA_MEN,ADVANCE_DRAMA_MEN
unit,ADVANCE_DRAMA_MEN,ADVANCE_DRAMA_MEN
prereq,ADVANCE_DRAMA_MORDOR,ADVANCE_DRAMA_MORDOR
unit,ADVANCE_DRAMA_MORDOR,ADVANCE_DRAMA_MORDOR
prereq,ADVANCE_DRAMA_SINDAR,ADVANCE_DRAMA_SINDAR
unit,ADVANCE_DRAMA_SINDAR,ADVANCE_DRAMA_SINDAR
prereq,ADVANCE_DYNASTY,ADVANCE_DYNASTY
unit,ADVANCE_DYNASTY,ADVANCE_DYNASTY
prereq,ADVANCE_DYNASTY_ARNOR,ADVANCE_DYNASTY_ARNOR
unit,ADVANCE_DYNASTY_ARNOR,ADVANCE_DYNASTY_ARNOR
prereq,ADVANCE_DYNASTY_GONDOR,ADVANCE_DYNASTY_GONDOR
unit,ADVANCE_DYNASTY_GONDOR,ADVANCE_DYNASTY_GONDOR
prereq,ADVANCE_DYNASTY_ORCS,ADVANCE_DYNASTY_ORCS
unit,ADVANCE_DYNASTY_ORCS,ADVANCE_DYNASTY_ORCS
prereq,ADVANCE_ETHICS,ADVANCE_ETHICS
unit,ADVANCE_ETHICS,ADVANCE_ETHICS
prereq,ADVANCE_ETHICS_ISENGARD,ADVANCE_ETHICS_ISENGARD
unit,ADVANCE_ETHICS_ISENGARD,ADVANCE_ETHICS_ISENGARD
prereq,ADVANCE_ETHICS_GOOD,ADVANCE_ETHICS_GOOD
unit,ADVANCE_ETHICS_GOOD,ADVANCE_ETHICS_GOOD
prereq,ADVANCE_GEOMETRY,ADVANCE_GEOMETRY
unit,ADVANCE_GEOMETRY,ADVANCE_GEOMETRY
prereq,ADVANCE_GRANARIES,ADVANCE_GRANARIES
unit,ADVANCE_GRANARIES,ADVANCE_GRANARIES
prereq,ADVANCE_GRANARIES_ROHAN,ADVANCE_GRANARIES_ROHAN
unit,ADVANCE_GRANARIES_ROHAN,ADVANCE_GRANARIES_ROHAN
prereq,ADVANCE_HERBALISM,ADVANCE_HERBALISM
unit,ADVANCE_HERBALISM,ADVANCE_HERBALISM
prereq,ADVANCE_HERBALISM_EASTERLING,ADVANCE_HERBALISM_EASTERLING
unit,ADVANCE_HERBALISM_EASTERLING,ADVANCE_HERBALISM_EASTERLING
prereq,ADVANCE_HIPPOCRATIC_SCHOOL,ADVANCE_HIPPOCRATIC_SCHOOL
unit,ADVANCE_HIPPOCRATIC_SCHOOL,ADVANCE_HIPPOCRATIC_SCHOOL
prereq,ADVANCE_HIPPOCRATIC_SCHOOL_GONDOR,ADVANCE_HIPPOCRATIC_SCHOOL_GONDOR
unit,ADVANCE_HIPPOCRATIC_SCHOOL_GONDOR,ADVANCE_HIPPOCRATIC_SCHOOL_GONDOR
prereq,ADVANCE_HIPPOCRATIC_SCHOOL_SINDAR,ADVANCE_HIPPOCRATIC_SCHOOL_SINDAR
unit,ADVANCE_HIPPOCRATIC_SCHOOL_SINDAR,ADVANCE_HIPPOCRATIC_SCHOOL_SINDAR
prereq,ADVANCE_HORSE_ARMOR,ADVANCE_HORSE_ARMOR
unit,ADVANCE_HORSE_ARMOR,ADVANCE_HORSE_ARMOR
prereq,ADVANCE_HORSE_ARMOR_ELVES,ADVANCE_HORSE_ARMOR_ELVES
unit,ADVANCE_HORSE_ARMOR_ELVES,ADVANCE_HORSE_ARMOR_ELVES
prereq,ADVANCE_HORSE_ARMOR_MEN,ADVANCE_HORSE_ARMOR_MEN
unit,ADVANCE_HORSE_ARMOR_MEN,ADVANCE_HORSE_ARMOR_MEN
prereq,ADVANCE_HORSE_ARMOR_ORCS,ADVANCE_HORSE_ARMOR_ORCS
unit,ADVANCE_HORSE_ARMOR_ORCS,ADVANCE_HORSE_ARMOR_ORCS
prereq,ADVANCE_HORSE_ARMOR_ROHAN,ADVANCE_HORSE_ARMOR_ROHAN
unit,ADVANCE_HORSE_ARMOR_ROHAN,ADVANCE_HORSE_ARMOR_ROHAN
prereq,ADVANCE_HORSE_RIDING,ADVANCE_HORSE_RIDING
unit,ADVANCE_HORSE_RIDING,ADVANCE_HORSE_RIDING
prereq,ADVANCE_HORSE_RIDING_ORCS,ADVANCE_HORSE_RIDING_ORCS
unit,ADVANCE_HORSE_RIDING_ORCS,ADVANCE_HORSE_RIDING_ORCS
prereq,ADVANCE_HORSE_RIDING_ROHAN,ADVANCE_HORSE_RIDING_ROHAN
unit,ADVANCE_HORSE_RIDING_ROHAN,ADVANCE_HORSE_RIDING_ROHAN
prereq,ADVANCE_HULL_MAKING,ADVANCE_HULL_MAKING
unit,ADVANCE_HULL_MAKING,ADVANCE_HULL_MAKING
prereq,ADVANCE_HULL_MAKING_EVIL,ADVANCE_HULL_MAKING_EVIL
unit,ADVANCE_HULL_MAKING_EVIL,ADVANCE_HULL_MAKING_EVIL
prereq,ADVANCE_IRON_WORKING,ADVANCE_IRON_WORKING
unit,ADVANCE_IRON_WORKING,ADVANCE_IRON_WORKING
prereq,ADVANCE_IRON_WORKING_DWARVES,ADVANCE_IRON_WORKING_DWARVES
unit,ADVANCE_IRON_WORKING_DWARVES,ADVANCE_IRON_WORKING_DWARVES
prereq,ADVANCE_IRON_WORKING_EVIL,ADVANCE_IRON_WORKING_EVIL
unit,ADVANCE_IRON_WORKING_EVIL,ADVANCE_IRON_WORKING_EVIL
prereq,ADVANCE_IRON_WORKING_ISENGARD,ADVANCE_IRON_WORKING_ISENGARD
unit,ADVANCE_IRON_WORKING_ISENGARD,ADVANCE_IRON_WORKING_ISENGARD
prereq,ADVANCE_IRON_WORKING_ORCS,ADVANCE_IRON_WORKING_ORCS
unit,ADVANCE_IRON_WORKING_ORCS,ADVANCE_IRON_WORKING_ORCS
prereq,ADVANCE_JURISPRUDENCE,ADVANCE_JURISPRUDENCE
unit,ADVANCE_JURISPRUDENCE,ADVANCE_JURISPRUDENCE
prereq,ADVANCE_JURISPRUDENCE_MORDOR,ADVANCE_JURISPRUDENCE_MORDOR
unit,ADVANCE_JURISPRUDENCE_MORDOR,ADVANCE_JURISPRUDENCE_MORDOR
prereq,ADVANCE_JURISPRUDENCE_NORTHMEN,ADVANCE_JURISPRUDENCE_NORTHMEN
unit,ADVANCE_JURISPRUDENCE_NORTHMEN,ADVANCE_JURISPRUDENCE_NORTHMEN
prereq,ADVANCE_JURISPRUDENCE_ROHAN,ADVANCE_JURISPRUDENCE_ROHAN
unit,ADVANCE_JURISPRUDENCE_ROHAN,ADVANCE_JURISPRUDENCE_ROHAN
prereq,ADVANCE_MAP_MAKING,ADVANCE_MAP_MAKING
unit,ADVANCE_MAP_MAKING,ADVANCE_MAP_MAKING
prereq,ADVANCE_MAP_MAKING_ARNOR,ADVANCE_MAP_MAKING_ARNOR
unit,ADVANCE_MAP_MAKING_ARNOR,ADVANCE_MAP_MAKING_ARNOR
prereq,ADVANCE_MASONRY,ADVANCE_MASONRY
unit,ADVANCE_MASONRY,ADVANCE_MASONRY
prereq,ADVANCE_MASONRY_DWARVES,ADVANCE_MASONRY_DWARVES
unit,ADVANCE_MASONRY_DWARVES,ADVANCE_MASONRY_DWARVES
prereq,ADVANCE_MASONRY_ROHAN,ADVANCE_MASONRY_ROHAN
unit,ADVANCE_MASONRY_ROHAN,ADVANCE_MASONRY_ROHAN
prereq,ADVANCE_MINING,ADVANCE_MINING
unit,ADVANCE_MINING,ADVANCE_MINING
prereq,ADVANCE_MINING_EASTERLING,ADVANCE_MINING_EASTERLING
unit,ADVANCE_MINING_EASTERLING,ADVANCE_MINING_EASTERLING
prereq,ADVANCE_MOBILE_TACTICS,ADVANCE_MOBILE_TACTICS
unit,ADVANCE_MOBILE_TACTICS,ADVANCE_MOBILE_TACTICS
prereq,ADVANCE_MOBILE_TACTICS_ELVES,ADVANCE_MOBILE_TACTICS_ELVES
unit,ADVANCE_MOBILE_TACTICS_ELVES,ADVANCE_MOBILE_TACTICS_ELVES
prereq,ADVANCE_MOBILE_TACTICS_EVIL,ADVANCE_MOBILE_TACTICS_EVIL
unit,ADVANCE_MOBILE_TACTICS_EVIL,ADVANCE_MOBILE_TACTICS_EVIL
prereq,ADVANCE_MOBILE_TACTICS_MEN,ADVANCE_MOBILE_TACTICS_MEN
unit,ADVANCE_MOBILE_TACTICS_MEN,ADVANCE_MOBILE_TACTICS_MEN
prereq,ADVANCE_MOBILE_TACTICS_ROHAN,ADVANCE_MOBILE_TACTICS_ROHAN
unit,ADVANCE_MOBILE_TACTICS_ROHAN,ADVANCE_MOBILE_TACTICS_ROHAN
prereq,ADVANCE_MONOTHEISM,ADVANCE_MONOTHEISM
unit,ADVANCE_MONOTHEISM,ADVANCE_MONOTHEISM
prereq,ADVANCE_MONOTHEISM_GONDOR,ADVANCE_MONOTHEISM_GONDOR
unit,ADVANCE_MONOTHEISM_GONDOR,ADVANCE_MONOTHEISM_GONDOR
prereq,ADVANCE_OCEAN_FARING,ADVANCE_OCEAN_FARING
unit,ADVANCE_OCEAN_FARING,ADVANCE_OCEAN_FARING
prereq,ADVANCE_OCEAN_FARING_HARADRIM,ADVANCE_OCEAN_FARING_HARADRIM
unit,ADVANCE_OCEAN_FARING_HARADRIM,ADVANCE_OCEAN_FARING_HARADRIM
prereq,ADVANCE_OLIGARCHY,ADVANCE_OLIGARCHY
unit,ADVANCE_OLIGARCHY,ADVANCE_OLIGARCHY
prereq,ADVANCE_OLIGARCHY_ANGMAR,ADVANCE_OLIGARCHY_ANGMAR
unit,ADVANCE_OLIGARCHY_ANGMAR,ADVANCE_OLIGARCHY_ANGMAR
prereq,ADVANCE_OLIGARCHY_ARNOR,ADVANCE_OLIGARCHY_ARNOR
unit,ADVANCE_OLIGARCHY_ARNOR,ADVANCE_OLIGARCHY_ARNOR
prereq,ADVANCE_OLIGARCHY_DWARVES,ADVANCE_OLIGARCHY_DWARVES
unit,ADVANCE_OLIGARCHY_DWARVES,ADVANCE_OLIGARCHY_DWARVES
prereq,ADVANCE_OLIGARCHY_EASTERLING,ADVANCE_OLIGARCHY_EASTERLING
unit,ADVANCE_OLIGARCHY_EASTERLING,ADVANCE_OLIGARCHY_EASTERLING
prereq,ADVANCE_OLIGARCHY_GONDOR,ADVANCE_OLIGARCHY_GONDOR
unit,ADVANCE_OLIGARCHY_GONDOR,ADVANCE_OLIGARCHY_GONDOR
prereq,ADVANCE_OLIGARCHY_HARADRIM,ADVANCE_OLIGARCHY_HARADRIM
unit,ADVANCE_OLIGARCHY_HARADRIM,ADVANCE_OLIGARCHY_HARADRIM
prereq,ADVANCE_OLIGARCHY_HOBBITS,ADVANCE_OLIGARCHY_HOBBITS
unit,ADVANCE_OLIGARCHY_HOBBITS,ADVANCE_OLIGARCHY_HOBBITS
prereq,ADVANCE_OLIGARCHY_ROHAN,ADVANCE_OLIGARCHY_ROHAN
unit,ADVANCE_OLIGARCHY_ROHAN,ADVANCE_OLIGARCHY_ROHAN
prereq,ADVANCE_ONE_RING,ADVANCE_ONE_RING
unit,ADVANCE_ONE_RING,ADVANCE_ONE_RING
prereq,ADVANCE_ONE_RING2,ADVANCE_ONE_RING2
unit,ADVANCE_ONE_RING2,ADVANCE_ONE_RING2
prereq,ADVANCE_PHILOSOPHY,ADVANCE_PHILOSOPHY
unit,ADVANCE_PHILOSOPHY,ADVANCE_PHILOSOPHY
prereq,ADVANCE_PHILOSOPHY_ANGMAR,ADVANCE_PHILOSOPHY_ANGMAR
unit,ADVANCE_PHILOSOPHY_ANGMAR,ADVANCE_PHILOSOPHY_ANGMAR
prereq,ADVANCE_PHILOSOPHY_ARNOR,ADVANCE_PHILOSOPHY_ARNOR
unit,ADVANCE_PHILOSOPHY_ARNOR,ADVANCE_PHILOSOPHY_ARNOR
prereq,ADVANCE_PHILOSOPHY_GOOD,ADVANCE_PHILOSOPHY_GOOD
unit,ADVANCE_PHILOSOPHY_GOOD,ADVANCE_PHILOSOPHY_GOOD
prereq,ADVANCE_PLUMBING,ADVANCE_PLUMBING
unit,ADVANCE_PLUMBING,ADVANCE_PLUMBING
prereq,ADVANCE_PLUMBING_GOOD,ADVANCE_PLUMBING_GOOD
unit,ADVANCE_PLUMBING_GOOD,ADVANCE_PLUMBING_GOOD
prereq,ADVANCE_PLUMBING_EVIL,ADVANCE_PLUMBING_EVIL
unit,ADVANCE_PLUMBING_EVIL,ADVANCE_PLUMBING_EVIL
prereq,ADVANCE_POTTERY,ADVANCE_POTTERY
unit,ADVANCE_POTTERY,ADVANCE_POTTERY
prereq,ADVANCE_PROJECTILE_WEAPONS,ADVANCE_PROJECTILE_WEAPONS
unit,ADVANCE_PROJECTILE_WEAPONS,ADVANCE_PROJECTILE_WEAPONS
prereq,ADVANCE_PROJECTILE_WEAPONS_ELVES,ADVANCE_PROJECTILE_WEAPONS_ELVES
unit,ADVANCE_PROJECTILE_WEAPONS_ELVES,ADVANCE_PROJECTILE_WEAPONS_ELVES
prereq,ADVANCE_PROJECTILE_WEAPONS_ORCS,ADVANCE_PROJECTILE_WEAPONS_ORCS
unit,ADVANCE_PROJECTILE_WEAPONS_ORCS,ADVANCE_PROJECTILE_WEAPONS_ORCS
prereq,ADVANCE_PROPULSION,ADVANCE_PROPULSION
unit,ADVANCE_PROPULSION,ADVANCE_PROPULSION
prereq,ADVANCE_RELIGION,ADVANCE_RELIGION
unit,ADVANCE_RELIGION,ADVANCE_RELIGION
prereq,ADVANCE_RELIGION_MORDOR,ADVANCE_RELIGION_MORDOR
unit,ADVANCE_RELIGION_MORDOR,ADVANCE_RELIGION_MORDOR
prereq,ADVANCE_RELIGION_SINDAR,ADVANCE_RELIGION_SINDAR
unit,ADVANCE_RELIGION_SINDAR,ADVANCE_RELIGION_SINDAR
prereq,ADVANCE_REPUBLIC,ADVANCE_REPUBLIC
unit,ADVANCE_REPUBLIC,ADVANCE_REPUBLIC
prereq,ADVANCE_REPUBLIC_DWARVES,ADVANCE_REPUBLIC_DWARVES
unit,ADVANCE_REPUBLIC_DWARVES,ADVANCE_REPUBLIC_DWARVES
prereq,ADVANCE_REPUBLIC_GONDOR,ADVANCE_REPUBLIC_GONDOR
unit,ADVANCE_REPUBLIC_GONDOR,ADVANCE_REPUBLIC_GONDOR
prereq,ADVANCE_REPUBLIC_HOBBITS,ADVANCE_REPUBLIC_HOBBITS
unit,ADVANCE_REPUBLIC_HOBBITS,ADVANCE_REPUBLIC_HOBBITS
prereq,ADVANCE_REPUBLIC_MORDOR,ADVANCE_REPUBLIC_MORDOR
unit,ADVANCE_REPUBLIC_MORDOR,ADVANCE_REPUBLIC_MORDOR
prereq,ADVANCE_REPUBLIC_ROHAN,ADVANCE_REPUBLIC_ROHAN
unit,ADVANCE_REPUBLIC_ROHAN,ADVANCE_REPUBLIC_ROHAN
prereq,ADVANCE_SAILS,ADVANCE_SAILS
unit,ADVANCE_SAILS,ADVANCE_SAILS
prereq,ADVANCE_SAILS_HARADRIM,ADVANCE_SAILS_HARADRIM
unit,ADVANCE_SAILS_HARADRIM,ADVANCE_SAILS_HARADRIM
prereq,ADVANCE_SHIP_BUILDING,ADVANCE_SHIP_BUILDING
unit,ADVANCE_SHIP_BUILDING,ADVANCE_SHIP_BUILDING
prereq,ADVANCE_SIEGE_WEAPONS,ADVANCE_SIEGE_WEAPONS
unit,ADVANCE_SIEGE_WEAPONS,ADVANCE_SIEGE_WEAPONS
prereq,ADVANCE_SIEGE_WEAPONS_ELVES,ADVANCE_SIEGE_WEAPONS_ELVES
unit,ADVANCE_SIEGE_WEAPONS_ELVES,ADVANCE_SIEGE_WEAPONS_ELVES
prereq,ADVANCE_SIEGE_WEAPONS_MORDOR,ADVANCE_SIEGE_WEAPONS_MORDOR
unit,ADVANCE_SIEGE_WEAPONS_MORDOR,ADVANCE_SIEGE_WEAPONS_MORDOR
prereq,ADVANCE_SLAVE_LABOR,ADVANCE_SLAVE_LABOR
unit,ADVANCE_SLAVE_LABOR,ADVANCE_SLAVE_LABOR
prereq,ADVANCE_SLAVE_LABOR_EVIL,ADVANCE_SLAVE_LABOR_EVIL
unit,ADVANCE_SLAVE_LABOR_EVIL,ADVANCE_SLAVE_LABOR_EVIL
prereq,ADVANCE_SLAVE_LABOR_HARADRIM,ADVANCE_SLAVE_LABOR_HARADRIM
unit,ADVANCE_SLAVE_LABOR_HARADRIM,ADVANCE_SLAVE_LABOR_HARADRIM
prereq,ADVANCE_STIRRUP,ADVANCE_STIRRUP
unit,ADVANCE_STIRRUP,ADVANCE_STIRRUP
prereq,ADVANCE_STIRRUP_GONDOR,ADVANCE_STIRRUP_GONDOR
unit,ADVANCE_STIRRUP_GONDOR,ADVANCE_STIRRUP_GONDOR
prereq,ADVANCE_STIRRUP_HARADRIM,ADVANCE_STIRRUP_HARADRIM
unit,ADVANCE_STIRRUP_HARADRIM,ADVANCE_STIRRUP_HARADRIM
prereq,ADVANCE_STIRRUP_MEN,ADVANCE_STIRRUP_MEN
unit,ADVANCE_STIRRUP_MEN,ADVANCE_STIRRUP_MEN
prereq,ADVANCE_STIRRUP_MORDOR,ADVANCE_STIRRUP_MORDOR
unit,ADVANCE_STIRRUP_MORDOR,ADVANCE_STIRRUP_MORDOR
prereq,ADVANCE_STIRRUP_ORCS,ADVANCE_STIRRUP_ORCS
unit,ADVANCE_STIRRUP_ORCS,ADVANCE_STIRRUP_ORCS
prereq,ADVANCE_STIRRUP_ROHAN,ADVANCE_STIRRUP_ROHAN
unit,ADVANCE_STIRRUP_ROHAN,ADVANCE_STIRRUP_ROHAN
prereq,ADVANCE_STONE_WORKING,ADVANCE_STONE_WORKING
unit,ADVANCE_STONE_WORKING,ADVANCE_STONE_WORKING
prereq,ADVANCE_STONE_WORKING_DWARVES,ADVANCE_STONE_WORKING_DWARVES
unit,ADVANCE_STONE_WORKING_DWARVES,ADVANCE_STONE_WORKING_DWARVES
prereq,ADVANCE_TOOLMAKING,ADVANCE_TOOLMAKING
unit,ADVANCE_TOOLMAKING,ADVANCE_TOOLMAKING
prereq,ADVANCE_TOOLMAKING_ORCS,ADVANCE_TOOLMAKING_ORCS
unit,ADVANCE_TOOLMAKING_ORCS,ADVANCE_TOOLMAKING_ORCS
prereq,ADVANCE_TRADE,ADVANCE_TRADE
unit,ADVANCE_TRADE,ADVANCE_TRADE
prereq,ADVANCE_TRADE_HOBBITS,ADVANCE_TRADE_HOBBITS
unit,ADVANCE_TRADE_HOBBITS,ADVANCE_TRADE_HOBBITS
prereq,ADVANCE_TRIBUNAL_EMPIRE,ADVANCE_TRIBUNAL_EMPIRE
unit,ADVANCE_TRIBUNAL_EMPIRE,ADVANCE_TRIBUNAL_EMPIRE
prereq,ADVANCE_TRIBUNAL_EMPIRE_ARNOR,ADVANCE_TRIBUNAL_EMPIRE_ARNOR
unit,ADVANCE_TRIBUNAL_EMPIRE_ARNOR,ADVANCE_TRIBUNAL_EMPIRE_ARNOR
prereq,ADVANCE_TRIBUNAL_EMPIRE_EASTERLING,ADVANCE_TRIBUNAL_EMPIRE_EASTERLING
unit,ADVANCE_TRIBUNAL_EMPIRE_EASTERLING,ADVANCE_TRIBUNAL_EMPIRE_EASTERLING
prereq,ADVANCE_TRIBUNAL_EMPIRE_GONDOR,ADVANCE_TRIBUNAL_EMPIRE_GONDOR
unit,ADVANCE_TRIBUNAL_EMPIRE_GONDOR,ADVANCE_TRIBUNAL_EMPIRE_GONDOR
prereq,ADVANCE_TRIBUNAL_EMPIRE_HOBBITS,ADVANCE_TRIBUNAL_EMPIRE_HOBBITS
unit,ADVANCE_TRIBUNAL_EMPIRE_HOBBITS,ADVANCE_TRIBUNAL_EMPIRE_HOBBITS
prereq,ADVANCE_TRIBUNAL_EMPIRE_ISENGARD,ADVANCE_TRIBUNAL_EMPIRE_ISENGARD
unit,ADVANCE_TRIBUNAL_EMPIRE_ISENGARD,ADVANCE_TRIBUNAL_EMPIRE_ISENGARD
prereq,ADVANCE_TRIBUNAL_EMPIRE_ORCS,ADVANCE_TRIBUNAL_EMPIRE_ORCS
unit,ADVANCE_TRIBUNAL_EMPIRE_ORCS,ADVANCE_TRIBUNAL_EMPIRE_ORCS
prereq,ADVANCE_TRIBUNAL_EMPIRE_ROHAN,ADVANCE_TRIBUNAL_EMPIRE_ROHAN
unit,ADVANCE_TRIBUNAL_EMPIRE_ROHAN,ADVANCE_TRIBUNAL_EMPIRE_ROHAN
prereq,ADVANCE_TRIBUNAL_EMPIRE_SINDAR,ADVANCE_TRIBUNAL_EMPIRE_SINDAR
unit,ADVANCE_TRIBUNAL_EMPIRE_SINDAR,ADVANCE_TRIBUNAL_EMPIRE_SINDAR
prereq,ADVANCE_WATER_LIFTS,ADVANCE_WATER_LIFTS
unit,ADVANCE_WATER_LIFTS,ADVANCE_WATER_LIFTS
prereq,ADVANCE_WATER_LIFTS_EASTERLING,ADVANCE_WATER_LIFTS_EASTERLING
unit,ADVANCE_WATER_LIFTS_EASTERLING,ADVANCE_WATER_LIFTS_EASTERLING
prereq,ADVANCE_WATER_LIFTS_GONDOR,ADVANCE_WATER_LIFTS_GONDOR
unit,ADVANCE_WATER_LIFTS_GONDOR,ADVANCE_WATER_LIFTS_GONDOR
prereq,ADVANCE_WATER_LIFTS_GOOD,ADVANCE_WATER_LIFTS_GOOD
unit,ADVANCE_WATER_LIFTS_GOOD,ADVANCE_WATER_LIFTS_GOOD
prereq,ADVANCE_WATER_LIFTS_HOBBITS,ADVANCE_WATER_LIFTS_HOBBITS
unit,ADVANCE_WATER_LIFTS_HOBBITS,ADVANCE_WATER_LIFTS_HOBBITS
prereq,ADVANCE_WHEEL,ADVANCE_WHEEL
unit,ADVANCE_WHEEL,ADVANCE_WHEEL
prereq,ADVANCE_WRITING,ADVANCE_WRITING
unit,ADVANCE_WRITING,ADVANCE_WRITING
prereq,ADVANCE_WRITING_ARNOR,ADVANCE_WRITING_ARNOR
unit,ADVANCE_WRITING_ARNOR,ADVANCE_WRITING_ARNOR
prereq,ADVANCE_WRITING_GONDOR,ADVANCE_WRITING_GONDOR
unit,ADVANCE_WRITING_GONDOR,ADVANCE_WRITING_GONDOR
prereq,ADVANCE_HEXTAPUL,ADVANCE_HEXTAPUL
unit,ADVANCE_HEXTAPUL,ADVANCE_HEXTAPUL
prereq,ADVANCE_ADV_INFANTRY_TACTICS,ADVANCE_ADV_INFANTRY_TACTICS
unit,ADVANCE_ADV_INFANTRY_TACTICS,ADVANCE_ADV_INFANTRY_TACTICS
prereq,ADVANCE_ADV_NAVAL_TACTICS,ADVANCE_ADV_NAVAL_TACTICS
unit,ADVANCE_ADV_NAVAL_TACTICS,ADVANCE_ADV_NAVAL_TACTICS
prereq,ADVANCE_ADV_URBAN_PLANNING,ADVANCE_ADV_URBAN_PLANNING
unit,ADVANCE_ADV_URBAN_PLANNING,ADVANCE_ADV_URBAN_PLANNING
prereq,ADVANCE_ADVANCED_COMPOSITES,ADVANCE_ADVANCED_COMPOSITES
unit,ADVANCE_ADVANCED_COMPOSITES,ADVANCE_ADVANCED_COMPOSITES
prereq,ADVANCE_AERODYNAMICS,ADVANCE_AERODYNAMICS
unit,ADVANCE_AERODYNAMICS,ADVANCE_AERODYNAMICS
prereq,ADVANCE_AGE_OF_REASON,ADVANCE_AGE_OF_REASON
unit,ADVANCE_AGE_OF_REASON,ADVANCE_AGE_OF_REASON
prereq,ADVANCE_AGRICULTURAL_REVOLUTION,ADVANCE_AGRICULTURAL_REVOLUTION
unit,ADVANCE_AGRICULTURAL_REVOLUTION,ADVANCE_AGRICULTURAL_REVOLUTION
prereq,ADVANCE_AI_SURVEILLANCE,ADVANCE_AI_SURVEILLANCE
unit,ADVANCE_AI_SURVEILLANCE,ADVANCE_AI_SURVEILLANCE
prereq,ADVANCE_ARCOLOGIES,ADVANCE_ARCOLOGIES
unit,ADVANCE_ARCOLOGIES,ADVANCE_ARCOLOGIES
prereq,ADVANCE_ASTROLABE,ADVANCE_ASTROLABE
unit,ADVANCE_ASTROLABE,ADVANCE_ASTROLABE
prereq,ADVANCE_BANKING,ADVANCE_BANKING
unit,ADVANCE_BANKING,ADVANCE_BANKING
prereq,ADVANCE_CALIPHATE,ADVANCE_CALIPHATE
unit,ADVANCE_CALIPHATE,ADVANCE_CALIPHATE
prereq,ADVANCE_CANNON_MAKING,ADVANCE_CANNON_MAKING
unit,ADVANCE_CANNON_MAKING,ADVANCE_CANNON_MAKING
prereq,ADVANCE_CAVALRY_TACTICS,ADVANCE_CAVALRY_TACTICS
unit,ADVANCE_CAVALRY_TACTICS,ADVANCE_CAVALRY_TACTICS
prereq,ADVANCE_CHAOS_THEORY,ADVANCE_CHAOS_THEORY
unit,ADVANCE_CHAOS_THEORY,ADVANCE_CHAOS_THEORY
prereq,ADVANCE_CHEMISTRY,ADVANCE_CHEMISTRY
unit,ADVANCE_CHEMISTRY,ADVANCE_CHEMISTRY
prereq,ADVANCE_CHIVALRY,ADVANCE_CHIVALRY
unit,ADVANCE_CHIVALRY,ADVANCE_CHIVALRY
prereq,ADVANCE_CHRONOMETER,ADVANCE_CHRONOMETER
unit,ADVANCE_CHRONOMETER,ADVANCE_CHRONOMETER
prereq,ADVANCE_CLASSICAL_EDUCATION,ADVANCE_CLASSICAL_EDUCATION
unit,ADVANCE_CLASSICAL_EDUCATION,ADVANCE_CLASSICAL_EDUCATION
prereq,ADVANCE_COMMUNISM,ADVANCE_COMMUNISM
unit,ADVANCE_COMMUNISM,ADVANCE_COMMUNISM
prereq,ADVANCE_COMPASS,ADVANCE_COMPASS
unit,ADVANCE_COMPASS,ADVANCE_COMPASS
prereq,ADVANCE_COMPUTER,ADVANCE_COMPUTER
unit,ADVANCE_COMPUTER,ADVANCE_COMPUTER
prereq,ADVANCE_CONSERVATION,ADVANCE_CONSERVATION
unit,ADVANCE_CONSERVATION,ADVANCE_CONSERVATION
prereq,ADVANCE_CORPORATE_REPUBLIC,ADVANCE_CORPORATE_REPUBLIC
unit,ADVANCE_CORPORATE_REPUBLIC,ADVANCE_CORPORATE_REPUBLIC
prereq,ADVANCE_CORPORATION,ADVANCE_CORPORATION
unit,ADVANCE_CORPORATION,ADVANCE_CORPORATION
prereq,ADVANCE_CRIMINAL_CODE,ADVANCE_CRIMINAL_CODE
unit,ADVANCE_CRIMINAL_CODE,ADVANCE_CRIMINAL_CODE
prereq,ADVANCE_CROSSBOW,ADVANCE_CROSSBOW
unit,ADVANCE_CROSSBOW,ADVANCE_CROSSBOW
prereq,ADVANCE_DEMOCRACY,ADVANCE_DEMOCRACY
unit,ADVANCE_DEMOCRACY,ADVANCE_DEMOCRACY
prereq,ADVANCE_DIGITAL_ENCRYPTION,ADVANCE_DIGITAL_ENCRYPTION
unit,ADVANCE_DIGITAL_ENCRYPTION,ADVANCE_DIGITAL_ENCRYPTION
prereq,ADVANCE_ECONOMICS,ADVANCE_ECONOMICS
unit,ADVANCE_ECONOMICS,ADVANCE_ECONOMICS
prereq,ADVANCE_ECOTOPIA,ADVANCE_ECOTOPIA
unit,ADVANCE_ECOTOPIA,ADVANCE_ECOTOPIA
prereq,ADVANCE_ELECTRICITY,ADVANCE_ELECTRICITY
unit,ADVANCE_ELECTRICITY,ADVANCE_ELECTRICITY
prereq,ADVANCE_EUGENICS,ADVANCE_EUGENICS
unit,ADVANCE_EUGENICS,ADVANCE_EUGENICS
prereq,ADVANCE_EXPLOSIVES,ADVANCE_EXPLOSIVES
unit,ADVANCE_EXPLOSIVES,ADVANCE_EXPLOSIVES
prereq,ADVANCE_FASCISM,ADVANCE_FASCISM
unit,ADVANCE_FASCISM,ADVANCE_FASCISM
prereq,ADVANCE_FEUDALISM,ADVANCE_FEUDALISM
unit,ADVANCE_FEUDALISM,ADVANCE_FEUDALISM
prereq,ADVANCE_FLINTLOCK,ADVANCE_FLINTLOCK
unit,ADVANCE_FLINTLOCK,ADVANCE_FLINTLOCK
prereq,ADVANCE_FUEL_CELLS,ADVANCE_FUEL_CELLS
unit,ADVANCE_FUEL_CELLS,ADVANCE_FUEL_CELLS
prereq,ADVANCE_FUSION,ADVANCE_FUSION
unit,ADVANCE_FUSION,ADVANCE_FUSION
prereq,ADVANCE_GAIA_CONTROLLER,ADVANCE_GAIA_CONTROLLER
unit,ADVANCE_GAIA_CONTROLLER,ADVANCE_GAIA_CONTROLLER
prereq,ADVANCE_GAIA_THEORY,ADVANCE_GAIA_THEORY
unit,ADVANCE_GAIA_THEORY,ADVANCE_GAIA_THEORY
prereq,ADVANCE_GENETIC_TAILORING,ADVANCE_GENETIC_TAILORING
unit,ADVANCE_GENETIC_TAILORING,ADVANCE_GENETIC_TAILORING
prereq,ADVANCE_GENETICS,ADVANCE_GENETICS
unit,ADVANCE_GENETICS,ADVANCE_GENETICS
prereq,ADVANCE_GLOBAL_COMMUNICATIONS,ADVANCE_GLOBAL_COMMUNICATIONS
unit,ADVANCE_GLOBAL_COMMUNICATIONS,ADVANCE_GLOBAL_COMMUNICATIONS
prereq,ADVANCE_GLOBAL_DEFENSE,ADVANCE_GLOBAL_DEFENSE
unit,ADVANCE_GLOBAL_DEFENSE,ADVANCE_GLOBAL_DEFENSE
prereq,ADVANCE_GLOBAL_ECONOMICS,ADVANCE_GLOBAL_ECONOMICS
unit,ADVANCE_GLOBAL_ECONOMICS,ADVANCE_GLOBAL_ECONOMICS
prereq,ADVANCE_GOTHIC_ARCHITECTURE,ADVANCE_GOTHIC_ARCHITECTURE
unit,ADVANCE_GOTHIC_ARCHITECTURE,ADVANCE_GOTHIC_ARCHITECTURE
prereq,ADVANCE_GREEK_FIRE,ADVANCE_GREEK_FIRE
unit,ADVANCE_GREEK_FIRE,ADVANCE_GREEK_FIRE
prereq,ADVANCE_GUIDED_WEAPON_SYSTEMS,ADVANCE_GUIDED_WEAPON_SYSTEMS
unit,ADVANCE_GUIDED_WEAPON_SYSTEMS,ADVANCE_GUIDED_WEAPON_SYSTEMS
prereq,ADVANCE_GUNPOWDER,ADVANCE_GUNPOWDER
unit,ADVANCE_GUNPOWDER,ADVANCE_GUNPOWDER
prereq,ADVANCE_HT_SUPERCONDUCTOR,ADVANCE_HT_SUPERCONDUCTOR
unit,ADVANCE_HT_SUPERCONDUCTOR,ADVANCE_HT_SUPERCONDUCTOR
prereq,ADVANCE_HUMAN_CLONING,ADVANCE_HUMAN_CLONING
unit,ADVANCE_HUMAN_CLONING,ADVANCE_HUMAN_CLONING
prereq,ADVANCE_INDUSTRIAL_REVOLUTION,ADVANCE_INDUSTRIAL_REVOLUTION
unit,ADVANCE_INDUSTRIAL_REVOLUTION,ADVANCE_INDUSTRIAL_REVOLUTION
prereq,ADVANCE_INTERNAL_COMBUSTION,ADVANCE_INTERNAL_COMBUSTION
unit,ADVANCE_INTERNAL_COMBUSTION,ADVANCE_INTERNAL_COMBUSTION
prereq,ADVANCE_ISLAM,ADVANCE_ISLAM
unit,ADVANCE_ISLAM,ADVANCE_ISLAM
prereq,ADVANCE_JET_PROPULSION,ADVANCE_JET_PROPULSION
unit,ADVANCE_JET_PROPULSION,ADVANCE_JET_PROPULSION
prereq,ADVANCE_LIFE_EXTENSION,ADVANCE_LIFE_EXTENSION
unit,ADVANCE_LIFE_EXTENSION,ADVANCE_LIFE_EXTENSION
prereq,ADVANCE_LIQUID_BREATHING_APPARATUS,ADVANCE_LIQUID_BREATHING_APPARATUS
unit,ADVANCE_LIQUID_BREATHING_APPARATUS,ADVANCE_LIQUID_BREATHING_APPARATUS
prereq,ADVANCE_MACHINE_TOOLS,ADVANCE_MACHINE_TOOLS
unit,ADVANCE_MACHINE_TOOLS,ADVANCE_MACHINE_TOOLS
prereq,ADVANCE_MASS_MEDIA,ADVANCE_MASS_MEDIA
unit,ADVANCE_MASS_MEDIA,ADVANCE_MASS_MEDIA
prereq,ADVANCE_MASS_PRODUCTION,ADVANCE_MASS_PRODUCTION
unit,ADVANCE_MASS_PRODUCTION,ADVANCE_MASS_PRODUCTION
prereq,ADVANCE_MASS_TRANSIT,ADVANCE_MASS_TRANSIT
unit,ADVANCE_MASS_TRANSIT,ADVANCE_MASS_TRANSIT
prereq,ADVANCE_MECHANICAL_CLOCK,ADVANCE_MECHANICAL_CLOCK
unit,ADVANCE_MECHANICAL_CLOCK,ADVANCE_MECHANICAL_CLOCK
prereq,ADVANCE_MEDICINE,ADVANCE_MEDICINE
unit,ADVANCE_MEDICINE,ADVANCE_MEDICINE
prereq,ADVANCE_MILLS,ADVANCE_MILLS
unit,ADVANCE_MILLS,ADVANCE_MILLS
prereq,ADVANCE_MODERN_METALLURGY,ADVANCE_MODERN_METALLURGY
unit,ADVANCE_MODERN_METALLURGY,ADVANCE_MODERN_METALLURGY
prereq,ADVANCE_MONARCHY,ADVANCE_MONARCHY
unit,ADVANCE_MONARCHY,ADVANCE_MONARCHY
prereq,ADVANCE_NANO_ASSEMBLY,ADVANCE_NANO_ASSEMBLY
unit,ADVANCE_NANO_ASSEMBLY,ADVANCE_NANO_ASSEMBLY
prereq,ADVANCE_NANO_MACHINES,ADVANCE_NANO_MACHINES
unit,ADVANCE_NANO_MACHINES,ADVANCE_NANO_MACHINES
prereq,ADVANCE_NANO_WARFARE,ADVANCE_NANO_WARFARE
unit,ADVANCE_NANO_WARFARE,ADVANCE_NANO_WARFARE
prereq,ADVANCE_NATIONALISM,ADVANCE_NATIONALISM
unit,ADVANCE_NATIONALISM,ADVANCE_NATIONALISM
prereq,ADVANCE_NAVAL_AVIATION,ADVANCE_NAVAL_AVIATION
unit,ADVANCE_NAVAL_AVIATION,ADVANCE_NAVAL_AVIATION
prereq,ADVANCE_NAVAL_TACTICS,ADVANCE_NAVAL_TACTICS
unit,ADVANCE_NAVAL_TACTICS,ADVANCE_NAVAL_TACTICS
prereq,ADVANCE_NEURAL_INTERFACE,ADVANCE_NEURAL_INTERFACE
unit,ADVANCE_NEURAL_INTERFACE,ADVANCE_NEURAL_INTERFACE
prereq,ADVANCE_NEURAL_REPROGRAMMING,ADVANCE_NEURAL_REPROGRAMMING
unit,ADVANCE_NEURAL_REPROGRAMMING,ADVANCE_NEURAL_REPROGRAMMING
prereq,ADVANCE_NUCLEAR_POWER,ADVANCE_NUCLEAR_POWER
unit,ADVANCE_NUCLEAR_POWER,ADVANCE_NUCLEAR_POWER
prereq,ADVANCE_OIL_REFINING,ADVANCE_OIL_REFINING
unit,ADVANCE_OIL_REFINING,ADVANCE_OIL_REFINING
prereq,ADVANCE_OPTICS,ADVANCE_OPTICS
unit,ADVANCE_OPTICS,ADVANCE_OPTICS
prereq,ADVANCE_PERSPECTIVE,ADVANCE_PERSPECTIVE
unit,ADVANCE_PERSPECTIVE,ADVANCE_PERSPECTIVE
prereq,ADVANCE_PHARMACEUTICALS,ADVANCE_PHARMACEUTICALS
unit,ADVANCE_PHARMACEUTICALS,ADVANCE_PHARMACEUTICALS
prereq,ADVANCE_PHYSICS,ADVANCE_PHYSICS
unit,ADVANCE_PHYSICS,ADVANCE_PHYSICS
prereq,ADVANCE_PLASMA_WEAPONRY,ADVANCE_PLASMA_WEAPONRY
unit,ADVANCE_PLASMA_WEAPONRY,ADVANCE_PLASMA_WEAPONRY
prereq,ADVANCE_PRINTING_PRESS,ADVANCE_PRINTING_PRESS
unit,ADVANCE_PRINTING_PRESS,ADVANCE_PRINTING_PRESS
prereq,ADVANCE_QUANTUM_MECHANICS,ADVANCE_QUANTUM_MECHANICS
unit,ADVANCE_QUANTUM_MECHANICS,ADVANCE_QUANTUM_MECHANICS
prereq,ADVANCE_RAILROAD,ADVANCE_RAILROAD
unit,ADVANCE_RAILROAD,ADVANCE_RAILROAD
prereq,ADVANCE_RENAISSANCE,ADVANCE_RENAISSANCE
unit,ADVANCE_RENAISSANCE,ADVANCE_RENAISSANCE
prereq,ADVANCE_ROBOTICS,ADVANCE_ROBOTICS
unit,ADVANCE_ROBOTICS,ADVANCE_ROBOTICS
prereq,ADVANCE_SMART_MATERIALS,ADVANCE_SMART_MATERIALS
unit,ADVANCE_SMART_MATERIALS,ADVANCE_SMART_MATERIALS
prereq,ADVANCE_SPACE_FLIGHT,ADVANCE_SPACE_FLIGHT
unit,ADVANCE_SPACE_FLIGHT,ADVANCE_SPACE_FLIGHT
prereq,ADVANCE_SUBNEURAL_ADS,ADVANCE_SUBNEURAL_ADS
unit,ADVANCE_SUBNEURAL_ADS,ADVANCE_SUBNEURAL_ADS
prereq,ADVANCE_SUPERSONIC_FLIGHT,ADVANCE_SUPERSONIC_FLIGHT
unit,ADVANCE_SUPERSONIC_FLIGHT,ADVANCE_SUPERSONIC_FLIGHT
prereq,ADVANCE_TANK_WARFARE,ADVANCE_TANK_WARFARE
unit,ADVANCE_TANK_WARFARE,ADVANCE_TANK_WARFARE
prereq,ADVANCE_TECHNOCRACY,ADVANCE_TECHNOCRACY
unit,ADVANCE_TECHNOCRACY,ADVANCE_TECHNOCRACY
prereq,ADVANCE_THEOLOGY,ADVANCE_THEOLOGY
unit,ADVANCE_THEOLOGY,ADVANCE_THEOLOGY
prereq,ADVANCE_TRADE_GUILDS,ADVANCE_TRADE_GUILDS
unit,ADVANCE_TRADE_GUILDS,ADVANCE_TRADE_GUILDS
prereq,ADVANCE_ULTRAPRESSURE_MACHINERY,ADVANCE_ULTRAPRESSURE_MACHINERY
unit,ADVANCE_ULTRAPRESSURE_MACHINERY,ADVANCE_ULTRAPRESSURE_MACHINERY
prereq,ADVANCE_UNIFIED_PHYSICS,ADVANCE_UNIFIED_PHYSICS
unit,ADVANCE_UNIFIED_PHYSICS,ADVANCE_UNIFIED_PHYSICS
prereq,ADVANCE_VERTICAL_FLIGHT_AIRCRAFT,ADVANCE_VERTICAL_FLIGHT_AIRCRAFT
unit,ADVANCE_VERTICAL_FLIGHT_AIRCRAFT,ADVANCE_VERTICAL_FLIGHT_AIRCRAFT
prereq,ADVANCE_VERNACULAR_PROSE,ADVANCE_VERNACULAR_PROSE
unit,ADVANCE_VERNACULAR_PROSE,ADVANCE_VERNACULAR_PROSE
prereq,ADVANCE_VIRTUAL_DEMOCRACY,ADVANCE_VIRTUAL_DEMOCRACY
unit,ADVANCE_VIRTUAL_DEMOCRACY,ADVANCE_VIRTUAL_DEMOCRACY
