dimension,name,kept_source,dropped_source,dropped_code
advances.csv,Writing,base,midgard,Alp
advances.csv,Astrology,base,midgard,Ast
advances.csv,Banking,base,midgard,Ban
advances.csv,Bridge Building,base,midgard,Bri
advances.csv,Bronze Working,base,midgard,Bro
advances.csv,Ceremonial Burial,base,midgard,Cer
advances.csv,Alchemy,base,midgard,Che 10
advances.csv,Chivalry,base,midgard,Chi
advances.csv,Construction,base,midgard,Cst
advances.csv,Nature Lore,base,midgard,Env
advances.csv,Iron Working,base,midgard,Iro
advances.csv,Map Making,base,midgard,Map
advances.csv,Masonry,base,midgard,Mas
advances.csv,Mathematics,base,midgard,Mat
advances.csv,Monarchy,base,midgard,Mon
advances.csv,Mysticism,base,midgard,Mys
advances.csv,Navigation,base,midgard,Nav
advances.csv,Pottery,base,midgard,Pot
advances.csv,The Republic,base,midgard,Rep
advances.csv,Sanitation,base,midgard,San
advances.csv,Seafaring,base,midgard,Sea
advances.csv,Trade,base,midgard,Tra
advances.csv,Warrior Code,base,midgard,War
advances.csv,Alphabet,base,midgard,Wri
advances.csv,Sea Lore,base,midgard,X2
advances.csv,Alphabet,base,crusades,Alp
advances.csv,Banking,base,crusades,Ban
advances.csv,Bridge Building,base,crusades,Bri
advances.csv,Bronze Working,base,crusades,Bro
advances.csv,Ceremonial Burial,base,crusades,Cer
advances.csv,Code of Laws,base,crusades,CoL
advances.csv,Construction,base,crusades,Cst
advances.csv,Currency,base,crusades,Cur
advances.csv,Feudalism,base,crusades,Feu
advances.csv,Horseback Riding,midgard,crusades,Hor
advances.csv,Iron Working,base,crusades,Iro
advances.csv,Literacy,base,crusades,Lit
advances.csv,Map Making,base,crusades,Map
advances.csv,Masonry,base,crusades,Mas
advances.csv,Mathematics,base,crusades,Mat
advances.csv,Medicine,midgard,crusades,Med
advances.csv,Metallurgy,midgard,crusades,Met
advances.csv,Monarchy,base,crusades,Mon
advances.csv,Mysticism,base,crusades,Mys
advances.csv,Navigation,base,crusades,Nav
advances.csv,Philosophy,base,crusades,Phi
advances.csv,Polytheism,midgard,crusades,PT
advances.csv,Pottery,base,crusades,Pot
advances.csv,The Republic,base,crusades,Rep
advances.csv,Seafaring,base,crusades,Sea
advances.csv,Space Flight,midgard,crusades,SFl
advances.csv,Tactics,base,crusades,Tac
advances.csv,Theology,base,crusades,The
advances.csv,Trade,base,crusades,Tra
advances.csv,University,base,crusades,Uni
advances.csv,Warrior Code,base,crusades,War
advances.csv,The Wheel,midgard,crusades,Whe
advances.csv,Writing,base,crusades,Wri
advances.csv,Future Technology,base,crusades,...
advances.csv,Banking,base,cradle,ADVANCE_BANKING
advances.csv,Bronze Working,base,cradle,ADVANCE_BRONZE_WORKING
advances.csv,Ceremonial Burial,base,cradle,ADVANCE_CEREMONIAL_BURIAL
advances.csv,Chivalry,base,cradle,ADVANCE_CHIVALRY
advances.csv,Combined Arms,crusades,cradle,ADVANCE_COMBINED_ARMS
advances.csv,Communism,crusades,cradle,ADVANCE_COMMUNISM
advances.csv,Currency,base,cradle,ADVANCE_CURRENCY
advances.csv,Electricity,crusades,cradle,ADVANCE_ELECTRICITY
advances.csv,Explosives,crusades,cradle,ADVANCE_EXPLOSIVES
advances.csv,Feudalism,base,cradle,ADVANCE_FEUDALISM
advances.csv,Superconductor,crusades,cradle,ADVANCE_HT_SUPERCONDUCTOR
advances.csv,Iron Working,base,cradle,ADVANCE_IRON_WORKING
advances.csv,Machine Tools,crusades,cradle,ADVANCE_MACHINE_TOOLS
advances.csv,Map Making,base,cradle,ADVANCE_MAP_MAKING
advances.csv,Masonry,base,cradle,ADVANCE_MASONRY
advances.csv,Mass Production,crusades,cradle,ADVANCE_MASS_PRODUCTION
advances.csv,Monarchy,base,cradle,ADVANCE_MONARCHY
advances.csv,Monotheism,crusades,cradle,ADVANCE_MONOTHEISM
advances.csv,Nuclear Power,crusades,cradle,ADVANCE_NUCLEAR_POWER
advances.csv,Philosophy,base,cradle,ADVANCE_PHILOSOPHY
advances.csv,Physics,crusades,cradle,ADVANCE_PHYSICS
advances.csv,Plumbing,midgard,cradle,ADVANCE_PLUMBING
advances.csv,Polytheism,midgard,cradle,ADVANCE_POLYTHEISM
advances.csv,Pottery,base,cradle,ADVANCE_POTTERY
advances.csv,Railroad,crusades,cradle,ADVANCE_RAILROAD
advances.csv,Robotics,crusades,cradle,ADVANCE_ROBOTICS
advances.csv,Space Flight,midgard,cradle,ADVANCE_SPACE_FLIGHT
advances.csv,Theology,base,cradle,ADVANCE_THEOLOGY
advances.csv,Trade,base,cradle,ADVANCE_TRADE
advances.csv,Writing,base,cradle,ADVANCE_WRITING
advances.csv,Adv. Infantry Tactics,cradle,aom,ADVANCE_ADV_INFANTRY_TACTICS
advances.csv,Adv. Naval Tactics,cradle,aom,ADVANCE_ADV_NAVAL_TACTICS
advances.csv,Adv. Urban Planning,cradle,aom,ADVANCE_ADV_URBAN_PLANNING
advances.csv,Advanced Composites,cradle,aom,ADVANCE_ADVANCED_COMPOSITES
advances.csv,Aerodynamics,cradle,aom,ADVANCE_AERODYNAMICS
advances.csv,Age of Reason,cradle,aom,ADVANCE_AGE_OF_REASON
advances.csv,Agricultural Revolution,cradle,aom,ADVANCE_AGRICULTURAL_REVOLUTION
advances.csv,Agriculture,cradle,aom,ADVANCE_AGRICULTURE
advances.csv,AI Surveillance,cradle,aom,ADVANCE_AI_SURVEILLANCE
advances.csv,Alchemy,base,aom,ADVANCE_ALCHEMY
advances.csv,Arcologies,cradle,aom,ADVANCE_ARCOLOGIES
advances.csv,Ballistics,cradle,aom,ADVANCE_BALLISTICS
advances.csv,Banking,base,aom,ADVANCE_BANKING
advances.csv,Bronze Working,base,aom,ADVANCE_BRONZE_WORKING
advances.csv,Bureaucracy,cradle,aom,ADVANCE_BUREAUCRACY
advances.csv,Cannon Making,cradle,aom,ADVANCE_CANNON_MAKING
advances.csv,Cavalry Tactics,cradle,aom,ADVANCE_CAVALRY_TACTICS
advances.csv,Chaos Theory,cradle,aom,ADVANCE_CHAOS_THEORY
advances.csv,Chemistry,cradle,aom,ADVANCE_CHEMISTRY
advances.csv,Classical Education,cradle,aom,ADVANCE_CLASSICAL_EDUCATION
advances.csv,Communism,crusades,aom,ADVANCE_COMMUNISM
advances.csv,Computer,cradle,aom,ADVANCE_COMPUTER
advances.csv,Concrete,cradle,aom,ADVANCE_CONCRETE
advances.csv,Conservation,cradle,aom,ADVANCE_CONSERVATION
advances.csv,Corporate Republic,cradle,aom,ADVANCE_CORPORATE_REPUBLIC
advances.csv,Corporation,cradle,aom,ADVANCE_CORPORATION
advances.csv,Criminal Code,cradle,aom,ADVANCE_CRIMINAL_CODE
advances.csv,Cybernetics,cradle,aom,ADVANCE_CYBERNETICS
advances.csv,Democracy,cradle,aom,ADVANCE_DEMOCRACY
advances.csv,Digital Encryption,cradle,aom,ADVANCE_DIGITAL_ENCRYPTION
advances.csv,Drama,cradle,aom,ADVANCE_DRAMA
advances.csv,Economics,cradle,aom,ADVANCE_ECONOMICS
advances.csv,Ecotopia,cradle,aom,ADVANCE_ECOTOPIA
advances.csv,Electricity,crusades,aom,ADVANCE_ELECTRICITY
advances.csv,Gene Therapy,cradle,aom,ADVANCE_EUGENICS
advances.csv,Explosives,crusades,aom,ADVANCE_EXPLOSIVES
advances.csv,Fascism,cradle,aom,ADVANCE_FASCISM
advances.csv,Feudalism,base,aom,ADVANCE_FEUDALISM
advances.csv,Fuel Cells,cradle,aom,ADVANCE_FUEL_CELLS
advances.csv,Fusion,cradle,aom,ADVANCE_FUSION
advances.csv,Gaia Controller,cradle,aom,ADVANCE_GAIA_CONTROLLER
advances.csv,Gaia Theory,cradle,aom,ADVANCE_GAIA_THEORY
advances.csv,Genetic Tailoring,cradle,aom,ADVANCE_GENETIC_TAILORING
advances.csv,Genetics,cradle,aom,ADVANCE_GENETICS
advances.csv,Geometry,cradle,aom,ADVANCE_GEOMETRY
advances.csv,Global Communications,cradle,aom,ADVANCE_GLOBAL_COMMUNICATIONS
advances.csv,Global Defense,cradle,aom,ADVANCE_GLOBAL_DEFENSE
advances.csv,Global Economics,cradle,aom,ADVANCE_GLOBAL_ECONOMICS
advances.csv,Guided Weapon Systems,cradle,aom,ADVANCE_GUIDED_WEAPON_SYSTEMS
advances.csv,Gunpowder,cradle,aom,ADVANCE_GUNPOWDER
advances.csv,Horse Riding,cradle,aom,ADVANCE_HORSE_RIDING
advances.csv,Superconductor,crusades,aom,ADVANCE_HT_SUPERCONDUCTOR
advances.csv,Hullmaking,cradle,aom,ADVANCE_HULL_MAKING
advances.csv,Human Cloning,cradle,aom,ADVANCE_HUMAN_CLONING
advances.csv,Industrial Revolution,cradle,aom,ADVANCE_INDUSTRIAL_REVOLUTION
advances.csv,Internal Combustion,cradle,aom,ADVANCE_INTERNAL_COMBUSTION
advances.csv,Iron Working,base,aom,ADVANCE_IRON_WORKING
advances.csv,Jet Propulsion,cradle,aom,ADVANCE_JET_PROPULSION
advances.csv,Jurisprudence,cradle,aom,ADVANCE_JURISPRUDENCE
advances.csv,Life Extension,cradle,aom,ADVANCE_LIFE_EXTENSION
advances.csv,Fluid Breathing,cradle,aom,ADVANCE_LIQUID_BREATHING_APPARATUS
advances.csv,Masonry,base,aom,ADVANCE_MASONRY
advances.csv,Mass Media,cradle,aom,ADVANCE_MASS_MEDIA
advances.csv,Mass Production,crusades,aom,ADVANCE_MASS_PRODUCTION
advances.csv,Mass Transit,cradle,aom,ADVANCE_MASS_TRANSIT
advances.csv,Modern Medicine,cradle,aom,ADVANCE_MEDICINE
advances.csv,Modern Metallurgy,cradle,aom,ADVANCE_MODERN_METALLURGY
advances.csv,Monarchy,base,aom,ADVANCE_MONARCHY
advances.csv,Nano-Assembly,cradle,aom,ADVANCE_NANO_ASSEMBLY
advances.csv,Nano-Machines,cradle,aom,ADVANCE_NANO_MACHINES
advances.csv,Nano-Warfare,cradle,aom,ADVANCE_NANO_WARFARE
advances.csv,Nationalism,cradle,aom,ADVANCE_NATIONALISM
advances.csv,Naval Aviation,cradle,aom,ADVANCE_NAVAL_AVIATION
advances.csv,Naval Tactics,cradle,aom,ADVANCE_NAVAL_TACTICS
advances.csv,Neural Interface,cradle,aom,ADVANCE_NEURAL_INTERFACE
advances.csv,Neural Reprogramming,cradle,aom,ADVANCE_NEURAL_REPROGRAMMING
advances.csv,Nuclear Power,crusades,aom,ADVANCE_NUCLEAR_POWER
advances.csv,Ocean Faring,cradle,aom,ADVANCE_OCEAN_FARING
advances.csv,Oil Refining,cradle,aom,ADVANCE_OIL_REFINING
advances.csv,Optics,cradle,aom,ADVANCE_OPTICS
advances.csv,Pharmaceuticals,cradle,aom,ADVANCE_PHARMACEUTICALS
advances.csv,Philosophy,base,aom,ADVANCE_PHILOSOPHY
advances.csv,Physics,crusades,aom,ADVANCE_PHYSICS
advances.csv,Plasma Weaponry,cradle,aom,ADVANCE_PLASMA_WEAPONRY
advances.csv,Printing Press,cradle,aom,ADVANCE_PRINTING_PRESS
advances.csv,Quantum Physics,cradle,aom,ADVANCE_QUANTUM_MECHANICS
advances.csv,Radar,cradle,aom,ADVANCE_RADAR
advances.csv,Railroad,crusades,aom,ADVANCE_RAILROAD
advances.csv,Religion,cradle,aom,ADVANCE_RELIGION
advances.csv,Robotics,crusades,aom,ADVANCE_ROBOTICS
advances.csv,Shipbuilding,cradle,aom,ADVANCE_SHIP_BUILDING
advances.csv,Slave Labor,cradle,aom,ADVANCE_SLAVE_LABOR
advances.csv,Smart Materials,cradle,aom,ADVANCE_SMART_MATERIALS
advances.csv,Space Flight,midgard,aom,ADVANCE_SPACE_FLIGHT
advances.csv,Stone Working,cradle,aom,ADVANCE_STONE_WORKING
advances.csv,Supersonic Flight,cradle,aom,ADVANCE_SUPERSONIC_FLIGHT
advances.csv,Tank Warfare,cradle,aom,ADVANCE_TANK_WARFARE
advances.csv,Technocracy,cradle,aom,ADVANCE_TECHNOCRACY
advances.csv,Theology,base,aom,ADVANCE_THEOLOGY
advances.csv,Toolmaking,cradle,aom,ADVANCE_TOOLMAKING
advances.csv,Trade,base,aom,ADVANCE_TRADE
advances.csv,Ultrapressure Machines,cradle,aom,ADVANCE_ULTRAPRESSURE_MACHINERY
advances.csv,Unified Physics,cradle,aom,ADVANCE_UNIFIED_PHYSICS
advances.csv,Vertical-Flight Aircraft,cradle,aom,ADVANCE_VERTICAL_FLIGHT_AIRCRAFT
advances.csv,Virtual Democracy,cradle,aom,ADVANCE_VIRTUAL_DEMOCRACY
advances.csv,Writing,base,aom,ADVANCE_WRITING
advances.csv,Applied Math,cradle,aom,ADVANCE_APPLIED_MATH
advances.csv,Aqueducts,cradle,aom,ADVANCE_AQUEDUCTS
advances.csv,Archery,cradle,aom,ADVANCE_ARCHERY
advances.csv,Architecture,cradle,aom,ADVANCE_ARCHITECTURE
advances.csv,Astrolabe,cradle,aom,ADVANCE_ASTROLABE
advances.csv,Astronomy,cradle,aom,ADVANCE_ASTRONOMY
advances.csv,Ballista Towers,cradle,aom,ADVANCE_BALLISTA_TOWERS
advances.csv,Barracks,cradle,aom,ADVANCE_BARRACKS
advances.csv,Brick Making,cradle,aom,ADVANCE_BRICK_MAKING
advances.csv,Caliphate,cradle,aom,ADVANCE_CALIPHATE
advances.csv,Ceremonial Burial,base,aom,ADVANCE_CEREMONIAL_BURIAL
advances.csv,Chariots,cradle,aom,ADVANCE_CHARIOTS
advances.csv,Chivalry,base,aom,ADVANCE_CHIVALRY
advances.csv,Christianity,cradle,aom,ADVANCE_CHRISTIANITY
advances.csv,Chronometer,cradle,aom,ADVANCE_CHRONOMETER
advances.csv,City State,cradle,aom,ADVANCE_CITY_STATE
advances.csv,Civic Engineering,cradle,aom,ADVANCE_CIVIC_ENGINEERING
advances.csv,Compass,cradle,aom,ADVANCE_COMPASS
advances.csv,Composite Bow,cradle,aom,ADVANCE_COMPOSITE_BOW
advances.csv,Copper Smelting,cradle,aom,ADVANCE_COPPER_SMELTING
advances.csv,Cosmology,cradle,aom,ADVANCE_COSMOLOGY
advances.csv,Crossbow,cradle,aom,ADVANCE_CROSSBOW
advances.csv,Currency,base,aom,ADVANCE_CURRENCY
advances.csv,Dark Ages,cradle,aom,ADVANCE_DARK_AGES
advances.csv,Dictatorship,cradle,aom,ADVANCE_DICTATORSHIP
advances.csv,Domestication,cradle,aom,ADVANCE_DOMESTICATION
advances.csv,Dynasty,cradle,aom,ADVANCE_DYNASTY
advances.csv,Ethics,cradle,aom,ADVANCE_ETHICS
advances.csv,Flight,crusades,aom,ADVANCE_FLIGHT
advances.csv,Flintlock,cradle,aom,ADVANCE_FLINTLOCK
advances.csv,Gothic Architecture,cradle,aom,ADVANCE_GOTHIC_ARCHITECTURE
advances.csv,Granaries,cradle,aom,ADVANCE_GRANARIES
advances.csv,Greek Fire,cradle,aom,ADVANCE_GREEK_FIRE
advances.csv,Herbalism,cradle,aom,ADVANCE_HERBALISM
advances.csv,Hippocratic School,cradle,aom,ADVANCE_HIPPOCRATIC_SCHOOL
advances.csv,Horse Armor,cradle,aom,ADVANCE_HORSE_ARMOR
advances.csv,Islam,cradle,aom,ADVANCE_ISLAM
advances.csv,Machine Tools,crusades,aom,ADVANCE_MACHINE_TOOLS
advances.csv,Map Making,base,aom,ADVANCE_MAP_MAKING
advances.csv,Mechanical Clock,cradle,aom,ADVANCE_MECHANICAL_CLOCK
advances.csv,Mills,cradle,aom,ADVANCE_MILLS
advances.csv,Mining,cradle,aom,ADVANCE_MINING
advances.csv,Mobile Tactics,cradle,aom,ADVANCE_MOBILE_TACTICS
advances.csv,Mobile Warfare,crusades,aom,ADVANCE_MOBILE_WARFARE
advances.csv,Monotheism,crusades,aom,ADVANCE_MONOTHEISM
advances.csv,Oligarchy,cradle,aom,ADVANCE_OLIGARCHY
advances.csv,Perspective,cradle,aom,ADVANCE_PERSPECTIVE
advances.csv,Plumbing,midgard,aom,ADVANCE_PLUMBING
advances.csv,Pottery,base,aom,ADVANCE_POTTERY
advances.csv,Projectile Weapons,cradle,aom,ADVANCE_PROJECTILE_WEAPONS
advances.csv,Renaissance,cradle,aom,ADVANCE_RENAISSANCE
advances.csv,Republic,cradle,aom,ADVANCE_REPUBLIC
advances.csv,Sails,cradle,aom,ADVANCE_SAILS
advances.csv,Siege Weapons,cradle,aom,ADVANCE_SIEGE_WEAPONS
advances.csv,Steel,crusades,aom,ADVANCE_STEEL
advances.csv,Stirrup,cradle,aom,ADVANCE_STIRRUP
advances.csv,Trade Guilds,cradle,aom,ADVANCE_TRADE_GUILDS
advances.csv,Tribunal Empire,cradle,aom,ADVANCE_TRIBUNAL_EMPIRE
advances.csv,Vernacular Prose,cradle,aom,ADVANCE_VERNACULAR_PROSE
advances.csv,Water Lifts,cradle,aom,ADVANCE_WATER_LIFTS
advances.csv,Wheel,cradle,aom,ADVANCE_WHEEL
advances.csv,Hextapul,cradle,aom,ADVANCE_HEXTAPUL
advances.csv,Buddhism,cradle,aom,ADVANCE_BUDDHISM
advances.csv,Polytheism,midgard,aom,ADVANCE_POLYTHEISM
advances.csv,Radar,cradle,lotr,ADVANCE_RADAR
advances.csv,Cybernetics,cradle,lotr,ADVANCE_CYBERNETICS
advances.csv,Agriculture,cradle,lotr,ADVANCE_AGRICULTURE
advances.csv,Alchemy,base,lotr,ADVANCE_ALCHEMY
advances.csv,Applied Math,cradle,lotr,ADVANCE_APPLIED_MATH
advances.csv,Aqueducts,cradle,lotr,ADVANCE_AQUEDUCTS
advances.csv,Archery,cradle,lotr,ADVANCE_ARCHERY
advances.csv,Architecture,cradle,lotr,ADVANCE_ARCHITECTURE
advances.csv,Astronomy,cradle,lotr,ADVANCE_ASTRONOMY
advances.csv,Ballista Towers,cradle,lotr,ADVANCE_BALLISTA_TOWERS
advances.csv,Ballistics,cradle,lotr,ADVANCE_BALLISTICS
advances.csv,Barracks,cradle,lotr,ADVANCE_BARRACKS
advances.csv,Brick Making,cradle,lotr,ADVANCE_BRICK_MAKING
advances.csv,Bronze Working,base,lotr,ADVANCE_BRONZE_WORKING
advances.csv,Bureaucracy,cradle,lotr,ADVANCE_BUREAUCRACY
advances.csv,Ceremonial Burial,base,lotr,ADVANCE_CEREMONIAL_BURIAL
advances.csv,Chariots,cradle,lotr,ADVANCE_CHARIOTS
advances.csv,City State,cradle,lotr,ADVANCE_CITY_STATE
advances.csv,Civic Engineering,cradle,lotr,ADVANCE_CIVIC_ENGINEERING
advances.csv,Composite Bow,cradle,lotr,ADVANCE_COMPOSITE_BOW
advances.csv,Concrete,cradle,lotr,ADVANCE_CONCRETE
advances.csv,Copper Smelting,cradle,lotr,ADVANCE_COPPER_SMELTING
advances.csv,Cosmology,cradle,lotr,ADVANCE_COSMOLOGY
advances.csv,Currency,base,lotr,ADVANCE_CURRENCY
advances.csv,Dark Ages,cradle,lotr,ADVANCE_DARK_AGES
advances.csv,Dictatorship,cradle,lotr,ADVANCE_DICTATORSHIP
advances.csv,Domestication,cradle,lotr,ADVANCE_DOMESTICATION
advances.csv,Drama,cradle,lotr,ADVANCE_DRAMA
advances.csv,Dynasty,cradle,lotr,ADVANCE_DYNASTY
advances.csv,Ethics,cradle,lotr,ADVANCE_ETHICS
advances.csv,Geometry,cradle,lotr,ADVANCE_GEOMETRY
advances.csv,Granaries,cradle,lotr,ADVANCE_GRANARIES
advances.csv,Herbalism,cradle,lotr,ADVANCE_HERBALISM
advances.csv,Hippocratic School,cradle,lotr,ADVANCE_HIPPOCRATIC_SCHOOL
advances.csv,Horse Armor,cradle,lotr,ADVANCE_HORSE_ARMOR
advances.csv,Horse Riding,cradle,lotr,ADVANCE_HORSE_RIDING
advances.csv,Iron Working,base,lotr,ADVANCE_IRON_WORKING
advances.csv,Jurisprudence,cradle,lotr,ADVANCE_JURISPRUDENCE
advances.csv,Map Making,base,lotr,ADVANCE_MAP_MAKING
advances.csv,Masonry,base,lotr,ADVANCE_MASONRY
advances.csv,Mining,cradle,lotr,ADVANCE_MINING
advances.csv,Mobile Tactics,cradle,lotr,ADVANCE_MOBILE_TACTICS
advances.csv,Monotheism,crusades,lotr,ADVANCE_MONOTHEISM
advances.csv,Ocean Faring,cradle,lotr,ADVANCE_OCEAN_FARING
advances.csv,Oligarchy,cradle,lotr,ADVANCE_OLIGARCHY
advances.csv,Philosophy,base,lotr,ADVANCE_PHILOSOPHY
advances.csv,Plumbing,midgard,lotr,ADVANCE_PLUMBING
advances.csv,Pottery,base,lotr,ADVANCE_POTTERY
advances.csv,Projectile Weapons,cradle,lotr,ADVANCE_PROJECTILE_WEAPONS
advances.csv,Religion,cradle,lotr,ADVANCE_RELIGION
advances.csv,Republic,cradle,lotr,ADVANCE_REPUBLIC
advances.csv,Sails,cradle,lotr,ADVANCE_SAILS
advances.csv,Siege Weapons,cradle,lotr,ADVANCE_SIEGE_WEAPONS
advances.csv,Slave Labor,cradle,lotr,ADVANCE_SLAVE_LABOR
advances.csv,Stirrup,cradle,lotr,ADVANCE_STIRRUP
advances.csv,Stone Working,cradle,lotr,ADVANCE_STONE_WORKING
advances.csv,Toolmaking,cradle,lotr,ADVANCE_TOOLMAKING
advances.csv,Trade,base,lotr,ADVANCE_TRADE
advances.csv,Tribunal Empire,cradle,lotr,ADVANCE_TRIBUNAL_EMPIRE
advances.csv,Water Lifts,cradle,lotr,ADVANCE_WATER_LIFTS
advances.csv,Wheel,cradle,lotr,ADVANCE_WHEEL
advances.csv,Writing,base,lotr,ADVANCE_WRITING
advances.csv,Hextapul,cradle,lotr,ADVANCE_HEXTAPUL
advances.csv,Adv Infantry Tactics,cradle,lotr,ADVANCE_ADV_INFANTRY_TACTICS
advances.csv,Adv Naval Tactics,cradle,lotr,ADVANCE_ADV_NAVAL_TACTICS
advances.csv,Adv Urban Planning,cradle,lotr,ADVANCE_ADV_URBAN_PLANNING
advances.csv,Advanced Composites,cradle,lotr,ADVANCE_ADVANCED_COMPOSITES
advances.csv,Aerodynamics,cradle,lotr,ADVANCE_AERODYNAMICS
advances.csv,Age Of Reason,cradle,lotr,ADVANCE_AGE_OF_REASON
advances.csv,Agricultural Revolution,cradle,lotr,ADVANCE_AGRICULTURAL_REVOLUTION
advances.csv,Ai Surveillance,cradle,lotr,ADVANCE_AI_SURVEILLANCE
advances.csv,Arcologies,cradle,lotr,ADVANCE_ARCOLOGIES
advances.csv,Astrolabe,cradle,lotr,ADVANCE_ASTROLABE
advances.csv,Banking,base,lotr,ADVANCE_BANKING
advances.csv,Caliphate,cradle,lotr,ADVANCE_CALIPHATE
advances.csv,Cannon Making,cradle,lotr,ADVANCE_CANNON_MAKING
advances.csv,Cavalry Tactics,cradle,lotr,ADVANCE_CAVALRY_TACTICS
advances.csv,Chaos Theory,cradle,lotr,ADVANCE_CHAOS_THEORY
advances.csv,Chemistry,cradle,lotr,ADVANCE_CHEMISTRY
advances.csv,Chivalry,base,lotr,ADVANCE_CHIVALRY
advances.csv,Chronometer,cradle,lotr,ADVANCE_CHRONOMETER
advances.csv,Classical Education,cradle,lotr,ADVANCE_CLASSICAL_EDUCATION
advances.csv,Communism,crusades,lotr,ADVANCE_COMMUNISM
advances.csv,Compass,cradle,lotr,ADVANCE_COMPASS
advances.csv,Computer,cradle,lotr,ADVANCE_COMPUTER
advances.csv,Conservation,cradle,lotr,ADVANCE_CONSERVATION
advances.csv,Corporate Republic,cradle,lotr,ADVANCE_CORPORATE_REPUBLIC
advances.csv,Corporation,cradle,lotr,ADVANCE_CORPORATION
advances.csv,Criminal Code,cradle,lotr,ADVANCE_CRIMINAL_CODE
advances.csv,Crossbow,cradle,lotr,ADVANCE_CROSSBOW
advances.csv,Democracy,cradle,lotr,ADVANCE_DEMOCRACY
advances.csv,Digital Encryption,cradle,lotr,ADVANCE_DIGITAL_ENCRYPTION
advances.csv,Economics,cradle,lotr,ADVANCE_ECONOMICS
advances.csv,Ecotopia,cradle,lotr,ADVANCE_ECOTOPIA
advances.csv,Electricity,crusades,lotr,ADVANCE_ELECTRICITY
advances.csv,Explosives,crusades,lotr,ADVANCE_EXPLOSIVES
advances.csv,Fascism,cradle,lotr,ADVANCE_FASCISM
advances.csv,Feudalism,base,lotr,ADVANCE_FEUDALISM
advances.csv,Flintlock,cradle,lotr,ADVANCE_FLINTLOCK
advances.csv,Fuel Cells,cradle,lotr,ADVANCE_FUEL_CELLS
advances.csv,Fusion,cradle,lotr,ADVANCE_FUSION
advances.csv,Gaia Controller,cradle,lotr,ADVANCE_GAIA_CONTROLLER
advances.csv,Gaia Theory,cradle,lotr,ADVANCE_GAIA_THEORY
advances.csv,Genetic Tailoring,cradle,lotr,ADVANCE_GENETIC_TAILORING
advances.csv,Genetics,cradle,lotr,ADVANCE_GENETICS
advances.csv,Global Communications,cradle,lotr,ADVANCE_GLOBAL_COMMUNICATIONS
advances.csv,Global Defense,cradle,lotr,ADVANCE_GLOBAL_DEFENSE
advances.csv,Global Economics,cradle,lotr,ADVANCE_GLOBAL_ECONOMICS
advances.csv,Gothic Architecture,cradle,lotr,ADVANCE_GOTHIC_ARCHITECTURE
advances.csv,Greek Fire,cradle,lotr,ADVANCE_GREEK_FIRE
advances.csv,Guided Weapon Systems,cradle,lotr,ADVANCE_GUIDED_WEAPON_SYSTEMS
advances.csv,Gunpowder,cradle,lotr,ADVANCE_GUNPOWDER
advances.csv,Human Cloning,cradle,lotr,ADVANCE_HUMAN_CLONING
advances.csv,Industrial Revolution,cradle,lotr,ADVANCE_INDUSTRIAL_REVOLUTION
advances.csv,Internal Combustion,cradle,lotr,ADVANCE_INTERNAL_COMBUSTION
advances.csv,Islam,cradle,lotr,ADVANCE_ISLAM
advances.csv,Jet Propulsion,cradle,lotr,ADVANCE_JET_PROPULSION
advances.csv,Life Extension,cradle,lotr,ADVANCE_LIFE_EXTENSION
advances.csv,Machine Tools,crusades,lotr,ADVANCE_MACHINE_TOOLS
advances.csv,Mass Media,cradle,lotr,ADVANCE_MASS_MEDIA
advances.csv,Mass Production,crusades,lotr,ADVANCE_MASS_PRODUCTION
advances.csv,Mass Transit,cradle,lotr,ADVANCE_MASS_TRANSIT
advances.csv,Mechanical Clock,cradle,lotr,ADVANCE_MECHANICAL_CLOCK
advances.csv,Medicine,midgard,lotr,ADVANCE_MEDICINE
advances.csv,Mills,cradle,lotr,ADVANCE_MILLS
advances.csv,Modern Metallurgy,cradle,lotr,ADVANCE_MODERN_METALLURGY
advances.csv,Monarchy,base,lotr,ADVANCE_MONARCHY
advances.csv,Nano Assembly,cradle,lotr,ADVANCE_NANO_ASSEMBLY
advances.csv,Nano Machines,cradle,lotr,ADVANCE_NANO_MACHINES
advances.csv,Nano Warfare,cradle,lotr,ADVANCE_NANO_WARFARE
advances.csv,Nationalism,cradle,lotr,ADVANCE_NATIONALISM
advances.csv,Naval Aviation,cradle,lotr,ADVANCE_NAVAL_AVIATION
advances.csv,Naval Tactics,cradle,lotr,ADVANCE_NAVAL_TACTICS
advances.csv,Neural Interface,cradle,lotr,ADVANCE_NEURAL_INTERFACE
advances.csv,Neural Reprogramming,cradle,lotr,ADVANCE_NEURAL_REPROGRAMMING
advances.csv,Nuclear Power,crusades,lotr,ADVANCE_NUCLEAR_POWER
advances.csv,Oil Refining,cradle,lotr,ADVANCE_OIL_REFINING
advances.csv,Optics,cradle,lotr,ADVANCE_OPTICS
advances.csv,Perspective,cradle,lotr,ADVANCE_PERSPECTIVE
advances.csv,Pharmaceuticals,cradle,lotr,ADVANCE_PHARMACEUTICALS
advances.csv,Physics,crusades,lotr,ADVANCE_PHYSICS
advances.csv,Plasma Weaponry,cradle,lotr,ADVANCE_PLASMA_WEAPONRY
advances.csv,Printing Press,cradle,lotr,ADVANCE_PRINTING_PRESS
advances.csv,Railroad,crusades,lotr,ADVANCE_RAILROAD
advances.csv,Renaissance,cradle,lotr,ADVANCE_RENAISSANCE
advances.csv,Robotics,crusades,lotr,ADVANCE_ROBOTICS
advances.csv,Smart Materials,cradle,lotr,ADVANCE_SMART_MATERIALS
advances.csv,Space Flight,midgard,lotr,ADVANCE_SPACE_FLIGHT
advances.csv,Supersonic Flight,cradle,lotr,ADVANCE_SUPERSONIC_FLIGHT
advances.csv,Tank Warfare,cradle,lotr,ADVANCE_TANK_WARFARE
advances.csv,Technocracy,cradle,lotr,ADVANCE_TECHNOCRACY
advances.csv,Theology,base,lotr,ADVANCE_THEOLOGY
advances.csv,Trade Guilds,cradle,lotr,ADVANCE_TRADE_GUILDS
advances.csv,Unified Physics,cradle,lotr,ADVANCE_UNIFIED_PHYSICS
advances.csv,Vertical Flight Aircraft,cradle,lotr,ADVANCE_VERTICAL_FLIGHT_AIRCRAFT
advances.csv,Vernacular Prose,cradle,lotr,ADVANCE_VERNACULAR_PROSE
advances.csv,Virtual Democracy,cradle,lotr,ADVANCE_VIRTUAL_DEMOCRACY
units.csv,Gargoyle,base,homm2,ToG
units.csv,Griffin,base,homm2,Ast
units.csv,Minotaur,base,homm2,Plu
units.csv,Mage,base,homm2,Stl
units.csv,Hydra,base,homm2,Stl
units.csv,Unicorn,base,homm2,Stl
units.csv,Catapult,base,midgard,Mat
units.csv,Lightning Bolt,homm2,midgard,AFl
units.csv,Caravan,base,midgard,Tra
units.csv,Lich,homm2,midgard,Rad
units.csv,Settlers,midgard,crusades,nil
units.csv,Peasants,base,crusades,nil
units.csv,Knights,base,crusades,Chi
units.csv,Siege Engine,midgard,crusades,Eng
units.csv,Envoy,midgard,crusades,Wri
units.csv,Spy,midgard,crusades,no
units.csv,Caravan,base,crusades,Tra
units.csv,Archer,homm2,cradle,ADVANCE_ARCHERY
units.csv,Assassin,crusades,cradle,ADVANCE_MONARCHY
units.csv,Battleship,crusades,cradle,ADVANCE_ADV_NAVAL_TACTICS
units.csv,Bombard,midgard,cradle,ADVANCE_GUNPOWDER
units.csv,Bomber,crusades,cradle,ADVANCE_JET_PROPULSION
units.csv,Cannon,crusades,cradle,ADVANCE_CANNON_MAKING
units.csv,Caravan,base,cradle,ADVANCE_TRADE
units.csv,Cavalry,homm2,cradle,ADVANCE_CAVALRY_TACTICS
units.csv,Destroyer,crusades,cradle,ADVANCE_RADIO_NAVIGATION
units.csv,Fighter,crusades,cradle,ADVANCE_AERODYNAMICS
units.csv,Galleon,crusades,cradle,ADVANCE_AGE_OF_DISCOVERY
units.csv,Galley,base,cradle,ADVANCE_ASTROLABE
units.csv,Howitzer,crusades,cradle,ADVANCE_EXPLOSIVES
units.csv,Ironclad,crusades,cradle,ADVANCE_INDUSTRIAL_REVOLUTION
units.csv,Kraken,midgard,cradle,ADVANCE_GENETIC_TAILORING
units.csv,Legion,crusades,cradle,ADVANCE_IRON_WORKING
units.csv,Nomad,homm2,cradle,nil
units.csv,Pikeman,homm2,cradle,ADVANCE_DARK_AGES
units.csv,Spy,midgard,cradle,ADVANCE_REPUBLIC
units.csv,Submarine,crusades,cradle,ADVANCE_INTERNAL_COMBUSTION
units.csv,Swordsman,homm2,cradle,ADVANCE_COPPER_SMELTING
units.csv,Trireme,crusades,cradle,ADVANCE_MAP_MAKING
units.csv,Spearman Militia,cradle,aom,ADVANCE_HEXTAPUL
units.csv,Hoplite Militia,cradle,aom,ADVANCE_HEXTAPUL
units.csv,Legion Militia,cradle,aom,ADVANCE_HEXTAPUL
units.csv,Infantryman Militia,cradle,aom,ADVANCE_HEXTAPUL
units.csv,Machine Gunner Militia,cradle,aom,ADVANCE_HEXTAPUL
units.csv,Hover Infantry Militia,cradle,aom,ADVANCE_HEXTAPUL
units.csv,Abolitionist,cradle,aom,ADVANCE_CLASSICAL_EDUCATION
units.csv,Aircraft Carrier,cradle,aom,ADVANCE_NAVAL_AVIATION
units.csv,Archer,homm2,aom,ADVANCE_BALLISTICS
units.csv,Arquebusier,cradle,aom,ADVANCE_GUNPOWDER
units.csv,Artillery,crusades,aom,ADVANCE_EXPLOSIVES
units.csv,Ballista,cradle,aom,ADVANCE_PYTHAGORAS_THEORUM
units.csv,Battleship,crusades,aom,ADVANCE_ADV_NAVAL_TACTICS
units.csv,Bireme,cradle,aom,ADVANCE_SAILS
units.csv,Bombard,midgard,aom,ADVANCE_GUNPOWDER
units.csv,Bomber,crusades,aom,ADVANCE_JET_PROPULSION
units.csv,Cannon,crusades,aom,ADVANCE_CANNON_MAKING
units.csv,Caravan,base,aom,ADVANCE_TRADE
units.csv,Cargo Helicopter,cradle,aom,ADVANCE_VERTICAL_FLIGHT_AIRCRAFT
units.csv,Cataphract,cradle,aom,ADVANCE_STIRRUP
units.csv,Catapult,base,aom,ADVANCE_GEOMETRY
units.csv,Cavalry,homm2,aom,ADVANCE_CAVALRY_TACTICS
units.csv,Chariot,cradle,aom,ADVANCE_CHARIOTS
units.csv,Cleric,cradle,aom,ADVANCE_THEOLOGY
units.csv,Composite Archer,cradle,aom,ADVANCE_COMPOSITE_BOW
units.csv,Corporate Branch,cradle,aom,ADVANCE_CORPORATION
units.csv,Crawler,cradle,aom,ADVANCE_ULTRAPRESSURE_MACHINERY
units.csv,Crossbowman,cradle,aom,ADVANCE_CROSSBOW
units.csv,Cruise Missile,cradle,aom,ADVANCE_GUIDED_WEAPON_SYSTEMS
units.csv,Cyber Ninja,cradle,aom,ADVANCE_NEURAL_INTERFACE
units.csv,Destroyer,crusades,aom,ADVANCE_MASS_PRODUCTION
units.csv,Diplomat,cradle,aom,ADVANCE_BUREAUCRACY
units.csv,Dreadnaught,cradle,aom,ADVANCE_SMART_MATERIALS
units.csv,Dromon,cradle,aom,ADVANCE_ASTROLABE
units.csv,Eco-Ranger,cradle,aom,ADVANCE_ECOTOPIA
units.csv,Eco-Terrorist,cradle,aom,ADVANCE_ECOTOPIA
units.csv,Empathic Diplomat,cradle,aom,ADVANCE_EUGENICS
units.csv,Fascist,cradle,aom,ADVANCE_FASCISM
units.csv,Fighter,crusades,aom,ADVANCE_AERODYNAMICS
units.csv,Fusion Tank,cradle,aom,ADVANCE_FUSION
units.csv,Galleon,crusades,aom,ADVANCE_CHRONOMETER
units.csv,Galley,base,aom,ADVANCE_SEAMANSHIP
units.csv,Heavy Cavalry,crusades,aom,ADVANCE_ANIMAL_HUSBANDRY
units.csv,Hoplite,cradle,aom,ADVANCE_BRONZE_WORKING
units.csv,Horseman,cradle,aom,ADVANCE_HORSE_ARMOR
units.csv,Hover Infantry,cradle,aom,ADVANCE_CHAOS_THEORY
units.csv,Howitzer,crusades,aom,ADVANCE_ARTILLERY_ARMY
units.csv,Hypaspists,cradle,aom,ADVANCE_BARRACKS
units.csv,Infantryman,cradle,aom,ADVANCE_GUNPOWDER
units.csv,Infector,cradle,aom,ADVANCE_NANO_WARFARE
units.csv,Interceptor,cradle,aom,ADVANCE_SUPERSONIC_FLIGHT
units.csv,Ironclad,crusades,aom,ADVANCE_MODERN_METALLURGY
units.csv,Janissary,cradle,aom,ADVANCE_CALIPHATE
units.csv,Javelin Cavalry,cradle,aom,ADVANCE_HORSE_RIDING
units.csv,Knight,cradle,aom,ADVANCE_FEUDALISM
units.csv,Kraken,midgard,aom,ADVANCE_GENETIC_TAILORING
units.csv,Lawyer,cradle,aom,ADVANCE_CRIMINAL_CODE
units.csv,Legion,crusades,aom,ADVANCE_IRON_WORKING
units.csv,Leviathan,cradle,aom,ADVANCE_UNIFIED_PHYSICS
units.csv,Longship,cradle,aom,ADVANCE_HULL_MAKING
units.csv,Machine Gunner,cradle,aom,ADVANCE_INDUSTRIAL_REVOLUTION
units.csv,Man At Arms,cradle,aom,ADVANCE_CHAIN_MAIL
units.csv,Marine,cradle,aom,ADVANCE_ADV_INFANTRY_TACTICS
units.csv,Merchant Trader,cradle,aom,ADVANCE_TRADE_GUILDS
units.csv,Mobile SAM,cradle,aom,ADVANCE_RADAR
units.csv,Moray Striker,cradle,aom,ADVANCE_GENETICS
units.csv,Mounted Archer,cradle,aom,ADVANCE_HORSE_RIDING
units.csv,Nomad,homm2,aom,nil
units.csv,Nuclear Submarine,cradle,aom,ADVANCE_NUCLEAR_POWER
units.csv,Nuke,cradle,aom,ADVANCE_NUCLEAR_POWER
units.csv,Onager,cradle,aom,ADVANCE_JOINERY
units.csv,Paratrooper,cradle,aom,ADVANCE_ADV_INFANTRY_TACTICS
units.csv,Prophet,cradle,aom,ADVANCE_MONOTHEISM
units.csv,Scout,cradle,aom,ADVANCE_WATER_LIFTS
units.csv,Scout Sub,cradle,aom,ADVANCE_LIQUID_BREATHING_APPARATUS
units.csv,Sea Engineer,cradle,aom,ADVANCE_NANO_ASSEMBLY
units.csv,Settler,base,aom,nil
units.csv,Ship of the Line,cradle,aom,ADVANCE_NAVAL_TACTICS
units.csv,Slaver,cradle,aom,ADVANCE_SLAVE_LABOR
units.csv,Slinger,cradle,aom,ADVANCE_PROJECTILE_WEAPONS
units.csv,Space Plane,cradle,aom,ADVANCE_SPACE_FLIGHT
units.csv,Spearman,cradle,aom,ADVANCE_TOOLMAKING
units.csv,Spy,midgard,aom,ADVANCE_NATIONALISM
units.csv,Spy Plane,cradle,aom,ADVANCE_AI_SURVEILLANCE
units.csv,Stealth Bomber,cradle,aom,ADVANCE_ADVANCED_COMPOSITES
units.csv,Stealth Fighter,cradle,aom,ADVANCE_ADVANCED_COMPOSITES
units.csv,Submarine,crusades,aom,ADVANCE_OIL_REFINING
units.csv,Tank,cradle,aom,ADVANCE_TANK_WARFARE
units.csv,Televangelist,cradle,aom,ADVANCE_MASS_MEDIA
units.csv,Teutonic Knight,cradle,aom,ADVANCE_THEOCRACY
units.csv,Trebuchet,cradle,aom,ADVANCE_GREEK_FIRE
units.csv,Trireme,crusades,aom,ADVANCE_ALCHEMY
units.csv,Troop Ship,cradle,aom,ADVANCE_INTERNAL_COMBUSTION
units.csv,Urban Planner,cradle,aom,ADVANCE_ADV_URBAN_PLANNING
units.csv,War Walker,cradle,aom,ADVANCE_CYBERNETICS
units.csv,Freight Transport,cradle,aom,ADVANCE_GLOBAL_ECONOMICS
units.csv,General,cradle,aom,ADVANCE_HEXTAPUL
units.csv,Field Marshall,cradle,aom,ADVANCE_HEXTAPUL
units.csv,Hurricane,cradle,aom,ADVANCE_SUBNEURAL_ADS
units.csv,Hammurabi,cradle,aom,ADVANCE_HEXTAPUL
units.csv,Alexander The Great,cradle,aom,ADVANCE_HEXTAPUL
units.csv,Caesar,cradle,aom,ADVANCE_HEXTAPUL
units.csv,Attila,cradle,aom,ADVANCE_HEXTAPUL
units.csv,Saladin,cradle,aom,ADVANCE_HEXTAPUL
units.csv,Hernan Cortes,cradle,aom,ADVANCE_HEXTAPUL
units.csv,Ulysses Grant,cradle,aom,ADVANCE_HEXTAPUL
units.csv,Dwight Eisenhower,cradle,aom,ADVANCE_HEXTAPUL
units.csv,Norman Schwarzkopf,cradle,aom,ADVANCE_HEXTAPUL
units.csv,Sun Tzu,cradle,aom,ADVANCE_HEXTAPUL
units.csv,Spartacus,cradle,aom,ADVANCE_HEXTAPUL
units.csv,Leonidas,cradle,aom,ADVANCE_HEXTAPUL
units.csv,Hannibal,cradle,aom,ADVANCE_HEXTAPUL
units.csv,Marius,cradle,aom,ADVANCE_HEXTAPUL
units.csv,Great King,cradle,aom,ADVANCE_TRIBUNAL_EMPIRE
units.csv,Elite Hoplite,cradle,aom,ADVANCE_BRONZE_WORKING
units.csv,Elite Legion,cradle,aom,ADVANCE_IRON_WORKING
units.csv,Elite Man At Arms,cradle,aom,ADVANCE_CHAIN_MAIL
units.csv,Elite Machine Gunner,cradle,aom,ADVANCE_MASS_PRODUCTION
units.csv,Elite Marine,cradle,aom,ADVANCE_ADV_INFANTRY_TACTICS
units.csv,Transport,crusades,aom,ADVANCE_HEXTAPUL
units.csv,Patriarch,cradle,aom,ADVANCE_HEXTAPUL
units.csv,Belfroi,aom,lotr,ADVANCE_PROPULSION
units.csv,Trebuchet,cradle,lotr,ADVANCE_BALLISTICS
units.csv,Catapult,base,lotr,ADVANCE_SIEGE_WEAPONS
units.csv,Swordsman,homm2,lotr,ADVANCE_TOOLMAKING
units.csv,Javelin Cavalry,cradle,lotr,ADVANCE_HORSE_RIDING
units.csv,Chariot,cradle,lotr,ADVANCE_CHARIOTS_HARADRIM
units.csv,Mounted Archer,cradle,lotr,ADVANCE_MOBILE_TACTICS_MEN
units.csv,Horseman,cradle,lotr,ADVANCE_HORSE_ARMOR_MEN
units.csv,Raider,cradle,lotr,ADVANCE_HORSE_ARMOR_ORCS
units.csv,Elephant Warrior,aom,lotr,ADVANCE_OLIGARCHY_HARADRIM
units.csv,Cataphract,cradle,lotr,ADVANCE_STIRRUP_MEN
units.csv,Knight,cradle,lotr,ADVANCE_STIRRUP_GONDOR
units.csv,Teutonic Knight,cradle,lotr,ADVANCE_STIRRUP_ROHAN
units.csv,Spearman,cradle,lotr,ADVANCE_TOOLMAKING
units.csv,Warrior,aom,lotr,ADVANCE_DYNASTY
units.csv,Hoplite,cradle,lotr,ADVANCE_BRONZE_WORKING
units.csv,Janissary,cradle,lotr,ADVANCE_BRONZE_WORKING_ARNOR
units.csv,Hypaspists,cradle,lotr,ADVANCE_BARRACKS
units.csv,Pezheteroi,aom,lotr,ADVANCE_REPUBLIC_GONDOR
units.csv,Legion,crusades,lotr,ADVANCE_IRON_WORKING
units.csv,Man At Arms,cradle,lotr,ADVANCE_DICTATORSHIP
units.csv,Praetorians,aom,lotr,ADVANCE_DICTATORSHIP_ARNOR
units.csv,Pikemen,aom,lotr,ADVANCE_TRIBUNAL_EMPIRE
units.csv,Spearman Militia,cradle,lotr,ADVANCE_HEXTAPUL
units.csv,Hoplite Militia,cradle,lotr,ADVANCE_HEXTAPUL
units.csv,Legion Militia,cradle,lotr,ADVANCE_HEXTAPUL
units.csv,Man At Arms Militia,aom,lotr,ADVANCE_HEXTAPUL
units.csv,Slinger,cradle,lotr,ADVANCE_PROJECTILE_WEAPONS
units.csv,Slavemaster,aom,lotr,ADVANCE_COPPER_SMELTING_EVIL
units.csv,Archer,homm2,lotr,ADVANCE_ARCHERY
units.csv,Composite Archer,cradle,lotr,ADVANCE_COMPOSITE_BOW
units.csv,Crossbowman,cradle,lotr,ADVANCE_SIEGE_WEAPONS
units.csv,Coracle,aom,lotr,ADVANCE_SHIP_BUILDING
units.csv,Bireme,cradle,lotr,ADVANCE_SAILS
units.csv,Trireme,crusades,lotr,ADVANCE_ALCHEMY
units.csv,Heptireme,aom,lotr,ADVANCE_ALCHEMY_HARADRIM
units.csv,Dromon,cradle,lotr,ADVANCE_OCEAN_FARING
units.csv,Longship,cradle,lotr,ADVANCE_OCEAN_FARING_HARADRIM
units.csv,Caravan,base,lotr,ADVANCE_TRADE
units.csv,Merchant Trader,cradle,lotr,ADVANCE_TRIBUNAL_EMPIRE
units.csv,Prophet,cradle,lotr,ADVANCE_ASTRONOMY_ISENGARD
units.csv,Cleric,cradle,lotr,ADVANCE_TRIBUNAL_EMPIRE_ISENGARD
units.csv,Diplomat,cradle,lotr,ADVANCE_DYNASTY
units.csv,Emissary,cradle,lotr,ADVANCE_OLIGARCHY_HOBBITS
units.csv,Assassin,crusades,lotr,ADVANCE_OLIGARCHY
units.csv,Spy,midgard,lotr,ADVANCE_REPUBLIC
units.csv,Nomad,homm2,lotr,nil
units.csv,Settler,base,lotr,ADVANCE_TRIBUNAL_EMPIRE
units.csv,Plunder Iii,cradle,lotr,ADVANCE_HEXTAPUL
units.csv,Plunder Iv,cradle,lotr,ADVANCE_ONE_RING
units.csv,Slaver,cradle,lotr,ADVANCE_SLAVE_LABOR_EVIL
units.csv,Hurricane,cradle,lotr,ADVANCE_ARCHERY_ISENGARD
units.csv,Great General,cradle,lotr,ADVANCE_HEXTAPUL
units.csv,Hero,cradle,lotr,ADVANCE_HEXTAPUL
units.csv,Abolitionist,cradle,lotr,ADVANCE_PHILOSOPHY_GOOD
units.csv,Aircraft Carrier,cradle,lotr,ADVANCE_NAVAL_AVIATION
units.csv,Arquebusier,cradle,lotr,ADVANCE_GUNPOWDER
units.csv,Artillery,crusades,lotr,ADVANCE_EXPLOSIVES
units.csv,Battleship,crusades,lotr,ADVANCE_ADV_NAVAL_TACTICS
units.csv,Bomber,crusades,lotr,ADVANCE_JET_PROPULSION
units.csv,Cannon,crusades,lotr,ADVANCE_CANNON_MAKING
units.csv,Cargo Helicopter,cradle,lotr,ADVANCE_VERTICAL_FLIGHT_AIRCRAFT
units.csv,Carrack,aom,lotr,ADVANCE_COMPASS
units.csv,Cavalry,homm2,lotr,ADVANCE_CAVALRY_TACTICS
units.csv,Corporate Branch,cradle,lotr,ADVANCE_CORPORATION
units.csv,Crawler,cradle,lotr,ADVANCE_ULTRAPRESSURE_MACHINERY
units.csv,Cruise Missile,cradle,lotr,ADVANCE_GUIDED_WEAPON_SYSTEMS
units.csv,Cyber Ninja,cradle,lotr,ADVANCE_NEURAL_INTERFACE
units.csv,Destroyer,crusades,lotr,ADVANCE_MASS_PRODUCTION
units.csv,Dreadnaught,cradle,lotr,ADVANCE_SMART_MATERIALS
units.csv,Eco Ranger,cradle,lotr,ADVANCE_ECOTOPIA
units.csv,Eco Terrorist,cradle,lotr,ADVANCE_ECOTOPIA
units.csv,Empathic Diplomat,cradle,lotr,ADVANCE_EUGENICS
units.csv,Fascist,cradle,lotr,ADVANCE_FASCISM
units.csv,Fighter,crusades,lotr,ADVANCE_AERODYNAMICS
units.csv,Frigate,crusades,lotr,ADVANCE_MASS_PRODUCTION
units.csv,Fusion Tank,cradle,lotr,ADVANCE_FUSION
units.csv,Galleon,crusades,lotr,ADVANCE_CHRONOMETER
units.csv,Hover Infantry,cradle,lotr,ADVANCE_CHAOS_THEORY
units.csv,Infantryman,cradle,lotr,ADVANCE_FLINTLOCK
units.csv,Infector,cradle,lotr,ADVANCE_NANO_WARFARE
units.csv,Interceptor,cradle,lotr,ADVANCE_SUPERSONIC_FLIGHT
units.csv,Ironclad,crusades,lotr,ADVANCE_INDUSTRIAL_REVOLUTION
units.csv,Kraken,midgard,lotr,ADVANCE_GENETIC_TAILORING
units.csv,Lawyer,cradle,lotr,ADVANCE_CRIMINAL_CODE
units.csv,Machine Gunner,cradle,lotr,ADVANCE_MASS_PRODUCTION
units.csv,Marine,cradle,lotr,ADVANCE_ADV_INFANTRY_TACTICS
units.csv,Mobile Sam,cradle,lotr,ADVANCE_RADAR
units.csv,Nuclear Submarine,cradle,lotr,ADVANCE_NUCLEAR_POWER
units.csv,Nuke,cradle,lotr,ADVANCE_NUCLEAR_POWER
units.csv,Paratrooper,cradle,lotr,ADVANCE_ADV_INFANTRY_TACTICS
units.csv,Plasma Destroyer,cradle,lotr,ADVANCE_PLASMA_WEAPONRY
units.csv,Revolutionary,aom,lotr,ADVANCE_COMMUNISM
units.csv,Scout Sub,cradle,lotr,ADVANCE_LIQUID_BREATHING_APPARATUS
units.csv,Sea Engineer,cradle,lotr,ADVANCE_NANO_ASSEMBLY
units.csv,Ship Of The Line,cradle,lotr,ADVANCE_NAVAL_TACTICS
units.csv,Space Plane,cradle,lotr,ADVANCE_SPACE_FLIGHT
units.csv,Spy Plane,cradle,lotr,ADVANCE_AI_SURVEILLANCE
units.csv,Stealth Bomber,cradle,lotr,ADVANCE_ADVANCED_COMPOSITES
units.csv,Stealth Fighter,cradle,lotr,ADVANCE_ADVANCED_COMPOSITES
units.csv,Submarine,crusades,lotr,ADVANCE_OIL_REFINING
units.csv,Tank,cradle,lotr,ADVANCE_TANK_WARFARE
units.csv,Televangelist,cradle,lotr,ADVANCE_MASS_MEDIA
units.csv,Troop Ship,cradle,lotr,ADVANCE_INTERNAL_COMBUSTION
units.csv,Urban Planner,cradle,lotr,ADVANCE_ADV_URBAN_PLANNING
units.csv,War Walker,cradle,lotr,ADVANCE_CYBERNETICS
improvements.csv,Barracks,base,homm2,War
improvements.csv,Granary,base,homm2,Aut
improvements.csv,Library,base,homm2,Alp
improvements.csv,Courthouse,base,homm2,Tra
improvements.csv,Cathedral,base,homm2,Mas
improvements.csv,Harbor,base,homm2,Map
improvements.csv,Barracks,base,midgard,War
improvements.csv,Temple,base,midgard,Cer
improvements.csv,Library,base,midgard,Wri
improvements.csv,City Walls,base,midgard,Mas
improvements.csv,Aqueduct,base,midgard,Cst
improvements.csv,Harbor,base,midgard,Sea
improvements.csv,Barracks,base,crusades,nil
improvements.csv,Granary,base,crusades,Pot
improvements.csv,Temple,base,crusades,Cer
improvements.csv,MarketPlace,homm2,crusades,Cur
improvements.csv,Library,base,crusades,Wri
improvements.csv,Courthouse,base,crusades,CoL
improvements.csv,City Walls,base,crusades,Mas
improvements.csv,Aqueduct,base,crusades,Cst
improvements.csv,Cathedral,base,crusades,MT
improvements.csv,University,base,crusades,Uni
improvements.csv,Colosseum,base,crusades,Cst
improvements.csv,Coastal Fortress,base,crusades,Met
improvements.csv,Harbor,base,crusades,Sea
improvements.csv,Port Facility,homm2,crusades,Amp
improvements.csv,SS Structural,midgard,crusades,SFl
improvements.csv,SS Component,midgard,crusades,Pla
improvements.csv,SS Module,midgard,crusades,Sup
improvements.csv,Airport,crusades,cradle,ADVANCE_AERODYNAMICS
improvements.csv,Aqueduct,base,cradle,ADVANCE_AQUEDUCTS
improvements.csv,Arena,midgard,cradle,ADVANCE_CONCRETE
improvements.csv,Bank,crusades,cradle,ADVANCE_BANKING
improvements.csv,Bazaar,midgard,cradle,ADVANCE_POTTERY
improvements.csv,Castle,midgard,cradle,ADVANCE_FEUDALISM
improvements.csv,Courthouse,base,cradle,ADVANCE_JURISPRUDENCE
improvements.csv,Factory,crusades,cradle,ADVANCE_INDUSTRIAL_REVOLUTION
improvements.csv,Granary,base,cradle,ADVANCE_GRANARIES
improvements.csv,Marketplace,homm2,cradle,ADVANCE_BUREAUCRACY
improvements.csv,Nuclear Plant,crusades,cradle,ADVANCE_NUCLEAR_POWER
improvements.csv,University,base,cradle,ADVANCE_CLASSICAL_EDUCATION
improvements.csv,Academy,cradle,aom,ADVANCE_PHILOSOPHY
improvements.csv,Agora,cradle,aom,ADVANCE_CURRENCY
improvements.csv,Airport,crusades,aom,ADVANCE_AERODYNAMICS
improvements.csv,Anti-Ballistic Missiles,cradle,aom,ADVANCE_GLOBAL_COMMUNICATIONS
improvements.csv,Apothecary,cradle,aom,ADVANCE_HERBALISM
improvements.csv,Aqueduct,base,aom,ADVANCE_CONCRETE
improvements.csv,Arcologies,cradle,aom,ADVANCE_ARCOLOGIES
improvements.csv,Arena,midgard,aom,ADVANCE_MASONRY
improvements.csv,Ballista Towers,cradle,aom,ADVANCE_BALLISTICS
improvements.csv,Bank,crusades,aom,ADVANCE_BANKING
improvements.csv,Basilica,cradle,aom,ADVANCE_THEOLOGY
improvements.csv,Bath House,cradle,aom,ADVANCE_PLUMBING
improvements.csv,Battlements,cradle,aom,ADVANCE_NAVAL_TACTICS
improvements.csv,Bazaar,midgard,aom,ADVANCE_TRADE
improvements.csv,Behavioral Mod Center,cradle,aom,ADVANCE_NEURAL_REPROGRAMMING
improvements.csv,Body Exchange,cradle,aom,ADVANCE_LIFE_EXTENSION
improvements.csv,Brokerage,cradle,aom,ADVANCE_ECONOMICS
improvements.csv,Capitol,cradle,aom,ADVANCE_FEUDALISM
improvements.csv,Castle,midgard,aom,ADVANCE_FEUDALISM
improvements.csv,City Clock,cradle,aom,ADVANCE_MECHANICAL_CLOCK
improvements.csv,City Wall,cradle,aom,ADVANCE_STONE_WORKING
improvements.csv,Computer Center,cradle,aom,ADVANCE_COMPUTER
improvements.csv,Conscripted Labor,cradle,aom,ADVANCE_BLACK_SMITH
improvements.csv,Correctional Facility,cradle,aom,ADVANCE_CRIMINAL_CODE
improvements.csv,Courthouse,base,aom,ADVANCE_JURISPRUDENCE
improvements.csv,Craft Guild,cradle,aom,ADVANCE_TRADE_GUILDS
improvements.csv,Drug Store,cradle,aom,ADVANCE_PHARMACEUTICALS
improvements.csv,Eco-Transit,cradle,aom,ADVANCE_FUEL_CELLS
improvements.csv,Factory,crusades,aom,ADVANCE_INDUSTRIAL_REVOLUTION
improvements.csv,Flak Towers,cradle,aom,ADVANCE_RADAR
improvements.csv,Food Silo,cradle,aom,ADVANCE_RAILROAD
improvements.csv,Forcefield,cradle,aom,ADVANCE_UNIFIED_PHYSICS
improvements.csv,Forge,cradle,aom,ADVANCE_COPPER_SMELTING
improvements.csv,Forum,cradle,aom,ADVANCE_ETHICS
improvements.csv,Fusion Plant,cradle,aom,ADVANCE_FUSION
improvements.csv,Granary,base,aom,ADVANCE_AGRICULTURE
improvements.csv,Hospital,cradle,aom,ADVANCE_MEDICINE
improvements.csv,Incubation Center,cradle,aom,ADVANCE_HUMAN_CLONING
improvements.csv,Marketplace,homm2,aom,ADVANCE_BUREAUCRACY
improvements.csv,Mill,cradle,aom,ADVANCE_AGRICULTURAL_REVOLUTION
improvements.csv,Monastery,cradle,aom,ADVANCE_CHRISTIANITY
improvements.csv,Mosque,cradle,aom,ADVANCE_PERSPECTIVE
improvements.csv,Movie Palace,cradle,aom,ADVANCE_ELECTRICITY
improvements.csv,Nuclear Plant,crusades,aom,ADVANCE_NUCLEAR_POWER
improvements.csv,Oil Refinery,cradle,aom,ADVANCE_OIL_REFINING
improvements.csv,Orbital Laboratory,cradle,aom,ADVANCE_SPACE_FLIGHT
improvements.csv,Physician,cradle,aom,ADVANCE_HIPPOCRATIC_SCHOOL
improvements.csv,Public Transportation,cradle,aom,ADVANCE_MASS_TRANSIT
improvements.csv,Publishing House,cradle,aom,ADVANCE_PRINTING_PRESS
improvements.csv,Recycling Plant,cradle,aom,ADVANCE_CONSERVATION
improvements.csv,Robotic Plant,cradle,aom,ADVANCE_ROBOTICS
improvements.csv,Security Monitor,cradle,aom,ADVANCE_AI_SURVEILLANCE
improvements.csv,Shrine,cradle,aom,ADVANCE_RELIGION
improvements.csv,Television,cradle,aom,ADVANCE_MASS_MEDIA
improvements.csv,Theater,cradle,aom,ADVANCE_DRAMA
improvements.csv,University,base,aom,ADVANCE_CLASSICAL_EDUCATION
improvements.csv,Wall,cradle,aom,ADVANCE_BRICK_MAKING
improvements.csv,Work Camp,cradle,aom,ADVANCE_ARCHITECTURE
improvements.csv,VR Amusement Park,cradle,aom,ADVANCE_NEURAL_INTERFACE
improvements.csv,Ziggurat,cradle,aom,ADVANCE_ASTRONOMY
improvements.csv,E-Bank,cradle,aom,ADVANCE_DIGITAL_ENCRYPTION
improvements.csv,Matter Decompiler,cradle,aom,ADVANCE_ECOTOPIA
improvements.csv,Micro Defense,cradle,aom,ADVANCE_NANO_WARFARE
improvements.csv,Nanite Factory,cradle,aom,ADVANCE_NANO_ASSEMBLY
improvements.csv,Aqua-Filter,cradle,aom,ADVANCE_NANO_MACHINES
