dimension,id,name,source,mask,reason
unit,UNIT_PEASANTS,Peasants,base,,
unit,UNIT_ZOMBIES,Zombies,base,,
unit,UNIT_SPEARMEN,Spearmen,base,,
unit,UNIT_SWORDSMEN,Swordsmen,base,,
unit,UNIT_PHANTOM_WARRIORS,Phantom Warriors,base,,
unit,UNIT_HELL_HOUNDS,Hell Hounds,base,,
unit,UNIT_WARBEARS,Warbears,base,,
unit,UNIT_WARLOCK,Warlock,base,,
unit,UNIT_ARIEL,Ariel,base,,
unit,UNIT_JAFAR,Jafar,base,,
unit,UNIT_RJAK,Rjak,base,,
unit,UNIT_TAURON,Tauron,base,,
unit,UNIT_SERENA,Serena,base,,
unit,UNIT_FREYA,Freya,base,,
unit,UNIT_ALORRA,Alorra,base,,
unit,UNIT_CENTAURS,Centaurs,base,,
unit,UNIT_ELVEN_ARCHERS,Elven Archers,base,,
unit,UNIT_MAGE,Mage,base,,
unit,UNIT_WYVERN,Wyvern,base,,
unit,UNIT_KNIGHTS,Knights,base,,
unit,UNIT_PALADINS,Paladins,base,,
unit,UNIT_UNICORN,Unicorn,base,,
unit,UNIT_IRON_GOLEM,Iron Golem,base,,
unit,UNIT_CATAPULT,Catapult,base,,
unit,UNIT_STEAM_CANNON,Steam Cannon,base,,
unit,UNIT_B6,B6,base,,
unit,UNIT_B3,B3,base,,
unit,UNIT_B9,B9,base,,
unit,UNIT_EFREET,Efreet,base,,
unit,UNIT_WRAITH,Wraith,base,,
unit,UNIT_GRIFFIN,Griffin,base,,
unit,UNIT_PEGASUS,Pegasus,base,,
unit,UNIT_GALLEY,Galley,base,,
unit,UNIT_WARSHIP,Warship,base,,
unit,UNIT_HYDRA,Hydra,base,,
unit,UNIT_AIRSHIP,Airship,base,,
unit,UNIT_MINOTAUR,Minotaur,base,,
unit,UNIT_WAR_TROLL,War Troll,base,,
unit,UNIT_GARGOYLE,Gargoyle,base,,
unit,UNIT_GUARDIAN_SPIRIT,Guardian Spirit,base,,
unit,UNIT_COCKATRICE,Cockatrice,base,,
unit,UNIT_B7,B7,base,,
unit,UNIT_B8,B8,base,,
unit,UNIT_SALAMANDER,Salamander,base,,
unit,UNIT_INFERNAL_DEVICE,Infernal Device,base,,
unit,UNIT_MINION,Minion,base,,
unit,UNIT_DEMON,Demon,base,,
unit,UNIT_CARAVAN,Caravan,base,,
unit,UNIT_B5,B5,base,,
unit,UNIT_B4,B4,base,,
unit,UNIT_WAR_MAMMOTH,War Mammoth,base,,
unit,UNIT_STORM_GIANT,Storm Giant,base,,
unit,UNIT_AIR_ELEMENTAL,Air Elemental,base,,
unit,UNIT_STORM_DRAKE,Storm Drake,base,,
unit,UNIT_WARRAX,Warrax,base,,
unit,UNIT_UNDEAD_DRAGON,Undead Dragon,base,,
unit,UNIT_GREAT_WYRM,Great Wyrm,base,,
unit,UNIT_BEHEMOTH,Behemoth,base,,
unit,UNIT_MALLEUS,Malleus,base,,
unit,UNIT_MERFOLK,Merfolk,base,,
unit,UNIT_ARCHANGEL,Archangel,base,,
unit,UNIT_SETTLER,Settler,base,,
unit,UNIT_WIZARD_HERO_SETTLER,Wizard Hero (Settler),homm2,yes,redundant faction hero-settler
unit,UNIT_HALFLING,Halfling,homm2,,
unit,UNIT_NEUTRAL_HERO_SETTLER,Neutral Hero (Settler),homm2,yes,redundant faction hero-settler
unit,UNIT_KNIGHT_HERO_SETTLER,Knight Hero (Settler),homm2,yes,redundant faction hero-settler
unit,UNIT_PEASANT,Peasant,homm2,,
unit,UNIT_WATERAIR_ELEMENTALS,Water/Air Elementals,homm2,,
unit,UNIT_SORCERESS_HERO_SETTLER,Sorceress Hero (Settler),homm2,yes,redundant faction hero-settler
unit,UNIT_NOMAD,Nomad,homm2,,
unit,UNIT_EARTHFIRE_ELEMENTALS,Earth/Fire Elementals,homm2,,
unit,UNIT_GHOST,Ghost,homm2,,
unit,UNIT_NECROMANCER_HERO_SETTLER,Necromancer Hero (Settler),homm2,yes,redundant faction hero-settler
unit,UNIT_SKELETON,Skeleton,homm2,,
unit,UNIT_WARLOCK_HERO_SETTLER,Warlock Hero (Settler),homm2,yes,redundant faction hero-settler
unit,UNIT_BARBARIAN_HERO_SETTLER,Barbarian Hero (Settler),homm2,yes,redundant faction hero-settler
unit,UNIT_CENTAUR,Centaur,homm2,,
unit,UNIT_MEDUSA,Medusa,homm2,,
unit,UNIT_FAERIE_SPRITE,Faerie Sprite,homm2,,
unit,UNIT_GOBLIN,Goblin,homm2,,
unit,UNIT_DWARF,Dwarf,homm2,,
unit,UNIT_RED_DRAGON,Red Dragon,homm2,,
unit,UNIT_GREEN_DRAGON,Green Dragon,homm2,,
unit,UNIT_ARCHER,Archer,homm2,,
unit,UNIT_SIEGE_CATAPULT,Siege Catapult,homm2,,
unit,UNIT_GENIE,Genie,homm2,,
unit,UNIT_ORC,Orc,homm2,,
unit,UNIT_ELF,Elf,homm2,,
unit,UNIT_BOAR,Boar,homm2,,
unit,UNIT_WOLF,Wolf,homm2,,
unit,UNIT_GOLEM,Golem,homm2,,
unit,UNIT_PIKEMAN,Pikeman,homm2,,
unit,UNIT_BOAT,Boat,homm2,,
unit,UNIT_SHIP,Ship,homm2,,
unit,UNIT_TRADE_CART,Trade Cart,homm2,,
unit,UNIT_ROGUE_THIEF,Rogue Thief,homm2,,
unit,UNIT_MAGIC_ARROW,Magic Arrow,homm2,,
unit,UNIT_LIGHTNING_BOLT,Lightning Bolt,homm2,,
unit,UNIT_ARMAGEDDON_FIRE_BLAST,Armageddon Fire Blast,homm2,,
unit,UNIT_XANADU,Xanadu,homm2,yes,pseudo-building (creature dwelling)
unit,UNIT_DRAGON_CITY,Dragon City,homm2,yes,pseudo-building (town-as-unit)
unit,UNIT_CITY_OF_THE_DEAD,City of the Dead,homm2,yes,pseudo-building (town-as-unit)
unit,UNIT_OGRE,Ogre,homm2,,
unit,UNIT_ROC,Roc,homm2,,
unit,UNIT_SWORDSMAN,Swordsman,homm2,,
unit,UNIT_ZOMBIE,Zombie,homm2,,
unit,UNIT_MUMMY,Mummy,homm2,,
unit,UNIT_VAMPIRE,Vampire,homm2,,
unit,UNIT_DRUID,Druid,homm2,,
unit,UNIT_TROLL,Troll,homm2,,
unit,UNIT_LICH,Lich,homm2,,
unit,UNIT_CAVALRY,Cavalry,homm2,,
unit,UNIT_BONE_DRAGON,Bone Dragon,homm2,,
unit,UNIT_BLACK_DRAGON,Black Dragon,homm2,,
unit,UNIT_CRUSADER,Crusader,homm2,,
unit,UNIT_PHOENIX,Phoenix,homm2,,
unit,UNIT_CYCLOPS,Cyclops,homm2,,
unit,UNIT_TITAN,Titan,homm2,,
unit,UNIT_SETTLERS,Settlers,midgard,,
unit,UNIT_SORCERER,Sorcerer,midgard,,
unit,UNIT_H_WARRIORS,H. Warriors,midgard,,
unit,UNIT_MERMEN,Mermen,midgard,,
unit,UNIT_HAWKMEN,Hawkmen,midgard,,
unit,UNIT_ELF_WARRIORS,Elf Warriors,midgard,,
unit,UNIT_INFIDELS,Infidels,midgard,,
unit,UNIT_GOBLINS,Goblins,midgard,,
unit,UNIT_DWARVES,Dwarves,midgard,,
unit,UNIT_ELF_ARCHERS,Elf Archers,midgard,,
unit,UNIT_TROLLS,Trolls,midgard,,
unit,UNIT_HOUSECARLS,Housecarls,midgard,,
unit,UNIT_MERGUARDS,Merguards,midgard,,
unit,UNIT_EAGLEMEN,Eaglemen,midgard,,
unit,UNIT_BERSERKERS,Berserkers,midgard,,
unit,UNIT_I_HORSEMEN,I. Horsemen,midgard,,
unit,UNIT_ELF_RIDERS,Elf Riders,midgard,,
unit,UNIT_NIGHT_RIDERS,Night Riders,midgard,,
unit,UNIT_RANGERS,Rangers,midgard,,
unit,UNIT_GOLDEN_HORDE,Golden Horde,midgard,,
unit,UNIT_GIANT_OTTERINE,Giant Otterine,midgard,,
unit,UNIT_CRAG_WOLVES,Crag Wolves,midgard,,
unit,UNIT_ICE_DRAKE,Ice Drake,midgard,,
unit,UNIT_TREEFOLK,Treefolk,midgard,,
unit,UNIT_SIEGE_ENGINE,Siege Engine,midgard,,
unit,UNIT_BOMBARD,Bombard,midgard,,
unit,UNIT_GREAT_BATS,Great Bats,midgard,,
unit,UNIT_WITCHES,Witches,midgard,,
unit,UNIT_GREAT_WIZARD,Great Wizard,midgard,,
unit,UNIT_ELLIDA,Ellida,midgard,,
unit,UNIT_SKIDBLADNIR,Skidbladnir,midgard,,
unit,UNIT_LONGBOAT,Longboat,midgard,,
unit,UNIT_DRAGON_BOAT,Dragon Boat,midgard,,
unit,UNIT_OLD_MAN,Old Man,midgard,,
unit,UNIT_SHIELD_BOAT,Shield Boat,midgard,,
unit,UNIT_UNSPEAKABLE_HORROR,Unspeakable Horror,midgard,,
unit,UNIT_ENCH_PALADINS,Ench. Paladins,midgard,,
unit,UNIT_CHANGELING,Changeling,midgard,,
unit,UNIT_ENCH_GIANT,Ench. Giant,midgard,,
unit,UNIT_ENCH_OGRE,Ench. Ogre,midgard,,
unit,UNIT_GREAT_EAGLES,Great Eagles,midgard,,
unit,UNIT_FELL_WRAITH,Fell Wraith,midgard,,
unit,UNIT_TREE_GUARDS,Tree Guards,midgard,,
unit,UNIT_FIREBALL,Fireball,midgard,,
unit,UNIT_ENVOY,Envoy,midgard,,
unit,UNIT_SPY,Spy,midgard,,
unit,UNIT_TRITON_LEGION,Triton Legion,midgard,,
unit,UNIT_JACK_OLANTERN,Jack O'Lantern,midgard,,
unit,UNIT_SKELETONS,Skeletons,midgard,,
unit,UNIT_BARROW_WIGHTS,Barrow Wights,midgard,,
unit,UNIT_PORPOISE_POD,Porpoise Pod,midgard,,
unit,UNIT_BABA_YAGA,Baba Yaga,midgard,,
unit,UNIT_FROST_GIANT,Frost Giant,midgard,,
unit,UNIT_GIANT_SPIDER,Giant Spider,midgard,,
unit,UNIT_KRAKEN,Kraken,midgard,,
unit,UNIT_DRAGON,Dragon,midgard,,
unit,UNIT_JORMUNGANDS_SPIT,Jormungand's Spit,midgard,,
unit,UNIT_NECROMANCER,Necromancer,midgard,,
unit,UNIT_ENGINEERS,Engineers,crusades,,
unit,UNIT_LIGHT_INFANTRY,Light Infantry,crusades,,
unit,UNIT_ARCHERS,Archers,crusades,,
unit,UNIT_LEGION,Legion,crusades,,
unit,UNIT_HEAVY_INFANTRY,Heavy Infantry,crusades,,
unit,UNIT_MUSKETEERS,Musketeers,crusades,yes,gunpowder
unit,UNIT_FANATICS,Fanatics,crusades,,
unit,UNIT_PARTISANS,Partisans,crusades,,
unit,UNIT_ALPINE_TROOPS,Alpine Troops,crusades,yes,modern infantry
unit,UNIT_RIFLEMEN,Riflemen,crusades,yes,firearms
unit,UNIT_MARINES,Marines,crusades,yes,modern infantry
unit,UNIT_PARATROOPERS,Paratroopers,crusades,yes,modern infantry
unit,UNIT_MECH_INF,Mech. Inf.,crusades,yes,modern infantry
unit,UNIT_MAMLUKS,Mamluks,crusades,,
unit,UNIT_HEAVY_CAVALRY,Heavy Cavalry,crusades,,
unit,UNIT_VARANG_GUARD,Varang. Guard,crusades,,
unit,UNIT_CRUSADERS,Crusaders,crusades,,
unit,UNIT_ASCARIS,Ascaris,crusades,,
unit,UNIT_TURCOPOLES,Turcopoles,crusades,,
unit,UNIT_ARMOR,Armor,crusades,yes,modern armor
unit,UNIT_CANNON,Cannon,crusades,yes,gunpowder artillery
unit,UNIT_ARTILLERY,Artillery,crusades,yes,modern artillery
unit,UNIT_HOWITZER,Howitzer,crusades,yes,modern artillery
unit,UNIT_FIGHTER,Fighter,crusades,yes,modern aircraft
unit,UNIT_BOMBER,Bomber,crusades,yes,modern aircraft
unit,UNIT_HELICOPTER,Helicopter,crusades,yes,helicopter
unit,UNIT_STLTH_FTR,Stlth Ftr.,crusades,yes,modern aircraft
unit,UNIT_STLTH_BMBR,Stlth Bmbr.,crusades,yes,modern aircraft
unit,UNIT_TRIREME,Trireme,crusades,,
unit,UNIT_CARAVEL,Caravel,crusades,,
unit,UNIT_GALLEON,Galleon,crusades,,
unit,UNIT_FRIGATE,Frigate,crusades,,
unit,UNIT_IRONCLAD,Ironclad,crusades,,
unit,UNIT_DESTROYER,Destroyer,crusades,yes,modern warship
unit,UNIT_CRUISER,Cruiser,crusades,yes,modern warship
unit,UNIT_AEGIS_CRUISER,AEGIS Cruiser,crusades,yes,modern warship
unit,UNIT_BATTLESHIP,Battleship,crusades,yes,modern warship
unit,UNIT_SUBMARINE,Submarine,crusades,yes,modern submarine
unit,UNIT_CARRIER,Carrier,crusades,yes,modern carrier
unit,UNIT_TRANSPORT,Transport,crusades,,
unit,UNIT_CRUISE_MSL,Cruise Msl.,crusades,yes,missile
unit,UNIT_NUCLEAR_MSL,Nuclear Msl.,crusades,yes,nuclear
unit,UNIT_FREIGHT,Freight,crusades,yes,modern logistics
unit,UNIT_EXPLORER,Explorer,crusades,,
unit,UNIT_ASSASSIN,Assassin,crusades,,
unit,UNIT_KNIGHTS_TEMPLAR,Knights Templar,crusades,,
unit,UNIT_KNIGHTS_HOSP,Knights Hosp.,crusades,,
unit,UNIT_HURRICANE,Hurricane,cradle,,
unit,UNIT_ABOLITIONIST,Abolitionist,cradle,,
unit,UNIT_AIRCRAFT_CARRIER,Aircraft Carrier,cradle,yes,era: AGE_SIX (via NAVAL_AVIATION)
unit,UNIT_AMBASSADOR,Ambassador,cradle,,
unit,UNIT_ARQUEBUSIER,Arquebusier,cradle,,
unit,UNIT_ELITE_ARQUEBUSIER,Elite Arquebusier,cradle,,
unit,UNIT_BALLISTA,Ballista,cradle,,
unit,UNIT_BERZERKER,Berzerker,cradle,,
unit,UNIT_BIREME,Bireme,cradle,,
unit,UNIT_BRIGADIER,Brigadier,cradle,,
unit,UNIT_CAMEL,Camel,cradle,,
unit,UNIT_CARGO_HELICOPTER,Cargo Helicopter,cradle,yes,era: AGE_SIX (via VERTICAL_FLIGHT_AIRCRAFT)
unit,UNIT_CATAPHRACT,Cataphract,cradle,,
unit,UNIT_CHARIOT,Chariot,cradle,,
unit,UNIT_CITY,City,cradle,,
unit,UNIT_CLERIC,Cleric,cradle,,
unit,UNIT_CLUB_WARRIOR,Club Warrior,cradle,,
unit,UNIT_ELITE_CLUB_WARRIOR,Elite Club Warrior,cradle,,
unit,UNIT_COG,Cog,cradle,,
unit,UNIT_COLONEL,Colonel,cradle,,
unit,UNIT_COMPOSITE_ARCHER,Composite Archer,cradle,,
unit,UNIT_CONSCRIPT,Conscript,cradle,yes,era: AGE_FIVE (via DEMOCRACY)
unit,UNIT_CORPORATE_BRANCH,Corporate Branch,cradle,yes,era: AGE_SIX (via CORPORATION)
unit,UNIT_CRAWLER,Crawler,cradle,,
unit,UNIT_CROSSBOWMAN,Crossbowman,cradle,,
unit,UNIT_CRUISE_MISSILE,Cruise Missile,cradle,yes,era: AGE_SEVEN (via GUIDED_WEAPON_SYSTEMS)
unit,UNIT_CYBER_ATTORNEY,Cyber Attorney,cradle,yes,era: AGE_EIGHT (via DIGITAL_ENCRYPTION)
unit,UNIT_CYBER_NINJA,Cyber Ninja,cradle,yes,era: AGE_EIGHT (via NEURAL_INTERFACE)
unit,UNIT_DINOSAUR,Dinosaur,cradle,,
unit,UNIT_DIPLOMAT,Diplomat,cradle,,
unit,UNIT_DREADNAUGHT,Dreadnaught,cradle,yes,era: AGE_NINE (via SMART_MATERIALS)
unit,UNIT_DROMON,Dromon,cradle,,
unit,UNIT_EARLY_GALLEY,Early Galley,cradle,,
unit,UNIT_ECO_RANGER,Eco-Ranger,cradle,yes,era: AGE_NINE (via ECOTOPIA)
unit,UNIT_ECO_TERRORIST,Eco-Terrorist,cradle,yes,era: AGE_NINE (via ECOTOPIA)
unit,UNIT_WAR_ELEPHANT,War Elephant,cradle,,
unit,UNIT_EMISSARY,Emissary,cradle,,
unit,UNIT_EMPATHIC_DIPLOMAT,Empathic Diplomat,cradle,,
unit,UNIT_FASCIST,Fascist,cradle,yes,era: AGE_FIVE (via FASCISM)
unit,UNIT_SUBCHASER,Subchaser,cradle,yes,era: AGE_SIX (via MASS_PRODUCTION)
unit,UNIT_FUSION_TANK,Fusion Tank,cradle,yes,era: AGE_NINE (via FUSION)
unit,UNIT_GREAT_GENERAL,Great General,cradle,,
unit,UNIT_GREAT_KING,Great King,cradle,,
unit,UNIT_HALBERDIER,Halberdier,cradle,,
unit,UNIT_ELITE_HALBERDIER,Elite Halberdier,cradle,,
unit,UNIT_HEAVY_TANK,Heavy Tank,cradle,yes,modern armor
unit,UNIT_HERO,Hero,cradle,,
unit,UNIT_HIRED_THUG,Hired Thug,cradle,,
unit,UNIT_HOPLITE,Hoplite,cradle,,
unit,UNIT_ELITE_HOPLITE,Elite Hoplite,cradle,,
unit,UNIT_HOPLITE_MILITIA,Hoplite Militia,cradle,,
unit,UNIT_HORSEMAN,Horseman,cradle,,
unit,UNIT_HOVER_INFANTRY,Hover Infantry,cradle,yes,era: AGE_EIGHT (via CHAOS_THEORY)
unit,UNIT_ELITE_HOVER_INFANTRY,Elite Hover Infantry,cradle,,
unit,UNIT_HOVER_INFANTRY_MILITIA,Hover Infantry Militia,cradle,,
unit,UNIT_HYPASPISTS,Hypaspists,cradle,,
unit,UNIT_ELITE_HYPASPIST,Elite Hypaspist,cradle,,
unit,UNIT_INFANTRYMAN,Infantryman,cradle,,
unit,UNIT_ELITE_INFANTRY,Elite Infantry,cradle,,
unit,UNIT_INFANTRYMAN_MILITIA,Infantryman Militia,cradle,,
unit,UNIT_INFECTOR,Infector,cradle,,
unit,UNIT_INTERCEPTOR,Interceptor,cradle,yes,era: AGE_SEVEN (via SUPERSONIC_FLIGHT)
unit,UNIT_JANISSARY,Janissary,cradle,,
unit,UNIT_JAVELIN_CAVALRY,Javelin Cavalry,cradle,,
unit,UNIT_KINGS_EYE,King's Eye,cradle,,
unit,UNIT_KNIGHT,Knight,cradle,,
unit,UNIT_LAWYER,Lawyer,cradle,yes,era: AGE_SIX (via CRIMINAL_CODE)
unit,UNIT_LEGAL_TEAM,Legal Team,cradle,,
unit,UNIT_ELITE_LEGION,Elite Legion,cradle,,
unit,UNIT_LEGION_MILITIA,Legion Militia,cradle,,
unit,UNIT_LEVIATHAN,Leviathan,cradle,yes,era: AGE_NINE (via UNIFIED_PHYSICS)
unit,UNIT_LONGSHIP,Longship,cradle,,
unit,UNIT_MACHINE_GUNNER,Machine Gunner,cradle,yes,era: AGE_SIX (via MASS_PRODUCTION)
unit,UNIT_ELITE_MACHINE_GUNNER,Elite Machine Gunner,cradle,yes,firearms
unit,UNIT_MACHINE_GUNNER_MILITIA,Machine Gunner Militia,cradle,yes,firearms
unit,UNIT_MAN_AT_ARMS,Man at Arms,cradle,,
unit,UNIT_ELITE_MAN_AT_ARMS,Elite Man at Arms,cradle,,
unit,UNIT_MARINE,Marine,cradle,yes,era: AGE_SIX (via ADV_INFANTRY_TACTICS)
unit,UNIT_ELITE_MARINE,Elite Marine,cradle,,
unit,UNIT_MERCHANT_TRADER,Merchant Trader,cradle,,
unit,UNIT_MOBILE_ARTILLERY,Mobile Artillery,cradle,yes,modern artillery
unit,UNIT_MOBILE_SAM,Mobile SAM,cradle,yes,era: AGE_SIX (via RADAR)
unit,UNIT_MORAY_STRIKER,Moray Striker,cradle,yes,era: AGE_EIGHT (via GENETICS)
unit,UNIT_MOUNTED_ARCHER,Mounted Archer,cradle,,
unit,UNIT_NUCLEAR_SUBMARINE,Nuclear Submarine,cradle,yes,era: AGE_SEVEN (via NUCLEAR_POWER)
unit,UNIT_NUKE,Nuke,cradle,yes,era: AGE_SEVEN (via NUCLEAR_POWER)
unit,UNIT_SEA_COLONY,Sea Colony,cradle,,
unit,UNIT_ONAGER,Onager,cradle,,
unit,UNIT_ORGANIZER,Organizer,cradle,,
unit,UNIT_PARATROOPER,Paratrooper,cradle,yes,era: AGE_SIX (via ADV_INFANTRY_TACTICS)
unit,UNIT_PATRIARCH,Patriarch,cradle,,
unit,UNIT_PEZHETAIROI,Pezhetairoi,cradle,,
unit,UNIT_ELITE_PIKEMAN,Elite Pikeman,cradle,,
unit,UNIT_PIKEMAN_MILITIA,Pikeman Militia,cradle,,
unit,UNIT_PLASMA_DESTROYER,Plasma Destroyer,cradle,yes,era: AGE_NINE (via PLASMA_WEAPONRY)
unit,UNIT_PLUNDER_I,Plunder I,cradle,,
unit,UNIT_PLUNDER_II___CAPTIVES,Plunder II - Captives,cradle,,
unit,UNIT_PLUNDER_III,Plunder III,cradle,,
unit,UNIT_PLUNDER_IV,Plunder IV,cradle,,
unit,UNIT_PRAETORIAN,Praetorian,cradle,,
unit,UNIT_PROPHET,Prophet,cradle,,
unit,UNIT_QUINQUEREME,Quinquereme,cradle,,
unit,UNIT_RAIDER,Raider,cradle,,
unit,UNIT_RED_GUARD,Red Guard,cradle,yes,era: AGE_FIVE (via COMMUNISM)
unit,UNIT_REED_BOAT,Reed Boat,cradle,,
unit,UNIT_SCOUT,Scout,cradle,yes,era: AGE_FIVE (via INDUSTRIAL_REVOLUTION)
unit,UNIT_SCOUT_SUB,Scout Sub,cradle,,
unit,UNIT_SEA_ENGINEER,Sea Engineer,cradle,yes,era: AGE_EIGHT (via NANO_ASSEMBLY)
unit,UNIT_SECRET_AGENT,Secret Agent,cradle,yes,era: AGE_FIVE (via COMMUNISM)
unit,UNIT_SETTLERCOLONIST,Settler/Colonist,cradle,,
unit,UNIT_SHIP_OF_THE_LINE,Ship of the Line,cradle,,
unit,UNIT_SLAVER,Slaver,cradle,,
unit,UNIT_SLAVE_TRADER,Slave Trader,cradle,,
unit,UNIT_SLINGER,Slinger,cradle,,
unit,UNIT_SPACE_COLONY,Space Colony,cradle,yes,sci-fi
unit,UNIT_SPACE_PLANE,Space Plane,cradle,yes,era: AGE_EIGHT (via SPACE_FLIGHT)
unit,UNIT_SPEARMAN,Spearman,cradle,,
unit,UNIT_ELITE_SPEARMAN,Elite Spearman,cradle,,
unit,UNIT_SPEARMAN_MILITIA,Spearman Militia,cradle,,
unit,UNIT_SPY_PLANE,Spy Plane,cradle,yes,era: AGE_EIGHT (via AI_SURVEILLANCE)
unit,UNIT_STEALTH_BOMBER,Stealth Bomber,cradle,yes,era: AGE_SEVEN (via ADVANCED_COMPOSITES)
unit,UNIT_STEALTH_FIGHTER,Stealth Fighter,cradle,yes,era: AGE_SEVEN (via ADVANCED_COMPOSITES)
unit,UNIT_STEAMSHIP,Steamship,cradle,yes,era: AGE_FIVE (via INDUSTRIAL_REVOLUTION)
unit,UNIT_SUBNEURAL_AD,Subneural Ad,cradle,yes,era: AGE_EIGHT (via NEURAL_INTERFACE)
unit,UNIT_TANK,Tank,cradle,yes,era: AGE_SIX (via TANK_WARFARE)
unit,UNIT_TELEVANGELIST,Televangelist,cradle,yes,era: AGE_SIX (via MASS_MEDIA)
unit,UNIT_TEUTONIC_KNIGHT,Teutonic Knight,cradle,,
unit,UNIT_TREBUCHET,Trebuchet,cradle,,
unit,UNIT_TROOP_SHIP,Troop Ship,cradle,yes,era: AGE_SIX (via INTERNAL_COMBUSTION)
unit,UNIT_URBAN_PLANNER,Urban Planner,cradle,yes,era: AGE_SIX (via ADV_URBAN_PLANNING)
unit,UNIT_WAR_WALKER,War Walker,cradle,yes,era: AGE_NINE (via CYBERNETICS)
unit,UNIT_FREIGHT_TRANSPORT,Freight Transport,cradle,yes,era: AGE_SEVEN (via GLOBAL_ECONOMICS)
unit,UNIT_ALEXANDER_THE_GREAT,Alexander the Great,cradle,,
unit,UNIT_GENGHIS,Genghis,cradle,,
unit,UNIT_SARGON,Sargon,cradle,,
unit,UNIT_HANNIBAL,Hannibal,cradle,,
unit,UNIT_CAESAR,Caesar,cradle,,
unit,UNIT_ATTILA,Attila,cradle,,
unit,UNIT_SALADIN,Saladin,cradle,,
unit,UNIT_CHARLEMAGNE,Charlemagne,cradle,,
unit,UNIT_HERNAN_CORTES,Hernan Cortes,cradle,,
unit,UNIT_ULYSSES_GRANT,Ulysses Grant,cradle,,
unit,UNIT_GILGAMESH,Gilgamesh,cradle,,
unit,UNIT_FIELD_MARSHALL,Field Marshall,cradle,,
unit,UNIT_GENERAL,General,cradle,,
unit,UNIT_DWIGHT_EISENHOWER,Dwight Eisenhower,cradle,yes,era leak: modern figure
unit,UNIT_NORMAN_SCHWARZKOPF,Norman Schwarzkopf,cradle,,
unit,UNIT_DAVID,David,cradle,,
unit,UNIT_HAMMURABI,Hammurabi,cradle,,
unit,UNIT_KHALID_IBN_AL_WALID,Khalid ibn al-Walid,cradle,,
unit,UNIT_KHUFU,Khufu,cradle,,
unit,UNIT_LEONIDAS,Leonidas,cradle,,
unit,UNIT_MARIUS,Marius,cradle,,
unit,UNIT_NEBUCHADNEZZAR,Nebuchadnezzar,cradle,,
unit,UNIT_PACAL,Pacal,cradle,,
unit,UNIT_RAMESSES,Ramesses,cradle,,
unit,UNIT_SPARTACUS,Spartacus,cradle,,
unit,UNIT_SUN_TZU,Sun Tzu,cradle,,
unit,UNIT_MONITOR,Monitor,cradle,yes,era: AGE_FIVE (via INDUSTRIAL_REVOLUTION)
unit,UNIT_MAN_AT_ARMS_MILITIA,Man At Arms Militia,aom,,
unit,UNIT_ADVANCED_WARRIOR,Advanced Warrior,aom,,
unit,UNIT_AT_GUN,At Gun,aom,,
unit,UNIT_ATTACK_HELICOPTER,Attack Helicopter,aom,yes,era: AGE_SIX (via VERTICAL_FLIGHT_AIRCRAFT)
unit,UNIT_AUXILLIARY_LEGION,Auxilliary Legion,aom,,
unit,UNIT_BELFROI,Belfroi,aom,,
unit,UNIT_BIPLANE,Biplane,aom,yes,era leak: modern aircraft
unit,UNIT_CARRACK,Carrack,aom,,
unit,UNIT_CHARIOT_ARCHER,Chariot Archer,aom,,
unit,UNIT_COLLOSUS,Collosus,aom,yes,era: AGE_NINE (via SMART_MATERIALS)
unit,UNIT_COMMUNIST,Communist,aom,yes,era: AGE_FIVE (via COMMUNISM)
unit,UNIT_CONSCRIPT_LEGION,Conscript Legion,aom,,
unit,UNIT_CONSCRIPT_SWORDSMAN,Conscript Swordsman,aom,,
unit,UNIT_CORACLE,Coracle,aom,,
unit,UNIT_DIVE_BOMBER,Dive Bomber,aom,yes,era: AGE_SIX (via AERODYNAMICS)
unit,UNIT_EAGLE_ARCHER,Eagle Archer,aom,,
unit,UNIT_EAGLE_WARRIOR,Eagle Warrior,aom,,
unit,UNIT_ELEPHANT_WARRIOR,Elephant Warrior,aom,,
unit,UNIT_FEUDAL_CAVALRY,Feudal Cavalry,aom,,
unit,UNIT_FEUDAL_INFANTRY,Feudal Infantry,aom,,
unit,UNIT_FLYING_FORTRESS,Flying Fortress,aom,yes,era leak: modern aircraft
unit,UNIT_PT_BOAT,PT Boat,aom,yes,era: AGE_SIX (via MASS_PRODUCTION)
unit,UNIT_HEAVY_SPEARMAN,Heavy Spearman,aom,,
unit,UNIT_HEAVY_SWORDSMAN,Heavy Swordsman,aom,,
unit,UNIT_HEPTIREME,Heptireme,aom,,
unit,UNIT_HUN_RAIDER,Hun Raider,aom,,
unit,UNIT_ILYUSHIN,Ilyushin,aom,yes,era: AGE_FIVE (via COMMUNISM)
unit,UNIT_IMPERIAL_ENVOY,Imperial Envoy,aom,,
unit,UNIT_JAVELINEER,Javelineer,aom,,
unit,UNIT_KNIGHT_TEMPLAR,Knight Templar,aom,,
unit,UNIT_LONGBOW,Longbow,aom,,
unit,UNIT_MAMELUKE,Mameluke,aom,,
unit,UNIT_MECHANISED_INFANTRY,Mechanised Infantry,aom,,
unit,UNIT_MEDIEVAL_INFANTRY,Medieval Infantry,aom,,
unit,UNIT_MESERSCHMIT,Meserschmit,aom,yes,era: AGE_FIVE (via FASCISM)
unit,UNIT_MIGRANT,Migrant,aom,,
unit,UNIT_MODERN_ARMOUR,Modern Armour,aom,yes,era: AGE_NINE (via CYBERNETICS)
unit,UNIT_MUSKETMAN,Musketman,aom,yes,gunpowder
unit,UNIT_PANZER,Panzer,aom,yes,era: AGE_FIVE (via FASCISM)
unit,UNIT_PEZHETEROI,Pezheteroi,aom,,
unit,UNIT_PHALANX,Phalanx,aom,,
unit,UNIT_PIKEMEN,Pikemen,aom,,
unit,UNIT_PLASMADESTROYER,Plasma	Destroyer,aom,yes,era: AGE_NINE (via PLASMA_WEAPONRY)
unit,UNIT_PELTAST,Peltast,aom,,
unit,UNIT_PRAETORIANS,Praetorians,aom,,
unit,UNIT_PRINCESS,Princess,aom,,
unit,UNIT_RADAR_ARTILLERY,Radar Artillery,aom,yes,era: AGE_SEVEN (via COMPUTER)
unit,UNIT_REVOLUTIONARY,Revolutionary,aom,yes,era: AGE_FIVE (via COMMUNISM)
unit,UNIT_RIFLEMAN,Rifleman,aom,yes,firearms
unit,UNIT_SAPHIA,Saphia,aom,,
unit,UNIT_SAMURAI,Samurai,aom,,
unit,UNIT_SLAVEMASTER,Slavemaster,aom,,
unit,UNIT_SPITFIRE,Spitfire,aom,yes,era: AGE_FIVE (via DEMOCRACY)
unit,UNIT_STUKA,Stuka,aom,yes,era: AGE_FIVE (via FASCISM)
unit,UNIT_SUPPLY_TRAIN,Supply Train,aom,,
unit,UNIT_SUPPLY_COLUMN,Supply Column,aom,yes,era: AGE_SIX (via MASS_PRODUCTION)
unit,UNIT_T34,T34,aom,yes,era: AGE_FIVE (via COMMUNISM)
unit,UNIT_TIGER,Tiger,aom,,
unit,UNIT_WARRIOR,Warrior,aom,,
unit,UNIT_YAK9,Yak9,aom,yes,era: AGE_FIVE (via COMMUNISM)
unit,UNIT_BARON,Baron,aom,,
unit,UNIT_MARSHALL,Marshall,aom,,
unit,UNIT_TRIBAL_LEADER,Tribal Leader,aom,,
unit,UNIT_TARKAN,Tarkan,aom,,
unit,UNIT_KESHIK,Keshik,aom,,
unit,UNIT_RAMSES,Ramses,aom,,
unit,UNIT_NEBUCHADNEZZER,Nebuchadnezzer,aom,,
unit,UNIT_CHARLEMANGE,Charlemange,aom,,
unit,UNIT_GUSTAVAS_ADOLPHUS,Gustavas Adolphus,aom,,
unit,UNIT_WILLIAM_PITT,William Pitt,aom,,
unit,UNIT_NAPOLEON,Napoleon,aom,,
unit,UNIT_TOKUGAWA,Tokugawa,aom,,
unit,UNIT_HERACLIUS,Heraclius,aom,,
unit,UNIT_BARBAROSSA,Barbarossa,aom,,
unit,UNIT_MONTEZUMA,Montezuma,aom,,
unit,UNIT_WILLIAM_THE_CONQUEROR,William The Conqueror,aom,,
unit,UNIT_GENGHIS_KHAN,Genghis Khan,aom,,
unit,UNIT_SOLIMAN_THE_MAGNIFICENT,Soliman The Magnificent,aom,,
unit,UNIT_TUTHMOSIS_III,Tuthmosis Iii,aom,,
unit,UNIT_EPAMINONDAS,Epaminondas,aom,,
unit,UNIT_VERCINGETORIX,Vercingetorix,aom,,
unit,UNIT_SCIPIO_AFRICANUS,Scipio Africanus,aom,,
unit,UNIT_BELISARIUS,Belisarius,aom,,
unit,UNIT_LEIV_ERIKSON,Leiv Erikson,aom,,
unit,UNIT_WU_TI,Wu Ti,aom,,
unit,UNIT_CHARLES_MARTEL,Charles Martel,aom,,
unit,UNIT_EL_CID,El Cid,aom,,
unit,UNIT_BOHEMUND,Bohemund,aom,,
unit,UNIT_DE_LA_VALETTE,De La Valette,aom,,
unit,UNIT_RICHARD_THE_LIONHEART,Richard The Lionheart,aom,,
unit,UNIT_ALP_ARSLAN,Alp Arslan,aom,,
unit,UNIT_JAN_ZISKA,Jan Ziska,aom,,
unit,UNIT_GONSALVO,Gonsalvo,aom,,
unit,UNIT_MARLBOROUGH,Marlborough,aom,,
unit,UNIT_WELLINGTON,Wellington,aom,,
unit,UNIT_DAVOUT,Davout,aom,,
unit,UNIT_DAVEY_CROCKET,Davey Crocket,aom,,
unit,UNIT_OYAMA,Oyama,aom,,
unit,UNIT_LUDENDORF,Ludendorf,aom,,
unit,UNIT_ROMMEL,Rommel,aom,,
unit,UNIT_PATTON,Patton,aom,,
unit,UNIT_MACARTHUR,Macarthur,aom,,
unit,UNIT_MOSHE_DAYAN,Moshe Dayan,aom,,
unit,UNIT_KING,King,aom,,
unit,UNIT_TOWN_WATCH,Town Watch,aom,,
unit,UNIT_ELITE_ADVANCED_WARRIOR,Elite Advanced Warrior,aom,,
unit,UNIT_ELITE_HEAVY_SWORDSMAN,Elite Heavy Swordsman,aom,,
unit,UNIT_ELITE_PHALANX,Elite Phalanx,aom,,
unit,UNIT_ELITE_PELTAST,Elite Peltast,aom,,
unit,UNIT_ELITE_AUXILLIARY_LEGION,Elite Auxilliary Legion,aom,,
unit,UNIT_ELITE_JAVELIN_CAVALRY,Elite Javelin Cavalry,aom,,
unit,UNIT_ELITE_CHARIOT,Elite Chariot,aom,,
unit,UNIT_ELITE_CHARIOT_ARCHER,Elite Chariot Archer,aom,,
unit,UNIT_ELITE_ARCHER,Elite Archer,aom,,
unit,UNIT_ELITE_COMPOSITE_ARCHER,Elite Composite Archer,aom,,
unit,UNIT_ELITE_GALLEY,Elite Galley,aom,,
unit,UNIT_ELITE_TRIREME,Elite Trireme,aom,,
unit,UNIT_ELITE_HORSEMAN,Elite Horseman,aom,,
unit,UNIT_ELITE_HEAVY_CAVALRY,Elite Heavy Cavalry,aom,,
unit,UNIT_ELITE_CATAPULT,Elite Catapult,aom,,
unit,UNIT_ELITE_CATAPHRACT,Elite Cataphract,aom,,
unit,UNIT_ELITE_BELFROI,Elite Belfroi,aom,,
unit,UNIT_ELITE_TREBUCHET,Elite Trebuchet,aom,,
unit,UNIT_ELITE_KNIGHT,Elite Knight,aom,,
unit,UNIT_ELITE_PIKEMEN,Elite Pikemen,aom,,
unit,UNIT_ELITE_CROSSBOWMAN,Elite Crossbowman,aom,,
unit,UNIT_ELITE_PRAETORIANS,Elite Praetorians,aom,,
unit,UNIT_ELITE_ELEPHANT_WARRIOR,Elite Elephant Warrior,aom,,
unit,UNIT_ELITE_JANISSARY,Elite Janissary,aom,,
unit,UNIT_ELITE_TEUTONIC_KNIGHT,Elite Teutonic Knight,aom,,
unit,UNIT_ELITE_HEPTIREME,Elite Heptireme,aom,,
unit,UNIT_ELITE_DROMON,Elite Dromon,aom,,
unit,UNIT_ELITE_HYPASPISTS,Elite Hypaspists,aom,,
unit,UNIT_ELITE_PEZHETEROI,Elite Pezheteroi,aom,,
unit,UNIT_ELITE_FEUDAL_INFANTRY,Elite Feudal Infantry,aom,,
unit,UNIT_ELITE_LONGBOW,Elite Longbow,aom,,
unit,UNIT_ELITE_FEUDAL_CAVALRY,Elite Feudal Cavalry,aom,,
unit,UNIT_ELITE_MEDIEVAL_INFANTRY,Elite Medieval Infantry,aom,,
unit,UNIT_ELITE_KNIGHT_TEMPLAR,Elite Knight Templar,aom,,
unit,UNIT_ELITE_EAGLE_ARCHER,Elite Eagle Archer,aom,,
unit,UNIT_ELITE_EAGLE_WARRIOR,Elite Eagle Warrior,aom,,
unit,UNIT_ELITE_MAMELUKE,Elite Mameluke,aom,,
unit,UNIT_ELITE_SAPHIA,Elite Saphia,aom,,
unit,UNIT_ELITE_SAMURAI,Elite Samurai,aom,,
unit,UNIT_ELITE_ONAGER,Elite Onager,aom,,
unit,UNIT_ELITE_AIRCRAFT_CARRIER,Elite Aircraft Carrier,aom,yes,era: AGE_SIX (via NAVAL_AVIATION)
unit,UNIT_ELITE_BATTLESHIP,Elite Battleship,aom,yes,era: AGE_SIX (via ADV_NAVAL_TACTICS)
unit,UNIT_ELITE_ARTILLERY,Elite Artillery,aom,yes,era: AGE_FIVE (via EXPLOSIVES)
unit,UNIT_ELITE_BOMBER,Elite Bomber,aom,yes,era: AGE_SIX (via JET_PROPULSION)
unit,UNIT_ELITE_CANNON,Elite Cannon,aom,yes,gunpowder artillery
unit,UNIT_ELITE_CAVALRY,Elite Cavalry,aom,,
unit,UNIT_ELITE_FIGHTER,Elite Fighter,aom,yes,era: AGE_SIX (via AERODYNAMICS)
unit,UNIT_ELITE_INFANTRYMAN,Elite Infantryman,aom,,
unit,UNIT_ELITE_INTERCEPTOR,Elite Interceptor,aom,yes,era: AGE_SEVEN (via SUPERSONIC_FLIGHT)
unit,UNIT_ELITE_MECHANISED_INFANTRY,Elite Mechanised Infantry,aom,,
unit,UNIT_ELITE_MUSKETMAN,Elite Musketman,aom,yes,gunpowder
unit,UNIT_ELITE_PARATROOPER,Elite Paratrooper,aom,yes,era: AGE_SIX (via ADV_INFANTRY_TACTICS)
unit,UNIT_ELITE_RADAR_ARTILLERY,Elite Radar Artillery,aom,yes,era: AGE_SEVEN (via COMPUTER)
unit,UNIT_ELITE_RIFLEMAN,Elite Rifleman,aom,yes,firearms
unit,UNIT_ELITE_TANK,Elite Tank,aom,yes,modern armor
unit,UNIT_COLUMN_BUILDER,Column Builder,aom,,
unit,UNIT_ARCH_BUILDER,Arch Builder,aom,,
unit,UNIT_FORTRESS_BUILDER,Fortress Builder,aom,,
unit,UNIT_SCIENCE_BUILDER,Science Builder,aom,,
unit,UNIT_PEACE_BUILDER,Peace Builder,aom,,
unit,UNIT_ASSAULT,Assault,aom,,
unit,UNIT_FISHING_FLEET,Fishing Fleet,aom,,
unit,UNIT_OCEAN_FISHING_FLEET,Ocean Fishing Fleet,aom,,
unit,UNIT_SCIENTIST,Scientist,aom,yes,era: AGE_FIVE (via INDUSTRIAL_REVOLUTION)
unit,UNIT_UN_PEACE_KEEPER,Un Peace Keeper,aom,yes,era: AGE_SIX (via ADV_URBAN_PLANNING)
unit,UNIT_AID_WORKER,Aid Worker,aom,yes,era: AGE_FIVE (via EXPLOSIVES)
unit,UNIT_FIRE_TRIREME,Fire Trireme,aom,,
unit,UNIT_H_ANGMAR,H Angmar,lotr,,
unit,UNIT_ANGMAR_H1,Angmar H1,lotr,,
unit,UNIT_ANGMAR_H2,Angmar H2,lotr,,
unit,UNIT_ANGMAR_H3,Angmar H3,lotr,,
unit,UNIT_ANGMAR_H4,Angmar H4,lotr,,
unit,UNIT_H_ARNOR,H Arnor,lotr,,
unit,UNIT_ARNOR_H1,Arnor H1,lotr,,
unit,UNIT_ARNOR_H2,Arnor H2,lotr,,
unit,UNIT_ARNOR_H3,Arnor H3,lotr,,
unit,UNIT_ARNOR_H4,Arnor H4,lotr,,
unit,UNIT_H_DWARVES,H Dwarves,lotr,,
unit,UNIT_DWARVES_H1,Dwarves H1,lotr,,
unit,UNIT_DWARVES_H2,Dwarves H2,lotr,,
unit,UNIT_DWARVES_H3,Dwarves H3,lotr,,
unit,UNIT_DWARVES_H4,Dwarves H4,lotr,,
unit,UNIT_H_EASTERLING,H Easterling,lotr,,
unit,UNIT_EASTERLING_H1,Easterling H1,lotr,,
unit,UNIT_EASTERLING_H2,Easterling H2,lotr,,
unit,UNIT_EASTERLING_H3,Easterling H3,lotr,,
unit,UNIT_H_GONDOR,H Gondor,lotr,,
unit,UNIT_GONDOR_H1,Gondor H1,lotr,,
unit,UNIT_GONDOR_H2,Gondor H2,lotr,,
unit,UNIT_GONDOR_H3,Gondor H3,lotr,,
unit,UNIT_GONDOR_H4,Gondor H4,lotr,,
unit,UNIT_GONDOR_H5,Gondor H5,lotr,,
unit,UNIT_GONDOR_H6,Gondor H6,lotr,,
unit,UNIT_H_HARADRIM,H Haradrim,lotr,,
unit,UNIT_HARADRIM_H1,Haradrim H1,lotr,,
unit,UNIT_HARADRIM_H2,Haradrim H2,lotr,,
unit,UNIT_HARADRIM_H3,Haradrim H3,lotr,,
unit,UNIT_H_HOBBITS,H Hobbits,lotr,,
unit,UNIT_HOBBITS_H1,Hobbits H1,lotr,,
unit,UNIT_HOBBITS_H2,Hobbits H2,lotr,,
unit,UNIT_HOBBITS_H3,Hobbits H3,lotr,,
unit,UNIT_H_ISENGARD,H Isengard,lotr,,
unit,UNIT_H_MORDOR,H Mordor,lotr,,
unit,UNIT_MORDOR_H1,Mordor H1,lotr,,
unit,UNIT_MORDOR_H2,Mordor H2,lotr,,
unit,UNIT_MORDOR_H3,Mordor H3,lotr,,
unit,UNIT_MORDOR_H4,Mordor H4,lotr,,
unit,UNIT_MORDOR_H5,Mordor H5,lotr,,
unit,UNIT_MORDOR_H6,Mordor H6,lotr,,
unit,UNIT_MORDOR_H7,Mordor H7,lotr,,
unit,UNIT_H_NORTHMEN,H Northmen,lotr,,
unit,UNIT_H_ROHAN,H Rohan,lotr,,
unit,UNIT_ROHAN_H1,Rohan H1,lotr,,
unit,UNIT_ROHAN_H2,Rohan H2,lotr,,
unit,UNIT_ROHAN_H3,Rohan H3,lotr,,
unit,UNIT_ROHAN_H4,Rohan H4,lotr,,
unit,UNIT_ROHAN_H5,Rohan H5,lotr,,
unit,UNIT_H_SINDAR,H Sindar,lotr,,
unit,UNIT_SINDAR_H1,Sindar H1,lotr,,
unit,UNIT_SINDAR_H2,Sindar H2,lotr,,
unit,UNIT_SINDAR_H2A,Sindar H2A,lotr,,
unit,UNIT_SINDAR_H3,Sindar H3,lotr,,
unit,UNIT_SINDAR_H4,Sindar H4,lotr,,
unit,UNIT_PALANTIR_I,Palantir I,lotr,,
unit,UNIT_PALANTIR_II,Palantir Ii,lotr,,
unit,UNIT_PALANTIR_III,Palantir Iii,lotr,,
unit,UNIT_PALANTIR_IV,Palantir Iv,lotr,,
unit,UNIT_GANDALF_I,Gandalf I,lotr,,
unit,UNIT_GANDALF_II,Gandalf Ii,lotr,,
unit,UNIT_BALROG,Balrog,lotr,,
unit,UNIT_SMAUG,Smaug,lotr,,
unit,UNIT_STORM,Storm,lotr,,
unit,UNIT_FUMES,Fumes,lotr,,
unit,UNIT_WATCHER,Watcher,lotr,,
unit,UNIT_JAVELIN_CAVALRY_ORCS,Javelin Cavalry Orcs,lotr,,
unit,UNIT_JAVELIN_CAVALRY_ROHAN,Javelin Cavalry Rohan,lotr,,
unit,UNIT_CHARIOT_EASTERLING,Chariot Easterling,lotr,,
unit,UNIT_MOUNTED_ARCHER_ROHAN,Mounted Archer Rohan,lotr,,
unit,UNIT_MOUNTED_ARCHER_ELVES,Mounted Archer Elves,lotr,,
unit,UNIT_HORSEMAN_ELVES,Horseman Elves,lotr,,
unit,UNIT_HORSEMAN_ROHAN,Horseman Rohan,lotr,,
unit,UNIT_MURMAKIL,Murmakil,lotr,,
unit,UNIT_SPEARMAN_ELITE,Spearman Elite,lotr,,
unit,UNIT_SPEARMAN_ORCS,Spearman Orcs,lotr,,
unit,UNIT_WARRIOR_ELITE,Warrior Elite,lotr,,
unit,UNIT_WARRIOR_ORCS,Warrior Orcs,lotr,,
unit,UNIT_HOPLITE_ELITE,Hoplite Elite,lotr,,
unit,UNIT_HOPLITE_ORCS,Hoplite Orcs,lotr,,
unit,UNIT_HYPASPISTS_ELITE,Hypaspists Elite,lotr,,
unit,UNIT_HYPASPISTS_ORCS,Hypaspists Orcs,lotr,,
unit,UNIT_LEGION_ELITE,Legion Elite,lotr,,
unit,UNIT_LEGION_ISENGARD,Legion Isengard,lotr,,
unit,UNIT_LEGION_ORCS,Legion Orcs,lotr,,
unit,UNIT_LEGION_DWARVES,Legion Dwarves,lotr,,
unit,UNIT_MAN_AT_ARMS_ELITE,Man At Arms Elite,lotr,,
unit,UNIT_MAN_AT_ARMS_ORCS,Man At Arms Orcs,lotr,,
unit,UNIT_PIKEMEN_ELITE,Pikemen Elite,lotr,,
unit,UNIT_PIKEMEN_ORCS,Pikemen Orcs,lotr,,
unit,UNIT_SLINGER_ORCS,Slinger Orcs,lotr,,
unit,UNIT_SLINGER_ELVES,Slinger Elves,lotr,,
unit,UNIT_ARCHER_ORCS,Archer Orcs,lotr,,
unit,UNIT_ARCHER_ELVES,Archer Elves,lotr,,
unit,UNIT_COMPOSITE_ARCHER_ORCS,Composite Archer Orcs,lotr,,
unit,UNIT_COMPOSITE_ARCHER_ELVES,Composite Archer Elves,lotr,,
unit,UNIT_CROSSBOWMAN_ELVES,Crossbowman Elves,lotr,,
unit,UNIT_BIREME_HARADRIM,Bireme Haradrim,lotr,,
unit,UNIT_PLUNDER,Plunder,lotr,,
unit,UNIT_PLUNDER_II,Plunder Ii,lotr,,
unit,UNIT_LEVIATHON,Leviathon,lotr,yes,era: AGE_NINE (via UNIFIED_PHYSICS)
unit,UNIT_MOREY_STRIKER,Morey Striker,lotr,yes,era: AGE_EIGHT (via GENETICS)
unit,UNIT_OCEAN_CITY,Ocean City,lotr,,
unit,UNIT_SPACE_CITY,Space City,lotr,yes,sci-fi
unit,UNIT_Z_FREIGHT_TRANSPORT,Z Freight Transport,lotr,yes,era: AGE_SEVEN (via GLOBAL_ECONOMICS)
unit,UNIT_CATAMARAN,Catamaran,lotr,,
advance,ADVANCE_ALCHEMY,Alchemy,base,,
advance,ADVANCE_ALPHABET,Alphabet,base,,
advance,ADVANCE_ANIMISM,Animism,base,,
advance,ADVANCE_ASTROLOGY,Astrology,base,,
advance,ADVANCE_ELDRITCH_LORE,Eldritch Lore,base,,
advance,ADVANCE_USER_DEF_TECH_A,User Def Tech A,base,,
advance,ADVANCE_BANKING,Banking,base,,
advance,ADVANCE_BRIDGE_BUILDING,Bridge Building,base,,
advance,ADVANCE_BRONZE_WORKING,Bronze Working,base,,
advance,ADVANCE_CEREMONIAL_BURIAL,Ceremonial Burial,base,,
advance,ADVANCE_GREATER_FAUNA_LORE,Greater Fauna Lore,base,,
advance,ADVANCE_CHIVALRY,Chivalry,base,,
advance,ADVANCE_CODE_OF_LAWS,Code of Laws,base,,
advance,ADVANCE_HEALING,Healing,base,,
advance,ADVANCE_LESSER_ENCHANMENTS,Lesser Enchanments,base,,
advance,ADVANCE_EXTRA_ADVANCE_4,Extra Advance 4,base,,
advance,ADVANCE_METAMORPHOSIS,Metamorphosis,base,,
advance,ADVANCE_CONSTRUCTION,Construction,base,,
advance,ADVANCE_PANTHEISM,Pantheism,base,,
advance,ADVANCE_CURRENCY,Currency,base,,
advance,ADVANCE_RUNE_LORE,Rune Lore,base,,
advance,ADVANCE_SEA_MASTERY,Sea Mastery,base,,
advance,ADVANCE_SHAMANISM,Shamanism,base,,
advance,ADVANCE_THAUMATURGY,Thaumaturgy,base,,
advance,ADVANCE_TACTICS,Tactics,base,,
advance,ADVANCE_FEUDALISM,Feudalism,base,,
advance,ADVANCE_WIZARDRY,Wizardry,base,,
advance,ADVANCE_GLYPHS,Glyphs,base,,
advance,ADVANCE_LIFE_MAGIC,Life Magic,base,,
advance,ADVANCE_CHAOS_MAGIC,Chaos Magic,base,,
advance,ADVANCE_SORCERY,Sorcery,base,,
advance,ADVANCE_LIFE_LORE,Life Lore,base,,
advance,ADVANCE_IRON_WORKING,Iron Working,base,,
advance,ADVANCE_LIFE_ADEPT,Life Adept,base,,
advance,ADVANCE_LIFE_MAGE,Life Mage,base,,
advance,ADVANCE_HOLY_WARRIORS,Holy Warriors,base,,
advance,ADVANCE_LITERACY,Literacy,base,,
advance,ADVANCE_LIFE_WIZARD,Life Wizard,base,,
advance,ADVANCE_LIFE_MASTER,Life Master,base,,
advance,ADVANCE_MAP_MAKING,Map Making,base,,
advance,ADVANCE_MASONRY,Masonry,base,,
advance,ADVANCE_CHAOS_LORE,Chaos Lore,base,,
advance,ADVANCE_MATHEMATICS,Mathematics,base,,
advance,ADVANCE_CHAOS_ADEPT,Chaos Adept,base,,
advance,ADVANCE_CHAOS_MAGE,Chaos Mage,base,,
advance,ADVANCE_CHAOS_WIZARD,Chaos Wizard,base,,
advance,ADVANCE_CHAOS_MASTER,Chaos Master,base,,
advance,ADVANCE_MONARCHY,Monarchy,base,,
advance,ADVANCE_THEOLOGY,Theology,base,,
advance,ADVANCE_MYSTICISM,Mysticism,base,,
advance,ADVANCE_NAVIGATION,Navigation,base,,
advance,ADVANCE_GRAND_MASTERY,Grand Mastery,base,,
advance,ADVANCE_SORCERY_MAGE,Sorcery Mage,base,,
advance,ADVANCE_PHILOSOPHY,Philosophy,base,,
advance,ADVANCE_SORCERY_WIZARD,Sorcery Wizard,base,,
advance,ADVANCE_SORCERY_MASTER,Sorcery Master,base,,
advance,ADVANCE_NATURE_LORE,Nature Lore,base,,
advance,ADVANCE_NATURE_ADEPT,Nature Adept,base,,
advance,ADVANCE_POTTERY,Pottery,base,,
advance,ADVANCE_NATURE_MAGE,Nature Mage,base,,
advance,ADVANCE_GREATER_ENCHANTMENTS,Greater Enchantments,base,,
advance,ADVANCE_NATURE_WIZARD,Nature Wizard,base,,
advance,ADVANCE_NATURE_MASTER,Nature Master,base,,
advance,ADVANCE_DEATH_LORE,Death Lore,base,,
advance,ADVANCE_THE_REPUBLIC,The Republic,base,,
advance,ADVANCE_DEATH_ADEPT,Death Adept,base,,
advance,ADVANCE_SANITATION,Sanitation,base,,
advance,ADVANCE_SEAFARING,Seafaring,base,,
advance,ADVANCE_DEATH_MAGE,Death Mage,base,,
advance,ADVANCE_DEATH_WIZARD,Death Wizard,base,,
advance,ADVANCE_DEATH_MASTER,Death Master,base,,
advance,ADVANCE_LEADERSHIP,Leadership,base,,
advance,ADVANCE_SORCEROUS_LORE,Sorcerous Lore,base,,
advance,ADVANCE_TRADE,Trade,base,,
advance,ADVANCE_UNIVERSITY,University,base,,
advance,ADVANCE_WARRIOR_CODE,Warrior Code,base,,
advance,ADVANCE_WRITING,Writing,base,,
advance,ADVANCE_FUTURE_TECHNOLOGY,Future Technology,base,,
advance,ADVANCE_FORCES_OF_NATURE,Forces of Nature,base,,
advance,ADVANCE_DEATH_MAGIC,Death Magic,base,,
advance,ADVANCE_SEA_LORE,Sea Lore,base,,
advance,ADVANCE_NATURE_MAGIC,Nature Magic,base,,
advance,ADVANCE_SORCERY_ADEPT,Sorcery Adept,base,,
advance,ADVANCE_ARTIFICING,Artificing,base,,
advance,ADVANCE_LESSER_FAUNA_LORE,Lesser Fauna Lore,base,,
advance,ADVANCE_PYROTECHNICS,Pyrotechnics,base,,
advance,ADVANCE_OCCULT_STUDIES,Occult Studies,base,,
advance,ADVANCE_ZZ_ADVANCED_FLIGHT,zz Advanced Flight,homm2,,
advance,ADVANCE_KNOWLEDGE_LVL_1,Knowledge Lvl. 1,homm2,,
advance,ADVANCE_CREATURES_LVL_6,Creatures Lvl. 6,homm2,,
advance,ADVANCE_CREATURES_LVL_2,Creatures Lvl. 2,homm2,,
advance,ADVANCE_CREATURES_LVL_4,Creatures Lvl. 4,homm2,,
advance,ADVANCE_BUILDINGS_LVL_1,Buildings Lvl. 1,homm2,,
advance,ADVANCE_ECONOMY_LVL_3,Economy Lvl. 3,homm2,,
advance,ADVANCE_BUILDINGS_LVL_3,Buildings Lvl. 3,homm2,,
advance,ADVANCE_KNIGHT,KNIGHT,homm2,,
advance,ADVANCE_HAPPINESS_LVL_1,Happiness Lvl. 1,homm2,,
advance,ADVANCE_KNOWLEDGE_LVL_7,Knowledge Lvl. 7,homm2,,
advance,ADVANCE_ZZ_CHIVALRY,zz Chivalry,homm2,,
advance,ADVANCE_LEADERSHIP_LVL_1,Leadership Lvl. 1,homm2,,
advance,ADVANCE_ZZ_COMBINED_ARMS,zz Combined Arms,homm2,,
advance,ADVANCE_ZZ_COMBUSTION,zz Combustion,homm2,,
advance,ADVANCE_LEADERSHIP_LVL_6,Leadership Lvl. 6,homm2,,
advance,ADVANCE_ZZ_COMPUTERS,zz Computers,homm2,yes,sci-fi
advance,ADVANCE_ZZ_CONSCRIPTION,zz Conscription,homm2,yes,modern doctrine
advance,ADVANCE_BUILDINGS_LVL_2,Buildings Lvl. 2,homm2,,
advance,ADVANCE_ECONOMY_LVL_7,Economy Lvl. 7,homm2,,
advance,ADVANCE_ECONOMY_LVL_1,Economy Lvl. 1,homm2,,
advance,ADVANCE_LEADERSHIP_LVL_5,Leadership Lvl. 5,homm2,,
advance,ADVANCE_ECONOMY_LVL_4,Economy Lvl. 4,homm2,,
advance,ADVANCE_ZZ_ELECTRICITY,zz Electricity,homm2,,
advance,ADVANCE_WARLOCK,WARLOCK,homm2,,
advance,ADVANCE_SORCERER,SORCERER,homm2,,
advance,ADVANCE_ZZ_ENVIRONMENTALISM,zz Environmentalism,homm2,,
advance,ADVANCE_ZZ_ESPIONAGE,zz Espionage,homm2,,
advance,ADVANCE_ZZ_EXPLOSIVES,zz Explosives,homm2,,
advance,ADVANCE_ZZ_FEUDALISM,zz Feudalism,homm2,,
advance,ADVANCE_ZZ_FLIGHT,zz Flight,homm2,,
advance,ADVANCE_LEADERSHIP_LVL_7,Leadership Lvl. 7,homm2,,
advance,ADVANCE_ZZ_FUSION_POWER,zz Fusion Power,homm2,yes,sci-fi
advance,ADVANCE_WIZARD,WIZARD,homm2,,
advance,ADVANCE_LEADERSHIP_LVL_4,Leadership Lvl. 4,homm2,,
advance,ADVANCE_ZZ_GUNPOWDER,zz Gunpowder,homm2,,
advance,ADVANCE_MILITARY_LVL_2,Military Lvl. 2,homm2,,
advance,ADVANCE_NECROMANCER,NECROMANCER,homm2,,
advance,ADVANCE_KNOWLEDGE_LVL_3,Knowledge Lvl. 3,homm2,,
advance,ADVANCE_ZZ_IRON_WORKING,zz Iron Working,homm2,,
advance,ADVANCE_HAPPINESS_LVL_7,Happiness Lvl. 7,homm2,,
advance,ADVANCE_BARBARIAN,BARBARIAN,homm2,,
advance,ADVANCE_ZZ_LEADERSHIP,zz Leadership,homm2,,
advance,ADVANCE_KNOWLEDGE_LVL_4,Knowledge Lvl. 4,homm2,,
advance,ADVANCE_BUILDINGS_LVL_7,Buildings Lvl. 7,homm2,,
advance,ADVANCE_ZZ_MAGNETISM,zz Magnetism,homm2,,
advance,ADVANCE_SEAFARING_LVL_2,Seafaring Lvl. 2,homm2,,
advance,ADVANCE_HAPPINESS_LVL_5,Happiness Lvl. 5,homm2,,
advance,ADVANCE_BUILDINGS_LVL_6,Buildings Lvl. 6,homm2,,
advance,ADVANCE_ZZ_MATHEMATICS,zz Mathematics,homm2,,
advance,ADVANCE_HAPPINESS_LVL_6,Happiness Lvl. 6,homm2,,
advance,ADVANCE_MILITARY_LVL_6,Military Lvl. 6,homm2,,
advance,ADVANCE_BUILDINGS_LVL_5,Buildings Lvl. 5,homm2,,
advance,ADVANCE_ZZ_MOBILE_WARFARE,zz Mobile Warfare,homm2,,
advance,ADVANCE_LEADERSHIP_LVL_2,Leadership Lvl. 2,homm2,,
advance,ADVANCE_ZZ_MONOTHEISM,zz Monotheism,homm2,,
advance,ADVANCE_HAPPINESS_LVL_2,Happiness Lvl. 2,homm2,,
advance,ADVANCE_SEAFARING_LVL_3,Seafaring Lvl. 3,homm2,,
advance,ADVANCE_CREATURES_LVL_7,Creatures Lvl. 7,homm2,,
advance,ADVANCE_SEAFARING_LVL_4,Seafaring Lvl. 4,homm2,,
advance,ADVANCE_XANADU,Xanadu,homm2,yes,pseudo-building (creature dwelling)
advance,ADVANCE_KNOWLEDGE_LVL_6,Knowledge Lvl. 6,homm2,,
advance,ADVANCE_ZZ_PLASTICS,zz Plastics,homm2,,
advance,ADVANCE_CREATURES_LVL_3,Creatures Lvl. 3,homm2,,
advance,ADVANCE_ZZ_POLYTHEISM,zz Polytheism,homm2,,
advance,ADVANCE_ECONOMY_LVL_5,Economy Lvl. 5,homm2,,
advance,ADVANCE_MILITARY_LVL_4,Military Lvl. 4,homm2,,
advance,ADVANCE_ZZ_RAILROAD,zz Railroad,homm2,yes,industrial (remapped)
advance,ADVANCE_SEAFARING_LVL_7,Seafaring Lvl. 7,homm2,,
advance,ADVANCE_SEAFARING_LVL_5,Seafaring Lvl. 5,homm2,,
advance,ADVANCE_SEAFARING_LVL_6,Seafaring Lvl. 6,homm2,,
advance,ADVANCE_LEADERSHIP_LVL_3,Leadership Lvl. 3,homm2,,
advance,ADVANCE_ECONOMY_LVL_6,Economy Lvl. 6,homm2,,
advance,ADVANCE_MILITARY_LVL_7,Military Lvl. 7,homm2,,
advance,ADVANCE_BUILDINGS_LVL_4,Buildings Lvl. 4,homm2,,
advance,ADVANCE_SEAFARING_LVL_1,Seafaring Lvl. 1,homm2,,
advance,ADVANCE_ZZ_SPACE_FLIGHT,zz Space Flight,homm2,yes,sci-fi
advance,ADVANCE_ZZ_STEALTH,zz Stealth,homm2,yes,modern aircraft
advance,ADVANCE_NEUTRAL,NEUTRAL,homm2,,
advance,ADVANCE_CREATURES_LVL_5,Creatures Lvl. 5,homm2,,
advance,ADVANCE_ZZ_SUPERCONDUCTOR,zz Superconductor,homm2,,
advance,ADVANCE_ZZ_TACTICS,zz Tactics,homm2,,
advance,ADVANCE_HAPPINESS_LVL_3,Happiness Lvl. 3,homm2,,
advance,ADVANCE_CREATURES_LVL_1,Creatures Lvl. 1,homm2,,
advance,ADVANCE_ECONOMY_LVL_2,Economy Lvl. 2,homm2,,
advance,ADVANCE_KNOWLEDGE_LVL_5,Knowledge Lvl. 5,homm2,,
advance,ADVANCE_MILITARY_LVL_1,Military Lvl. 1,homm2,,
advance,ADVANCE_MILITARY_LVL_3,Military Lvl. 3,homm2,,
advance,ADVANCE_KNOWLEDGE_LVL_2,Knowledge Lvl. 2,homm2,,
advance,ADVANCE_FUTURE_RESEARCH,Future Research,homm2,,
advance,ADVANCE_MILITARY_LVL_5,Military Lvl. 5,homm2,,
advance,ADVANCE_HAPPINESS_LVL_4,Happiness Lvl. 4,homm2,,
advance,ADVANCE_NON_WIZARD,Non-Wizard,homm2,,
advance,ADVANCE_NON_SORCERESS,Non-Sorceress,homm2,,
advance,ADVANCE_NON_BARBARIAN,Non-Barbarian,homm2,,
advance,ADVANCE_NON_NECROMANCER,Non-Necromancer,homm2,,
advance,ADVANCE_NON_KNIGHT,Non-Knight,homm2,,
advance,ADVANCE_NON_WARLOCK,Non-Warlock,homm2,,
advance,ADVANCE_NON_NEUTRAL,Non-Neutral,homm2,,
advance,ADVANCE_THORS_ELOQUENCE,Thor's Eloquence,midgard,,
advance,ADVANCE_SEA_RAIDS,Sea Raids,midgard,,
advance,ADVANCE_WITCHCRAFT,Witchcraft,midgard,,
advance,ADVANCE_GAEAS_GIFT,Gaea's Gift,midgard,,
advance,ADVANCE_KINGS_LAW,King's Law,midgard,,
advance,ADVANCE_FEAT_OF_ARMS,Feat of Arms,midgard,,
advance,ADVANCE_GAEAS_POWER,Gaea's Power,midgard,,
advance,ADVANCE_SUMMON_DRAKE,Summon Drake,midgard,,
advance,ADVANCE_PERPETUAL_MACHINE,Perpetual Machine,midgard,,
advance,ADVANCE_CALL_TO_ARMS,Call to Arms,midgard,,
advance,ADVANCE_THE_GUILD,The Guild,midgard,,
advance,ADVANCE_BARTER,Barter,midgard,,
advance,ADVANCE_INSTITUTION_OF_ALTHING,Institution of Althing,midgard,,
advance,ADVANCE_TRANSMUTATION,Transmutation,midgard,,
advance,ADVANCE_DIVINING_ROD,Divining Rod,midgard,,
advance,ADVANCE_TAPPING_THE_NODE,Tapping the Node,midgard,,
advance,ADVANCE_SIEGECRAFT,Siegecraft,midgard,,
advance,ADVANCE_ESPIONAGE,Espionage,midgard,,
advance,ADVANCE_ARCANE_LEARNING,Arcane Learning,midgard,,
advance,ADVANCE_FEALTY,Fealty,midgard,,
advance,ADVANCE_ARCANE_LEVITATION,Arcane Levitation,midgard,,
advance,ADVANCE_DWARVEN_ALLIANCE,Dwarven Alliance,midgard,,
advance,ADVANCE_SPELL_MASTERY,Spell Mastery,midgard,,
advance,ADVANCE_MILLWORK,Millwork,midgard,,
advance,ADVANCE_GENERAL_UPRISINGS,General Uprisings,midgard,,
advance,ADVANCE_SPELL_OF_ANIMATION,Spell of Animation,midgard,,
advance,ADVANCE_HORSEBACK_RIDING,Horseback Riding,midgard,,
advance,ADVANCE_EVANESCANT_CRAFT,Evanescant Craft,midgard,,
advance,ADVANCE_TRANSMOGRIFICATION,Transmogrification,midgard,,
advance,ADVANCE_ARTISANSHIP,Artisanship,midgard,,
advance,ADVANCE_MOONBEAM_LENS,Moonbeam Lens,midgard,,
advance,ADVANCE_SWINE_ARRAY,Swine Array,midgard,,
advance,ADVANCE_MAGICAL_INSCRIPTION,Magical Inscription,midgard,,
advance,ADVANCE_WEAPONCRAFT,Weaponcraft,midgard,,
advance,ADVANCE_ASTROCOMPASS,Astrocompass,midgard,,
advance,ADVANCE_SPELL_OF_CREATION,Spell of Creation,midgard,,
advance,ADVANCE_MEDICINE,Medicine,midgard,yes,era: AGE_SIX
advance,ADVANCE_SPELL_OF_PURIFICATION,Spell of Purification,midgard,,
advance,ADVANCE_ALLIEGANCE_TO_THE_SEA,Alliegance to the Sea,midgard,,
advance,ADVANCE_GIANT_WARFARE,Giant Warfare,midgard,,
advance,ADVANCE_PRIESTHOOD,Priesthood,midgard,,
advance,ADVANCE_WAR_SPELLS,War Spells,midgard,,
advance,ADVANCE_MAGICAL_POWER,Magical Power,midgard,,
advance,ADVANCE_NATURAL_PHILOSOPHY,Natural Philosophy,midgard,,
advance,ADVANCE_METAPHYSICS,Metaphysics,midgard,,
advance,ADVANCE_FAIRY_FABRIC,Fairy Fabric,midgard,,
advance,ADVANCE_PLUMBING,Plumbing,midgard,,
advance,ADVANCE_POLYTHEISM,Polytheism,midgard,,
advance,ADVANCE_WARP_SPELL,Warp Spell,midgard,,
advance,ADVANCE_TUNNELLING,Tunnelling,midgard,,
advance,ADVANCE_SOWING_AND_REAPING,Sowing and Reaping,midgard,,
advance,ADVANCE_ELEMENTAL_ENERGY,Elemental Energy,midgard,,
advance,ADVANCE_FASHIONING_YGGDRASIL_WOOD,Fashioning Yggdrasil Wood,midgard,,
advance,ADVANCE_CLOCKWORKS,Clockworks,midgard,,
advance,ADVANCE_FIREBALL_INCANTATION,Fireball Incantation,midgard,,
advance,ADVANCE_SPACE_FLIGHT,Space Flight,midgard,yes,era: AGE_EIGHT
advance,ADVANCE_TRANSLUSCENCE_SPELL,Transluscence Spell,midgard,,
advance,ADVANCE_METALLURGY,Metallurgy,midgard,,
advance,ADVANCE_PLATE_STEEL,Plate Steel,midgard,,
advance,ADVANCE_ROD_OF_SHIVERS,Rod of Shivers,midgard,,
advance,ADVANCE_I_VIKING,I Viking,midgard,,
advance,ADVANCE_THEURGY,Theurgy,midgard,,
advance,ADVANCE_SECRET_OF_DIVINATION,Secret of Divination,midgard,,
advance,ADVANCE_THAUMATURGICAL_STUDY,Thaumaturgical Study,midgard,,
advance,ADVANCE_THE_WHEEL,The Wheel,midgard,,
advance,ADVANCE_HANGING_FROM_YGGDRASIL,Hanging from Yggdrasil,midgard,,
advance,ADVANCE_BEAST_DOMINION,Beast Dominion,midgard,,
advance,ADVANCE_OMNISCIENCE,Omniscience,midgard,,
advance,ADVANCE_DRAGON_LORE,Dragon Lore,midgard,,
advance,ADVANCE_FOREST_LORE,Forest Lore,midgard,,
advance,ADVANCE_MOUNTAIN_LORE,Mountain Lore,midgard,,
advance,ADVANCE_SPIRIT_LORE,Spirit Lore,midgard,,
advance,ADVANCE_EARTH_LORE,Earth Lore,midgard,,
advance,ADVANCE_WARCRAFT,Warcraft,midgard,,
advance,ADVANCE_SOCIAL_LORE,Social Lore,midgard,,
advance,ADVANCE_ADVANCED_FLIGHT,Advanced Flight,crusades,,
advance,ADVANCE_AMPHIBIOUS_WARFARE,Amphibious Warfare,crusades,,
advance,ADVANCE_SPECIAL_TECHNOLOGY,Special Technology,crusades,,
advance,ADVANCE_ATOMIC_THEORY,Atomic Theory,crusades,,
advance,ADVANCE_AUTOMOBILE,Automobile,crusades,yes,industrial
advance,ADVANCE_COMBINED_ARMS,Combined Arms,crusades,,
advance,ADVANCE_COMBUSTION,Combustion,crusades,,
advance,ADVANCE_COMMUNISM,Communism,crusades,yes,era: AGE_FIVE
advance,ADVANCE_COMPUTERS,Computers,crusades,yes,sci-fi
advance,ADVANCE_CONSCRIPTION,Conscription,crusades,yes,modern doctrine
advance,ADVANCE_THE_CORPORATION,The Corporation,crusades,,
advance,ADVANCE_ELECTRICITY,Electricity,crusades,yes,era: AGE_FIVE
advance,ADVANCE_ELECTRONICS,Electronics,crusades,yes,industrial
advance,ADVANCE_ENGINEERING,Engineering,crusades,,
advance,ADVANCE_ENVIRONMENTALISM,Environmentalism,crusades,,
advance,ADVANCE_EXPLOSIVES,Explosives,crusades,yes,era: AGE_FIVE
advance,ADVANCE_FLIGHT,Flight,crusades,,
advance,ADVANCE_FUSION_POWER,Fusion Power,crusades,yes,sci-fi
advance,ADVANCE_GENETIC_ENGINEERING,Genetic Engineering,crusades,yes,modern science
advance,ADVANCE_GUERRILLA_WARFARE,Guerrilla Warfare,crusades,,
advance,ADVANCE_INDUSTRIALIZATION,Industrialization,crusades,,
advance,ADVANCE_INVENTION,Invention,crusades,,
advance,ADVANCE_LABOR_UNION,Labor Union,crusades,,
advance,ADVANCE_THE_LASER,The Laser,crusades,yes,sci-fi
advance,ADVANCE_MACHINE_TOOLS,Machine Tools,crusades,,
advance,ADVANCE_MAGNETISM,Magnetism,crusades,,
advance,ADVANCE_MASS_PRODUCTION,Mass Production,crusades,yes,era: AGE_SIX
advance,ADVANCE_MINIATURIZATION,Miniaturization,crusades,,
advance,ADVANCE_MOBILE_WARFARE,Mobile Warfare,crusades,,
advance,ADVANCE_MONOTHEISM,Monotheism,crusades,,
advance,ADVANCE_NUCLEAR_FISSION,Nuclear Fission,crusades,yes,nuclear
advance,ADVANCE_NUCLEAR_POWER,Nuclear Power,crusades,yes,era: AGE_SEVEN
advance,ADVANCE_PHYSICS,Physics,crusades,yes,era: AGE_FIVE
advance,ADVANCE_RADIO,Radio,crusades,,
advance,ADVANCE_RAILROAD,Railroad,crusades,yes,era: AGE_FIVE
advance,ADVANCE_RECYCLING,Recycling,crusades,,
advance,ADVANCE_REFINING,Refining,crusades,,
advance,ADVANCE_ROBOTICS,Robotics,crusades,yes,era: AGE_SEVEN
advance,ADVANCE_ROCKETRY,Rocketry,crusades,,
advance,ADVANCE_STEALTH,Stealth,crusades,yes,modern aircraft
advance,ADVANCE_STEAM_ENGINE,Steam Engine,crusades,,
advance,ADVANCE_STEEL,Steel,crusades,,
advance,ADVANCE_SUPERCONDUCTOR,Superconductor,crusades,,
advance,ADVANCE_THE_HOLY_LANCE,The Holy Lance,crusades,,
advance,ADVANCE_THE_TRUE_CROSS,The True Cross,crusades,,
advance,ADVANCE_USER_DEF_TECH_C,User Def Tech C,crusades,,
advance,ADVANCE_ADVANCED_COMPOSITES,Advanced Composites,cradle,yes,era: AGE_SEVEN
advance,ADVANCE_ADV_INFANTRY_TACTICS,Adv. Infantry Tactics,cradle,yes,era: AGE_SIX
advance,ADVANCE_ADV_NAVAL_TACTICS,Adv. Naval Tactics,cradle,yes,era: AGE_SIX
advance,ADVANCE_ADV_URBAN_PLANNING,Adv. Urban Planning,cradle,yes,era: AGE_SIX
advance,ADVANCE_AERODYNAMICS,Aerodynamics,cradle,yes,era: AGE_SIX
advance,ADVANCE_AGE_OF_DISCOVERY,Age of Discovery,cradle,,
advance,ADVANCE_AGE_OF_REASON,Age of Reason,cradle,,
advance,ADVANCE_AGRICULTURAL_REVOLUTION,Agricultural Revolution,cradle,,
advance,ADVANCE_AGRICULTURE,Agriculture,cradle,,
advance,ADVANCE_AI_SURVEILLANCE,AI Surveillance,cradle,yes,era: AGE_EIGHT
advance,ADVANCE_APPLIED_MATH,Applied Math,cradle,,
advance,ADVANCE_AQUEDUCTS,Aqueducts,cradle,,
advance,ADVANCE_ARCHERY,Archery,cradle,,
advance,ADVANCE_ARCHITECTURE,Architecture,cradle,,
advance,ADVANCE_ARCOLOGIES,Arcologies,cradle,yes,era: AGE_EIGHT
advance,ADVANCE_ASTROLABE,Astrolabe,cradle,,
advance,ADVANCE_ASTRONOMY,Astronomy,cradle,,
advance,ADVANCE_BALLISTA_TOWERS,Ballista Towers,cradle,,
advance,ADVANCE_BALLISTICS,Ballistics,cradle,,
advance,ADVANCE_BARRACKS,Barracks,cradle,,
advance,ADVANCE_BIOLOGICAL_WARFARE,Biological Warfare,cradle,,
advance,ADVANCE_BRICK_MAKING,Brick Making,cradle,,
advance,ADVANCE_BUDDHISM,Buddhism,cradle,,
advance,ADVANCE_BUREAUCRACY,Bureaucracy,cradle,,
advance,ADVANCE_CALIPHATE,Caliphate,cradle,,
advance,ADVANCE_CANNON_MAKING,Cannon Making,cradle,yes,gunpowder artillery
advance,ADVANCE_CAVALRY_TACTICS,Cavalry Tactics,cradle,,
advance,ADVANCE_CHAOS_THEORY,Chaos Theory,cradle,yes,era: AGE_EIGHT
advance,ADVANCE_CHARIOTS,Chariots,cradle,,
advance,ADVANCE_CHEMISTRY,Chemistry,cradle,,
advance,ADVANCE_CHRISTIANITY,Christianity,cradle,,
advance,ADVANCE_CHRONOMETER,Chronometer,cradle,,
advance,ADVANCE_CITY_STATE,City State,cradle,,
advance,ADVANCE_CIVIC_ENGINEERING,Civic Engineering,cradle,,
advance,ADVANCE_CLASSICAL_EDUCATION,Classical Education,cradle,,
advance,ADVANCE_COASTAL_FORTS,Coastal Forts,cradle,,
advance,ADVANCE_COMPASS,Compass,cradle,,
advance,ADVANCE_COMPOSITE_BOW,Composite Bow,cradle,,
advance,ADVANCE_COMPUTER,Computer,cradle,yes,era: AGE_SEVEN
advance,ADVANCE_CONCRETE,Concrete,cradle,,
advance,ADVANCE_CONFUCIANISM,Confucianism,cradle,,
advance,ADVANCE_CONSERVATION,Conservation,cradle,yes,era: AGE_SIX
advance,ADVANCE_COPPER_SMELTING,Copper Smelting,cradle,,
advance,ADVANCE_CORPORATE_REPUBLIC,Corporate Republic,cradle,yes,era: AGE_SIX
advance,ADVANCE_CORPORATION,Corporation,cradle,yes,era: AGE_SIX
advance,ADVANCE_COSMOLOGY,Cosmology,cradle,,
advance,ADVANCE_CRIMINAL_CODE,Criminal Code,cradle,yes,era: AGE_SIX
advance,ADVANCE_CROSSBOW,Crossbow,cradle,,
advance,ADVANCE_CYBERNETICS,Cybernetics,cradle,yes,era: AGE_NINE
advance,ADVANCE_DARK_AGES,Dark Ages,cradle,,
advance,ADVANCE_DEMOCRACY,Democracy,cradle,yes,era: AGE_FIVE
advance,ADVANCE_DICTATORSHIP,Dictatorship,cradle,,
advance,ADVANCE_DIGITAL_ENCRYPTION,Digital Encryption,cradle,yes,era: AGE_EIGHT
advance,ADVANCE_DOMESTICATION,Domestication,cradle,,
advance,ADVANCE_DRAMA,Drama,cradle,,
advance,ADVANCE_DYNASTY,Dynasty,cradle,,
advance,ADVANCE_ECONOMICS,Economics,cradle,yes,era: AGE_FIVE
advance,ADVANCE_ECO_RELIGION,Eco-Religion,cradle,,
advance,ADVANCE_ECOTOPIA,Ecotopia,cradle,yes,era: AGE_NINE
advance,ADVANCE_ETHICS,Ethics,cradle,,
advance,ADVANCE_GENE_THERAPY,Gene Therapy,cradle,yes,modern science
advance,ADVANCE_EXPLORATION,Exploration,cradle,,
advance,ADVANCE_FASCISM,Fascism,cradle,yes,era: AGE_FIVE
advance,ADVANCE_FISHING,Fishing,cradle,,
advance,ADVANCE_FLINTLOCK,Flintlock,cradle,,
advance,ADVANCE_FUEL_CELLS,Fuel Cells,cradle,yes,era: AGE_SEVEN
advance,ADVANCE_FUSION,Fusion,cradle,yes,era: AGE_NINE
advance,ADVANCE_GAIA_CONTROLLER,Gaia Controller,cradle,yes,era: AGE_TEN
advance,ADVANCE_GAIA_THEORY,Gaia Theory,cradle,yes,era: AGE_NINE
advance,ADVANCE_GENETIC_TAILORING,Genetic Tailoring,cradle,yes,era: AGE_NINE
advance,ADVANCE_GENETICS,Genetics,cradle,yes,era: AGE_EIGHT
advance,ADVANCE_GEOMETRY,Geometry,cradle,,
advance,ADVANCE_GLOBAL_COMMUNICATIONS,Global Communications,cradle,yes,era: AGE_SEVEN
advance,ADVANCE_GLOBAL_DEFENSE,Global Defense,cradle,yes,era: AGE_SEVEN
advance,ADVANCE_GLOBAL_ECONOMICS,Global Economics,cradle,yes,era: AGE_SEVEN
advance,ADVANCE_GOTHIC_ARCHITECTURE,Gothic Architecture,cradle,,
advance,ADVANCE_GRANARIES,Granaries,cradle,,
advance,ADVANCE_GREEK_FIRE,Greek Fire,cradle,,
advance,ADVANCE_GUIDED_WEAPON_SYSTEMS,Guided Weapon Systems,cradle,yes,era: AGE_SEVEN
advance,ADVANCE_GUNPOWDER,Gunpowder,cradle,,
advance,ADVANCE_HERBALISM,Herbalism,cradle,,
advance,ADVANCE_HIPPOCRATIC_SCHOOL,Hippocratic School,cradle,,
advance,ADVANCE_HORSE_ARMOR,Horse Armor,cradle,yes,modern armor
advance,ADVANCE_HORSE_RIDING,Horse Riding,cradle,,
advance,ADVANCE_HULLMAKING,Hullmaking,cradle,,
advance,ADVANCE_HUMAN_CLONING,Human Cloning,cradle,yes,era: AGE_NINE
advance,ADVANCE_INDUSTRIAL_REVOLUTION,Industrial Revolution,cradle,yes,era: AGE_FIVE
advance,ADVANCE_INTERNAL_COMBUSTION,Internal Combustion,cradle,yes,era: AGE_SIX
advance,ADVANCE_INTERNET,Internet,cradle,,
advance,ADVANCE_ISLAM,Islam,cradle,,
advance,ADVANCE_JET_PROPULSION,Jet Propulsion,cradle,yes,era: AGE_SIX
advance,ADVANCE_JUDAISM,Judaism,cradle,,
advance,ADVANCE_JURISPRUDENCE,Jurisprudence,cradle,,
advance,ADVANCE_LATIFUNDIA,Latifundia,cradle,,
advance,ADVANCE_LEGAL_SYSTEM,Legal System,cradle,,
advance,ADVANCE_LIFE_EXTENSION,Life Extension,cradle,yes,era: AGE_TEN
advance,ADVANCE_FLUID_BREATHING,Fluid Breathing,cradle,,
advance,ADVANCE_MASS_MEDIA,Mass Media,cradle,yes,era: AGE_SIX
advance,ADVANCE_MASS_TRANSIT,Mass Transit,cradle,yes,era: AGE_SIX
advance,ADVANCE_MATHEMATICAL_MODELING,Mathematical Modeling,cradle,,
advance,ADVANCE_MECHANICAL_CLOCK,Mechanical Clock,cradle,,
advance,ADVANCE_MODERN_MEDICINE,Modern Medicine,cradle,,
advance,ADVANCE_MEGALITHS,Megaliths,cradle,,
advance,ADVANCE_MILLS,Mills,cradle,,
advance,ADVANCE_MINING,Mining,cradle,,
advance,ADVANCE_MOBILE_TACTICS,Mobile Tactics,cradle,,
advance,ADVANCE_MODERN_METALLURGY,Modern Metallurgy,cradle,yes,era: AGE_FIVE
advance,ADVANCE_NANO_ASSEMBLY,Nano-Assembly,cradle,yes,era: AGE_EIGHT
advance,ADVANCE_NANO_MACHINES,Nano-Machines,cradle,yes,era: AGE_NINE
advance,ADVANCE_NANO_WARFARE,Nano-Warfare,cradle,yes,era: AGE_NINE
advance,ADVANCE_NATIONALISM,Nationalism,cradle,yes,era: AGE_FIVE
advance,ADVANCE_NAVAL_AVIATION,Naval Aviation,cradle,yes,era: AGE_SIX
advance,ADVANCE_NAVAL_TACTICS,Naval Tactics,cradle,,
advance,ADVANCE_NEURAL_INTERFACE,Neural Interface,cradle,yes,era: AGE_EIGHT
advance,ADVANCE_NEURAL_REPROGRAMMING,Neural Reprogramming,cradle,yes,era: AGE_TEN
advance,ADVANCE_OARED_GALLEYS,Oared Galleys,cradle,,
advance,ADVANCE_OCEAN_FARING,Ocean Faring,cradle,,
advance,ADVANCE_OIL_REFINING,Oil Refining,cradle,yes,era: AGE_FIVE
advance,ADVANCE_OLIGARCHY,Oligarchy,cradle,,
advance,ADVANCE_OPTICS,Optics,cradle,,
advance,ADVANCE_OUTRIGGER,Outrigger,cradle,,
advance,ADVANCE_PERSPECTIVE,Perspective,cradle,,
advance,ADVANCE_PHARMACEUTICALS,Pharmaceuticals,cradle,yes,era: AGE_FIVE
advance,ADVANCE_PLASMA_WEAPONRY,Plasma Weaponry,cradle,yes,era: AGE_NINE
advance,ADVANCE_POLAR_TERRAFORMING,Polar Terraforming,cradle,,
advance,ADVANCE_PRINTING_PRESS,Printing Press,cradle,,
advance,ADVANCE_PROJECTILE_WEAPONS,Projectile Weapons,cradle,,
advance,ADVANCE_QUANTUM_PHYSICS,Quantum Physics,cradle,,
advance,ADVANCE_RADAR,Radar,cradle,yes,era: AGE_SIX
advance,ADVANCE_RADIO_NAVIGATION,Radio Navigation,cradle,,
advance,ADVANCE_RELIGION,Religion,cradle,,
advance,ADVANCE_RENAISSANCE,Renaissance,cradle,,
advance,ADVANCE_REPUBLIC,Republic,cradle,,
advance,ADVANCE_SAILS,Sails,cradle,,
advance,ADVANCE_SHIPBUILDING,Shipbuilding,cradle,,
advance,ADVANCE_SIEGE_WEAPONS,Siege Weapons,cradle,,
advance,ADVANCE_SLAVE_LABOR,Slave Labor,cradle,,
advance,ADVANCE_SMART_MATERIALS,Smart Materials,cradle,yes,era: AGE_NINE
advance,ADVANCE_STEALTH_TECHNOLOGY,Stealth Technology,cradle,yes,modern aircraft
advance,ADVANCE_STIRRUP,Stirrup,cradle,,
advance,ADVANCE_STONE_WORKING,Stone Working,cradle,,
advance,ADVANCE_RATIONAL_THOUGHT,Rational Thought,cradle,,
advance,ADVANCE_SUPERSONIC_FLIGHT,Supersonic Flight,cradle,yes,era: AGE_SEVEN
advance,ADVANCE_TANK_WARFARE,Tank Warfare,cradle,yes,era: AGE_SIX
advance,ADVANCE_TECHNOCRACY,Technocracy,cradle,yes,era: AGE_EIGHT
advance,ADVANCE_TOOLMAKING,Toolmaking,cradle,,
advance,ADVANCE_TRADE_GUILDS,Trade Guilds,cradle,,
advance,ADVANCE_TRIBUNAL_EMPIRE,Tribunal Empire,cradle,,
advance,ADVANCE_ULTRAPRESSURE_MACHINES,Ultrapressure Machines,cradle,,
advance,ADVANCE_UNDERSEA_CONSTRUCTION,Undersea Construction,cradle,,
advance,ADVANCE_UNIFIED_PHYSICS,Unified Physics,cradle,yes,era: AGE_NINE
advance,ADVANCE_VERNACULAR_PROSE,Vernacular Prose,cradle,,
advance,ADVANCE_VERTICAL_FLIGHT_AIRCRAFT,Vertical-Flight Aircraft,cradle,yes,era: AGE_SIX
advance,ADVANCE_VIRTUAL_DEMOCRACY,Virtual Democracy,cradle,yes,era: AGE_NINE
advance,ADVANCE_WATER_LIFTS,Water Lifts,cradle,,
advance,ADVANCE_WHEEL,Wheel,cradle,,
advance,ADVANCE_HOUSE_OF_SARGON,House of Sargon,cradle,,
advance,ADVANCE_HOUSE_OF_ALEXANDER,House of Alexander,cradle,,
advance,ADVANCE_HOUSE_OF_HANNIBAL,House of Hannibal,cradle,,
advance,ADVANCE_HOUSE_OF_JULIUS_CAESAR,House of Julius Caesar,cradle,,
advance,ADVANCE_HEXTAPUL,Hextapul,cradle,,
advance,ADVANCE_SUBNEURAL_AD,Subneural Ad,aom,,
advance,ADVANCE_ANIMAL_HUSBANDRY,Animal Husbandry,aom,,
advance,ADVANCE_ARISTOCRACY,Aristocracy,aom,,
advance,ADVANCE_ARTILLERY_ARMY,Artillery Army,aom,yes,modern artillery
advance,ADVANCE_BLACK_SMITH,Black Smith,aom,,
advance,ADVANCE_BLITZKRIEG,Blitzkrieg,aom,,
advance,ADVANCE_BOMBER_COMMAND,Bomber Command,aom,yes,modern aircraft
advance,ADVANCE_CHAIN_MAIL,Chain Mail,aom,,
advance,ADVANCE_CITIZENSHIP,Citizenship,aom,,
advance,ADVANCE_DIAGONAL_BRACE,Diagonal Brace,aom,,
advance,ADVANCE_DYNASTIC_EMPIRE,Dynastic Empire,aom,,
advance,ADVANCE_FIBRE_OPTICS,Fibre Optics,aom,,
advance,ADVANCE_IRON_CASTING,Iron Casting,aom,,
advance,ADVANCE_JOINERY,Joinery,aom,,
advance,ADVANCE_LIBERALISM,Liberalism,aom,,
advance,ADVANCE_LOOM,Loom,aom,,
advance,ADVANCE_METAL_WORKING,Metal Working,aom,,
advance,ADVANCE_MIGRATION,Migration,aom,,
advance,ADVANCE_MILITARY_TRADITION,Military Tradition,aom,,
advance,ADVANCE_PAPER,Paper,aom,,
advance,ADVANCE_PLATE_ARMOUR,Plate Armour,aom,,
advance,ADVANCE_PLOUGH,Plough,aom,,
advance,ADVANCE_PYTHAGORAS_THEORUM,Pythagoras Theorum,aom,,
advance,ADVANCE_QUANTUM_COMPUTING,Quantum Computing,aom,,
advance,ADVANCE_REFRIGERATION,Refrigeration,aom,,
advance,ADVANCE_REPLACEABLE_PARTS,Replaceable Parts,aom,,
advance,ADVANCE_SEAMANSHIP,Seamanship,aom,,
advance,ADVANCE_STEAM_POWER,Steam Power,aom,,
advance,ADVANCE_SULTANATE,Sultanate,aom,,
advance,ADVANCE_THEOCRACY,Theocracy,aom,,
advance,ADVANCE_THEOCRATIC_MONARCHY,Theocratic Monarchy,aom,,
advance,ADVANCE_TRIBES,Tribes,aom,,
advance,ADVANCE_WOOD_WORKING,Wood Working,aom,,
advance,ADVANCE_YEOMANRY,Yeomanry,aom,,
advance,ADVANCE_THEOCRACYA,Theocracya,aom,,
advance,ADVANCE_THEOCMONARCHY,Theocmonarchy,aom,,
advance,ADVANCE_CALIPHATEA,Caliphatea,aom,,
advance,ADVANCE_CONSTMONARCHY,Constmonarchy,aom,,
advance,ADVANCE_DYNEMPIRE,Dynempire,aom,,
advance,ADVANCE_VASSAL_STATE,Vassal State,aom,,
advance,ADVANCE_ROYAL_WEDDING,Royal Wedding,aom,,
advance,ADVANCE_EXEDOUS,Exedous,aom,,
advance,ADVANCE_TRUE_BELIEF,True Belief,aom,,
advance,ADVANCE_OLD_TESTAMENT,Old Testament,aom,,
advance,ADVANCE_DWARVES,Dwarves,lotr,,
advance,ADVANCE_ELVES,Elves,lotr,,
advance,ADVANCE_HOBBITS,Hobbits,lotr,,
advance,ADVANCE_MEN,Men,lotr,,
advance,ADVANCE_ORCS,Orcs,lotr,,
advance,ADVANCE_GOOD,Good,lotr,,
advance,ADVANCE_EVIL,Evil,lotr,,
advance,ADVANCE_ANGMAR,Angmar,lotr,,
advance,ADVANCE_ARNOR,Arnor,lotr,,
advance,ADVANCE_EASTERLING,Easterling,lotr,,
advance,ADVANCE_GONDOR,Gondor,lotr,,
advance,ADVANCE_HARADRIM,Haradrim,lotr,,
advance,ADVANCE_ISENGARD,Isengard,lotr,,
advance,ADVANCE_MORDOR,Mordor,lotr,,
advance,ADVANCE_NORTHMEN,Northmen,lotr,,
advance,ADVANCE_ROHAN,Rohan,lotr,,
advance,ADVANCE_SINDAR,Sindar,lotr,,
advance,ADVANCE_ALCHEMY_HARADRIM,Alchemy Haradrim,lotr,,
advance,ADVANCE_APPLIED_MATH_ISENGARD,Applied Math Isengard,lotr,,
advance,ADVANCE_AQUEDUCTS_MEN,Aqueducts Men,lotr,,
advance,ADVANCE_ARCHERY_ELVES,Archery Elves,lotr,,
advance,ADVANCE_ARCHERY_HARADRIM,Archery Haradrim,lotr,,
advance,ADVANCE_ARCHERY_ISENGARD,Archery Isengard,lotr,,
advance,ADVANCE_ARCHERY_ORCS,Archery Orcs,lotr,,
advance,ADVANCE_ARCHITECTURE_DWARVES,Architecture Dwarves,lotr,,
advance,ADVANCE_ARCHITECTURE_GONDOR,Architecture Gondor,lotr,,
advance,ADVANCE_ARCHITECTURE_MORDOR,Architecture Mordor,lotr,,
advance,ADVANCE_ASTRONOMY_ISENGARD,Astronomy Isengard,lotr,,
advance,ADVANCE_BARRACKS_ANGMAR,Barracks Angmar,lotr,,
advance,ADVANCE_BARRACKS_ORCS,Barracks Orcs,lotr,,
advance,ADVANCE_BRONZE_WORKING_ANGMAR,Bronze Working Angmar,lotr,,
advance,ADVANCE_BRONZE_WORKING_ARNOR,Bronze Working Arnor,lotr,,
advance,ADVANCE_BRONZE_WORKING_DWARVES,Bronze Working Dwarves,lotr,,
advance,ADVANCE_BRONZE_WORKING_EASTERLING,Bronze Working Easterling,lotr,,
advance,ADVANCE_BRONZE_WORKING_HARADRIM,Bronze Working Haradrim,lotr,,
advance,ADVANCE_BRONZE_WORKING_ORCS,Bronze Working Orcs,lotr,,
advance,ADVANCE_BUREAUCRACY_EASTERLING,Bureaucracy Easterling,lotr,,
advance,ADVANCE_BUREAUCRACY_MEN,Bureaucracy Men,lotr,,
advance,ADVANCE_CHARIOTS_EASTERLING,Chariots Easterling,lotr,,
advance,ADVANCE_CHARIOTS_HARADRIM,Chariots Haradrim,lotr,,
advance,ADVANCE_CHARIOTS_ROHAN,Chariots Rohan,lotr,,
advance,ADVANCE_CITY_STATE_ARNOR,City State Arnor,lotr,,
advance,ADVANCE_CITY_STATE_DWARVES,City State Dwarves,lotr,,
advance,ADVANCE_CITY_STATE_EASTERLING,City State Easterling,lotr,,
advance,ADVANCE_CITY_STATE_GONDOR,City State Gondor,lotr,,
advance,ADVANCE_CITY_STATE_HARADRIM,City State Haradrim,lotr,,
advance,ADVANCE_CITY_STATE_ISENGARD,City State Isengard,lotr,,
advance,ADVANCE_CIVIC_ENGINEERING_HOBBITS,Civic Engineering Hobbits,lotr,,
advance,ADVANCE_CIVIC_ENGINEERING_MORDOR,Civic Engineering Mordor,lotr,,
advance,ADVANCE_COMPOSITE_BOW_ELVES,Composite Bow Elves,lotr,,
advance,ADVANCE_COMPOSITE_BOW_ORCS,Composite Bow Orcs,lotr,,
advance,ADVANCE_CONCRETE_EVIL,Concrete Evil,lotr,,
advance,ADVANCE_CONCRETE_GOOD,Concrete Good,lotr,,
advance,ADVANCE_COPPER_SMELTING_ANGMAR,Copper Smelting Angmar,lotr,,
advance,ADVANCE_COPPER_SMELTING_DWARVES,Copper Smelting Dwarves,lotr,,
advance,ADVANCE_COPPER_SMELTING_EASTERLING,Copper Smelting Easterling,lotr,,
advance,ADVANCE_COPPER_SMELTING_EVIL,Copper Smelting Evil,lotr,,
advance,ADVANCE_COPPER_SMELTING_MORDOR,Copper Smelting Mordor,lotr,,
advance,ADVANCE_COPPER_SMELTING_SINDAR,Copper Smelting Sindar,lotr,,
advance,ADVANCE_COSMOLOGY_ARNOR,Cosmology Arnor,lotr,,
advance,ADVANCE_COSMOLOGY_HARADRIM,Cosmology Haradrim,lotr,,
advance,ADVANCE_COSMOLOGY_SINDAR,Cosmology Sindar,lotr,,
advance,ADVANCE_COUNCIL_I,Council I,lotr,,
advance,ADVANCE_COUNCIL_II,Council Ii,lotr,,
advance,ADVANCE_COUNCIL_III,Council Iii,lotr,,
advance,ADVANCE_COUNCIL_IV,Council Iv,lotr,,
advance,ADVANCE_COUNCIL_V,Council V,lotr,,
advance,ADVANCE_COUNCIL_V_HOBBITS,Council V Hobbits,lotr,,
advance,ADVANCE_COUNCIL_V_SINDAR,Council V Sindar,lotr,,
advance,ADVANCE_CURRENCY_ANGMAR,Currency Angmar,lotr,,
advance,ADVANCE_CURRENCY_DWARVES,Currency Dwarves,lotr,,
advance,ADVANCE_DICTATORSHIP_ARNOR,Dictatorship Arnor,lotr,,
advance,ADVANCE_DICTATORSHIP_DWARVES,Dictatorship Dwarves,lotr,,
advance,ADVANCE_DICTATORSHIP_EASTERLING,Dictatorship Easterling,lotr,,
advance,ADVANCE_DICTATORSHIP_GONDOR,Dictatorship Gondor,lotr,,
advance,ADVANCE_DICTATORSHIP_HARADRIM,Dictatorship Haradrim,lotr,,
advance,ADVANCE_DICTATORSHIP_ORCS,Dictatorship Orcs,lotr,,
advance,ADVANCE_DICTATORSHIP_ROHAN,Dictatorship Rohan,lotr,,
advance,ADVANCE_DOMESTICATION_EVIL,Domestication Evil,lotr,,
advance,ADVANCE_DRAMA_MEN,Drama Men,lotr,,
advance,ADVANCE_DRAMA_MORDOR,Drama Mordor,lotr,,
advance,ADVANCE_DRAMA_SINDAR,Drama Sindar,lotr,,
advance,ADVANCE_DYNASTY_ARNOR,Dynasty Arnor,lotr,,
advance,ADVANCE_DYNASTY_GONDOR,Dynasty Gondor,lotr,,
advance,ADVANCE_DYNASTY_ORCS,Dynasty Orcs,lotr,,
advance,ADVANCE_ETHICS_ISENGARD,Ethics Isengard,lotr,,
advance,ADVANCE_ETHICS_GOOD,Ethics Good,lotr,,
advance,ADVANCE_GRANARIES_ROHAN,Granaries Rohan,lotr,,
advance,ADVANCE_HERBALISM_EASTERLING,Herbalism Easterling,lotr,,
advance,ADVANCE_HIPPOCRATIC_SCHOOL_GONDOR,Hippocratic School Gondor,lotr,,
advance,ADVANCE_HIPPOCRATIC_SCHOOL_SINDAR,Hippocratic School Sindar,lotr,,
advance,ADVANCE_HORSE_ARMOR_ELVES,Horse Armor Elves,lotr,yes,modern armor
advance,ADVANCE_HORSE_ARMOR_MEN,Horse Armor Men,lotr,yes,modern armor
advance,ADVANCE_HORSE_ARMOR_ORCS,Horse Armor Orcs,lotr,yes,modern armor
advance,ADVANCE_HORSE_ARMOR_ROHAN,Horse Armor Rohan,lotr,yes,modern armor
advance,ADVANCE_HORSE_RIDING_ORCS,Horse Riding Orcs,lotr,,
advance,ADVANCE_HORSE_RIDING_ROHAN,Horse Riding Rohan,lotr,,
advance,ADVANCE_HULL_MAKING,Hull Making,lotr,,
advance,ADVANCE_HULL_MAKING_EVIL,Hull Making Evil,lotr,,
advance,ADVANCE_IRON_WORKING_DWARVES,Iron Working Dwarves,lotr,,
advance,ADVANCE_IRON_WORKING_EVIL,Iron Working Evil,lotr,,
advance,ADVANCE_IRON_WORKING_ISENGARD,Iron Working Isengard,lotr,,
advance,ADVANCE_IRON_WORKING_ORCS,Iron Working Orcs,lotr,,
advance,ADVANCE_JURISPRUDENCE_MORDOR,Jurisprudence Mordor,lotr,,
advance,ADVANCE_JURISPRUDENCE_NORTHMEN,Jurisprudence Northmen,lotr,,
advance,ADVANCE_JURISPRUDENCE_ROHAN,Jurisprudence Rohan,lotr,,
advance,ADVANCE_MAP_MAKING_ARNOR,Map Making Arnor,lotr,,
advance,ADVANCE_MASONRY_DWARVES,Masonry Dwarves,lotr,,
advance,ADVANCE_MASONRY_ROHAN,Masonry Rohan,lotr,,
advance,ADVANCE_MINING_EASTERLING,Mining Easterling,lotr,,
advance,ADVANCE_MOBILE_TACTICS_ELVES,Mobile Tactics Elves,lotr,,
advance,ADVANCE_MOBILE_TACTICS_EVIL,Mobile Tactics Evil,lotr,,
advance,ADVANCE_MOBILE_TACTICS_MEN,Mobile Tactics Men,lotr,,
advance,ADVANCE_MOBILE_TACTICS_ROHAN,Mobile Tactics Rohan,lotr,,
advance,ADVANCE_MONOTHEISM_GONDOR,Monotheism Gondor,lotr,,
advance,ADVANCE_OCEAN_FARING_HARADRIM,Ocean Faring Haradrim,lotr,,
advance,ADVANCE_OLIGARCHY_ANGMAR,Oligarchy Angmar,lotr,,
advance,ADVANCE_OLIGARCHY_ARNOR,Oligarchy Arnor,lotr,,
advance,ADVANCE_OLIGARCHY_DWARVES,Oligarchy Dwarves,lotr,,
advance,ADVANCE_OLIGARCHY_EASTERLING,Oligarchy Easterling,lotr,,
advance,ADVANCE_OLIGARCHY_GONDOR,Oligarchy Gondor,lotr,,
advance,ADVANCE_OLIGARCHY_HARADRIM,Oligarchy Haradrim,lotr,,
advance,ADVANCE_OLIGARCHY_HOBBITS,Oligarchy Hobbits,lotr,,
advance,ADVANCE_OLIGARCHY_ROHAN,Oligarchy Rohan,lotr,,
advance,ADVANCE_ONE_RING,One Ring,lotr,,
advance,ADVANCE_ONE_RING2,One Ring2,lotr,,
advance,ADVANCE_PHILOSOPHY_ANGMAR,Philosophy Angmar,lotr,,
advance,ADVANCE_PHILOSOPHY_ARNOR,Philosophy Arnor,lotr,,
advance,ADVANCE_PHILOSOPHY_GOOD,Philosophy Good,lotr,,
advance,ADVANCE_PLUMBING_GOOD,Plumbing Good,lotr,,
advance,ADVANCE_PLUMBING_EVIL,Plumbing Evil,lotr,,
advance,ADVANCE_PROJECTILE_WEAPONS_ELVES,Projectile Weapons Elves,lotr,,
advance,ADVANCE_PROJECTILE_WEAPONS_ORCS,Projectile Weapons Orcs,lotr,,
advance,ADVANCE_PROPULSION,Propulsion,lotr,,
advance,ADVANCE_RELIGION_MORDOR,Religion Mordor,lotr,,
advance,ADVANCE_RELIGION_SINDAR,Religion Sindar,lotr,,
advance,ADVANCE_REPUBLIC_DWARVES,Republic Dwarves,lotr,,
advance,ADVANCE_REPUBLIC_GONDOR,Republic Gondor,lotr,,
advance,ADVANCE_REPUBLIC_HOBBITS,Republic Hobbits,lotr,,
advance,ADVANCE_REPUBLIC_MORDOR,Republic Mordor,lotr,,
advance,ADVANCE_REPUBLIC_ROHAN,Republic Rohan,lotr,,
advance,ADVANCE_SAILS_HARADRIM,Sails Haradrim,lotr,,
advance,ADVANCE_SHIP_BUILDING,Ship Building,lotr,,
advance,ADVANCE_SIEGE_WEAPONS_ELVES,Siege Weapons Elves,lotr,,
advance,ADVANCE_SIEGE_WEAPONS_MORDOR,Siege Weapons Mordor,lotr,,
advance,ADVANCE_SLAVE_LABOR_EVIL,Slave Labor Evil,lotr,,
advance,ADVANCE_SLAVE_LABOR_HARADRIM,Slave Labor Haradrim,lotr,,
advance,ADVANCE_STIRRUP_GONDOR,Stirrup Gondor,lotr,,
advance,ADVANCE_STIRRUP_HARADRIM,Stirrup Haradrim,lotr,,
advance,ADVANCE_STIRRUP_MEN,Stirrup Men,lotr,,
advance,ADVANCE_STIRRUP_MORDOR,Stirrup Mordor,lotr,,
advance,ADVANCE_STIRRUP_ORCS,Stirrup Orcs,lotr,,
advance,ADVANCE_STIRRUP_ROHAN,Stirrup Rohan,lotr,,
advance,ADVANCE_STONE_WORKING_DWARVES,Stone Working Dwarves,lotr,,
advance,ADVANCE_TOOLMAKING_ORCS,Toolmaking Orcs,lotr,,
advance,ADVANCE_TRADE_HOBBITS,Trade Hobbits,lotr,,
advance,ADVANCE_TRIBUNAL_EMPIRE_ARNOR,Tribunal Empire Arnor,lotr,,
advance,ADVANCE_TRIBUNAL_EMPIRE_EASTERLING,Tribunal Empire Easterling,lotr,,
advance,ADVANCE_TRIBUNAL_EMPIRE_GONDOR,Tribunal Empire Gondor,lotr,,
advance,ADVANCE_TRIBUNAL_EMPIRE_HOBBITS,Tribunal Empire Hobbits,lotr,,
advance,ADVANCE_TRIBUNAL_EMPIRE_ISENGARD,Tribunal Empire Isengard,lotr,,
advance,ADVANCE_TRIBUNAL_EMPIRE_ORCS,Tribunal Empire Orcs,lotr,,
advance,ADVANCE_TRIBUNAL_EMPIRE_ROHAN,Tribunal Empire Rohan,lotr,,
advance,ADVANCE_TRIBUNAL_EMPIRE_SINDAR,Tribunal Empire Sindar,lotr,,
advance,ADVANCE_WATER_LIFTS_EASTERLING,Water Lifts Easterling,lotr,,
advance,ADVANCE_WATER_LIFTS_GONDOR,Water Lifts Gondor,lotr,,
advance,ADVANCE_WATER_LIFTS_GOOD,Water Lifts Good,lotr,,
advance,ADVANCE_WATER_LIFTS_HOBBITS,Water Lifts Hobbits,lotr,,
advance,ADVANCE_WRITING_ARNOR,Writing Arnor,lotr,,
advance,ADVANCE_WRITING_GONDOR,Writing Gondor,lotr,,
advance,ADVANCE_EUGENICS,Eugenics,lotr,yes,era: AGE_EIGHT
advance,ADVANCE_HT_SUPERCONDUCTOR,Ht Superconductor,lotr,yes,era: AGE_EIGHT
advance,ADVANCE_LIQUID_BREATHING_APPARATUS,Liquid Breathing Apparatus,lotr,yes,era: AGE_EIGHT
advance,ADVANCE_QUANTUM_MECHANICS,Quantum Mechanics,lotr,yes,era: AGE_SIX
advance,ADVANCE_SUBNEURAL_ADS,Subneural Ads,lotr,yes,era: AGE_NINE
advance,ADVANCE_ULTRAPRESSURE_MACHINERY,Ultrapressure Machinery,lotr,yes,era: AGE_NINE
improve,IMPROVE_WIZARDS_FORTRESS,Wizard's Fortress,base,,
improve,IMPROVE_BARRACKS,Barracks,base,,
improve,IMPROVE_GRANARY,Granary,base,,
improve,IMPROVE_TEMPLE,Temple,base,,
improve,IMPROVE_LIBRARY,Library,base,,
improve,IMPROVE_COURTHOUSE,Courthouse,base,,
improve,IMPROVE_CITY_WALLS,City Walls,base,,
improve,IMPROVE_AQUEDUCT,Aqueduct,base,,
improve,IMPROVE_CATHEDRAL,Cathedral,base,,
improve,IMPROVE_UNIVERSITY,University,base,,
improve,IMPROVE_COLOSSEUM,Colosseum,base,,
improve,IMPROVE_MECHANICIANS_GUILD,Mechanician's Guild,base,,
improve,IMPROVE_XPOWER_PLANT,xPower Plant,base,,
improve,IMPROVE_XHYDRO_PLANT,xHydro Plant,base,,
improve,IMPROVE_PRIMAL_SOURCE,Primal Source,base,,
improve,IMPROVE_MERCHANTS_GUILD,Merchant's Guild,base,,
improve,IMPROVE_BEACON_OF_WISDOM,Beacon of Wisdom,base,,
improve,IMPROVE_COASTAL_FORTRESS,Coastal Fortress,base,,
improve,IMPROVE_HARBOR,Harbor,base,,
improve,IMPROVE_FANTASTIC_STABLE,Fantastic Stable,base,,
improve,IMPROVE_PORT,Port,base,,
improve,IMPROVE_GAIAS_SHRINE,Gaia's Shrine,base,,
improve,IMPROVE_PLEASURE_DOME,Pleasure Dome,base,,
improve,IMPROVE_FONT_OF_BOUNTY,Font of Bounty,base,,
improve,IMPROVE_GREAT_LIBRARY,Great Library,base,,
improve,IMPROVE_ORACLE,Oracle,base,,
improve,IMPROVE_WALL_OF_BONE,Wall of Bone,base,,
improve,IMPROVE_GUILD_OF_LEGENDS,Guild of Legends,base,,
improve,IMPROVE_RUNE_OF_RULERSHIP,Rune of Rulership,base,,
improve,IMPROVE_BARDIC_COLLEGE,Bardic College,base,,
improve,IMPROVE_THE_PARTHENON,The Parthenon,base,,
improve,IMPROVE_MYSTIC_XS_TOWER,Mystic X's Tower,base,,
improve,IMPROVE_GUNTHARS_VOYAGE,Gunthar's Voyage,base,,
improve,IMPROVE_PROSPEROS_CONSERVATORY,Prospero's Conservatory,base,,
improve,IMPROVE_ELIXIR_OF_METAMORPHOSIS,Elixir of Metamorphosis,base,,
improve,IMPROVE_ENCHANTED_GROTTO,Enchanted Grotto,base,,
improve,IMPROVE_ELDRITCH_COLLEGE,Eldritch College,base,,
improve,IMPROVE_GNOME_TREASURY,Gnome Treasury,base,,
improve,IMPROVE_REYWINDS_DISCOVERY,Reywind's Discovery,base,,
improve,IMPROVE_MESMERS_TOWER,Mesmer's Tower,base,,
improve,IMPROVE_XWOMENS_SUFFRAGE,xWomen's Suffrage,base,,
improve,IMPROVE_FORGE_OF_CHAOS,Forge of Chaos,base,,
improve,IMPROVE_ENTROPY_ENGINE,Entropy Engine,base,,
improve,IMPROVE_LEAGUE_OF_WIZARDS,League of Wizards,base,,
improve,IMPROVE_CELESTIAL_BEACON,Celestial Beacon,base,,
improve,IMPROVE_HIDE_SUPERMARKET,HIDE Supermarket,base,,
improve,IMPROVE_CAPITAL_PALACE,Capital (Palace),homm2,,
improve,IMPROVE_TAVERN_TEMPLE,Tavern (Temple),homm2,,
improve,IMPROVE_MARKETPLACE,MarketPlace,homm2,,
improve,IMPROVE_CASTLE_FORTIFICATIONS_CITY_WALLS,Castle Fortifications (City Walls),homm2,,
improve,IMPROVE_WATERFALL_AQUEDUCT,Waterfall (Aqueduct),homm2,,
improve,IMPROVE_STATUE_BANK,Statue (Bank),homm2,,
improve,IMPROVE_MAGE_GUILD_UNIVERSITY,Mage Guild (University),homm2,,
improve,IMPROVE_TREEHOUSE_MASS_TRANSIT,Treehouse (Mass Transit),homm2,,
improve,IMPROVE_ARENA_COLOSSEUM,Arena (Colosseum),homm2,,
improve,IMPROVE_FOUNDRY_FACTORY,Foundry (Factory),homm2,,
improve,IMPROVE_UPG_FOUNDRY_MANUFACTURING_PLANT,Upg. Foundry (Manufacturing Plant),homm2,,
improve,IMPROVE_MAGIC_SHIELD_TOWER_SDI_DEFENSE,Magic Shield Tower (SDI Defense),homm2,,
improve,IMPROVE_GARBAGE_HEAP_RECYCLING_CENTER,Garbage Heap (Recycling Center),homm2,,
improve,IMPROVE_CAVE_MINE_POWER_PLANT,Cave Mine (Power Plant),homm2,,
improve,IMPROVE_BRIDGE_DAM_HYDRO_PLANT,Bridge Dam (Hydro Plant),homm2,,
improve,IMPROVE_STORM_ENERGY_NUCLEAR_PLANT,Storm Energy (Nuclear Plant),homm2,yes,nuclear
improve,IMPROVE_DUNGEON_KEEP_STOCK_EXCHANGE,Dungeon Keep (Stock Exchange),homm2,,
improve,IMPROVE_WELL_SEWER_SYSTEM,Well (Sewer System),homm2,,
improve,IMPROVE_FARMS_SUPERMARKET,Farms (Supermarket),homm2,,
improve,IMPROVE_STONEHENGE_SUPERHIGHWAYS,Stonehenge (Superhighways),homm2,,
improve,IMPROVE_LABORATORY_RESEARCH_LAB,Laboratory (Research Lab),homm2,,
improve,IMPROVE_MAGIC_TURRETS_SAM_MISSILE_BATTERY,Magic Turrets (SAM Missile Battery),homm2,yes,missile
improve,IMPROVE_SEASIDE_TURRETS_COASTAL_FORTRESS,Seaside Turrets (Coastal Fortress),homm2,,
improve,IMPROVE_MAGIC_PYRAMID_SOLAR_PLANT,Magic Pyramid (Solar Plant),homm2,,
improve,IMPROVE_UPG_HARBOR_OFFSHORE_PLATFORM,Upg. Harbor (Offshore Platform),homm2,,
improve,IMPROVE_CLIFF_NEST_AIRPORT,Cliff Nest (Airport),homm2,,
improve,IMPROVE_CAPTAINS_QUARTERS_POLICE_STATION,Captain's Quarters (Police Station),homm2,,
improve,IMPROVE_PORT_FACILITY,Port Facility,homm2,,
improve,IMPROVE_AZURE_DRAGON_CAPTURE,Azure Dragon Capture,homm2,,
improve,IMPROVE_AZURE_DRAGON_BREEDING,Azure Dragon Breeding,homm2,,
improve,IMPROVE_AZURE_DRAGON_TRAINING,Azure Dragon Training,homm2,,
improve,IMPROVE_KEEP,Keep,midgard,,
improve,IMPROVE_STOREHOUSE,Storehouse,midgard,,
improve,IMPROVE_BAZAAR,Bazaar,midgard,,
improve,IMPROVE_CASTLE,Castle,midgard,,
improve,IMPROVE_COUNTING_HOUSE,Counting House,midgard,,
improve,IMPROVE_WIZARDS_TOWER,Wizard's Tower,midgard,,
improve,IMPROVE_THAUMATURGICAL_GUILD,Thaumaturgical Guild,midgard,,
improve,IMPROVE_TWENTY_LEAGUE_BOOTS,Twenty League Boots,midgard,,
improve,IMPROVE_ARENA,Arena,midgard,,
improve,IMPROVE_CRAFTS_GUILD,Crafts Guild,midgard,,
improve,IMPROVE_ARTIFICER_GUILD,Artificer Guild,midgard,,
improve,IMPROVE_FIREBALL_SHIELD,Fireball Shield,midgard,,
improve,IMPROVE_BOTTOMLESS_WELL,Bottomless Well,midgard,,
improve,IMPROVE_STAFF_OF_POWER,Staff of Power,midgard,,
improve,IMPROVE_ALCHEMICAL_PLANT,Alchemical Plant,midgard,,
improve,IMPROVE_MINING_OF_HEL,Mining of Hel,midgard,,
improve,IMPROVE_TOLL_HOUSE,Toll House,midgard,,
improve,IMPROVE_CATACOMBS,Catacombs,midgard,,
improve,IMPROVE_DRAGONS_TEETH,Dragon's Teeth,midgard,,
improve,IMPROVE_MAGIC_RIVERS,Magic Rivers,midgard,,
improve,IMPROVE_ALCHEMY_LABORATORY,Alchemy Laboratory,midgard,,
improve,IMPROVE_MAGIC_SHIELD,Magic Shield,midgard,,
improve,IMPROVE_HARBOR_GUARDIAN,Harbor Guardian,midgard,,
improve,IMPROVE_MAGICAL_GEMS,Magical Gems,midgard,,
improve,IMPROVE_TEMPLE_OF_AEGIR,Temple of Aegir,midgard,,
improve,IMPROVE_ASTRAL_PORTAL,Astral Portal,midgard,,
improve,IMPROVE_GUARDHOUSE,Guardhouse,midgard,,
improve,IMPROVE_SEA_FORTRESS,Sea Fortress,midgard,,
improve,IMPROVE_SS_STRUCTURAL,SS Structural,midgard,,
improve,IMPROVE_SS_COMPONENT,SS Component,midgard,,
improve,IMPROVE_SS_MODULE,SS Module,midgard,,
improve,IMPROVE_PALACE,Palace,crusades,,
improve,IMPROVE_BANK,Bank,crusades,,
improve,IMPROVE_MASS_TRANSIT,Mass Transit,crusades,yes,era: AGE_SIX (via MASS_PRODUCTION)
improve,IMPROVE_FACTORY,Factory,crusades,,
improve,IMPROVE_MANUFACTURING_PLANT,Manufacturing Plant,crusades,yes,era: AGE_SEVEN (via ROBOTICS)
improve,IMPROVE_SDI_DEFENSE,SDI Defense,crusades,,
improve,IMPROVE_RECYCLING_CENTER,Recycling Center,crusades,,
improve,IMPROVE_POWER_PLANT,Power Plant,crusades,,
improve,IMPROVE_HYDRO_PLANT,Hydro Plant,crusades,,
improve,IMPROVE_NUCLEAR_PLANT,Nuclear Plant,crusades,yes,era: AGE_SEVEN (via NUCLEAR_POWER)
improve,IMPROVE_STOCK_EXCHANGE,Stock Exchange,crusades,,
improve,IMPROVE_SEWER_SYSTEM,Sewer System,crusades,,
improve,IMPROVE_SUPERMARKET,Supermarket,crusades,,
improve,IMPROVE_SUPERHIGHWAYS,Superhighways,crusades,,
improve,IMPROVE_RESEARCH_LAB,Research Lab,crusades,,
improve,IMPROVE_SAM_MISSILE_BATTERY,SAM Missile Battery,crusades,yes,missile
improve,IMPROVE_SOLAR_PLANT,Solar Plant,crusades,,
improve,IMPROVE_OFFSHORE_PLATFORM,Offshore Platform,crusades,,
improve,IMPROVE_AIRPORT,Airport,crusades,,
improve,IMPROVE_POLICE_STATION,Police Station,crusades,yes,era: AGE_FIVE (via COMMUNISM)
improve,IMPROVE_ACADEMY,Academy,cradle,,
improve,IMPROVE_AGORA,Agora,cradle,,
improve,IMPROVE_ANTI_BALLISTIC_MISSILES,Anti-Ballistic Missiles,cradle,yes,era: AGE_SEVEN (via GLOBAL_COMMUNICATIONS)
improve,IMPROVE_APOTHECARY,Apothecary,cradle,,
improve,IMPROVE_ARCOLOGIES,Arcologies,cradle,yes,era: AGE_EIGHT (via ARCOLOGIES)
improve,IMPROVE_BALLISTA_TOWERS,Ballista Towers,cradle,,
improve,IMPROVE_BASILICA,Basilica,cradle,,
improve,IMPROVE_BATH_HOUSE,Bath House,cradle,,
improve,IMPROVE_BATTLEMENTS,Battlements,cradle,,
improve,IMPROVE_BEHAVIORAL_MOD_CENTER,Behavioral Mod Center,cradle,yes,era: AGE_TEN (via NEURAL_REPROGRAMMING)
improve,IMPROVE_BODY_EXCHANGE,Body Exchange,cradle,yes,era: AGE_TEN (via LIFE_EXTENSION)
improve,IMPROVE_BROKERAGE,Brokerage,cradle,yes,era: AGE_FIVE (via ECONOMICS)
improve,IMPROVE_CAPITOL,Capitol,cradle,,
improve,IMPROVE_CITY_CLOCK,City Clock,cradle,,
improve,IMPROVE_CITY_WALL,City Wall,cradle,,
improve,IMPROVE_COMPUTER_CENTER,Computer Center,cradle,yes,era: AGE_SEVEN (via COMPUTER)
improve,IMPROVE_CONSCRIPTED_LABOR,Conscripted Labor,cradle,,
improve,IMPROVE_CORRECTIONAL_FACILITY,Correctional Facility,cradle,,
improve,IMPROVE_CRAFT_GUILD,Craft Guild,cradle,,
improve,IMPROVE_DRUG_STORE,Drug Store,cradle,yes,era: AGE_FIVE (via PHARMACEUTICALS)
improve,IMPROVE_DYNASTIC_HOUSE,Dynastic House,cradle,,
improve,IMPROVE_ECO_TRANSIT,Eco-Transit,cradle,yes,era: AGE_SEVEN (via FUEL_CELLS)
improve,IMPROVE_FLAK_TOWERS,Flak Towers,cradle,yes,era: AGE_SIX (via RADAR)
improve,IMPROVE_FOOD_IMPORTS,Food Imports,cradle,,
improve,IMPROVE_FOOD_SILO,Food Silo,cradle,yes,era: AGE_FIVE (via RAILROAD)
improve,IMPROVE_FORCEFIELD,Forcefield,cradle,yes,era: AGE_NINE (via UNIFIED_PHYSICS)
improve,IMPROVE_FORGE,Forge,cradle,,
improve,IMPROVE_FORUM,Forum,cradle,,
improve,IMPROVE_FUSION_PLANT,Fusion Plant,cradle,yes,era: AGE_NINE (via FUSION)
improve,IMPROVE_ARCH,Arch,cradle,,
improve,IMPROVE_HOSPITAL,Hospital,cradle,,
improve,IMPROVE_INCUBATION_CENTER,Incubation Center,cradle,yes,era: AGE_NINE (via HUMAN_CLONING)
improve,IMPROVE_MATTER_DECOMPILER,Matter Decompiler,cradle,yes,era: AGE_EIGHT (via NANO_ASSEMBLY)
improve,IMPROVE_MICRO_DEFENSE,Micro Defense,cradle,yes,era: AGE_NINE (via NANO_WARFARE)
improve,IMPROVE_MILL,Mill,cradle,,
improve,IMPROVE_MONASTERY,Monastery,cradle,,
improve,IMPROVE_MOSQUE,Mosque,cradle,,
improve,IMPROVE_MOVIE_PALACE,Movie Palace,cradle,yes,era: AGE_FIVE (via ELECTRICITY)
improve,IMPROVE_OIL_REFINERY,Oil Refinery,cradle,yes,era: AGE_FIVE (via OIL_REFINING)
improve,IMPROVE_PHYSICIAN,Physician,cradle,,
improve,IMPROVE_MAGISTRATES,Magistrates,cradle,,
improve,IMPROVE_PUBLIC_TRANSPORTATION,Public Transportation,cradle,yes,era: AGE_SIX (via MASS_TRANSIT)
improve,IMPROVE_PUBLISHING_HOUSE,Publishing House,cradle,,
improve,IMPROVE_RECYCLING_PLANT,Recycling Plant,cradle,yes,era: AGE_SIX (via CONSERVATION)
improve,IMPROVE_ROBOTIC_PLANT,Robotic Plant,cradle,yes,era: AGE_SEVEN (via ROBOTICS)
improve,IMPROVE_SECURITY_MONITOR,Security Monitor,cradle,yes,era: AGE_EIGHT (via AI_SURVEILLANCE)
improve,IMPROVE_SHRINE,Shrine,cradle,,
improve,IMPROVE_TELEVISION,Television,cradle,yes,era: AGE_SIX (via MASS_MEDIA)
improve,IMPROVE_THEATER,Theater,cradle,,
improve,IMPROVE_WALL,Wall,cradle,,
improve,IMPROVE_WORK_CAMP,Work Camp,cradle,,
improve,IMPROVE_ZIGGURAT,Ziggurat,cradle,,
improve,IMPROVE_RELIGIOUS_VICTORY,Religious Victory,cradle,,
improve,IMPROVE_ORBITAL_LABORATORY,Orbital Laboratory,cradle,yes,sci-fi
improve,IMPROVE_VR_AMUSEMENT_PARK,VR Amusement Park,cradle,,
improve,IMPROVE_E_BANK,E-Bank,cradle,,
improve,IMPROVE_NANITE_FACTORY,Nanite Factory,cradle,yes,sci-fi
improve,IMPROVE_CORNUCOPIC_VAT,Cornucopic Vat,cradle,,
improve,IMPROVE_AQUA_FILTER,Aqua-Filter,cradle,,
improve,IMPROVE_GAIA_CONTROLLER_CORE,Gaia Controller Core,aom,yes,era: AGE_TEN (via GAIA_CONTROLLER)
improve,IMPROVE_GAIA_POWER_SATELLITE,Gaia Power Satellite,aom,yes,era: AGE_TEN (via GAIA_CONTROLLER)
improve,IMPROVE_SILO,Silo,aom,,
improve,IMPROVE_STOCKADE,Stockade,aom,,
improve,IMPROVE_CORNUCOPIC_VATS,Cornucopic Vats,aom,yes,era: AGE_NINE (via GENETIC_TAILORING)
