cell_index,name,domain,move,attack,defense,hp,firepower,cost,prereq,icon,sprite,sound_select1,sound_move,sound_attack,source
0,Peasants,0,1,0a,1d,2h,1f,4,nil,ICON_UNIT_PEASANTS,SPRITE_PEASANTS,SOUND_SELECT1_PEASANTS,SOUND_MOVE_PEASANTS,SOUND_ATTACK_PEASANTS,base
1,Zombies,0,1,2a,2d,2h,1f,4,Rfg,ICON_UNIT_ZOMBIES,SPRITE_ZOMBIES,SOUND_SELECT1_ZOMBIES,SOUND_MOVE_ZOMBIES,SOUND_ATTACK_ZOMBIES,base
1,Spearmen,0,1,1a,1d,1h,1f,1,nil,ICON_UNIT_SPEARMEN,SPRITE_SPEARMEN,SOUND_SELECT1_SPEARMEN,SOUND_MOVE_SPEARMEN,SOUND_ATTACK_SPEARMEN,base
2,Swordsmen,0,1,2a,2d,1h,1f,2,Bro,ICON_UNIT_SWORDSMEN,SPRITE_SWORDSMEN,SOUND_SELECT1_SWORDSMEN,SOUND_MOVE_SWORDSMEN,SOUND_ATTACK_SWORDSMEN,base
4,Phantom Warriors,0,2,3a,1d,1h,2f,3,Rfg,ICON_UNIT_PHANTOM_WARRIORS,SPRITE_PHANTOM_WARRIORS,SOUND_SELECT1_PHANTOM_WARRIORS,SOUND_MOVE_PHANTOM_WARRIORS,SOUND_ATTACK_PHANTOM_WARRIORS,base
5,Hell Hounds,0,1,4a,2d,1h,1f,6,Med,ICON_UNIT_HELL_HOUNDS,SPRITE_HELL_HOUNDS,SOUND_SELECT1_HELL_HOUNDS,SOUND_MOVE_HELL_HOUNDS,SOUND_ATTACK_HELL_HOUNDS,base
6,Warbears,0,1,3a,3d,2h,1f,4,Plu,ICON_UNIT_WARBEARS,SPRITE_WARBEARS,SOUND_SELECT1_WARBEARS,SOUND_MOVE_WARBEARS,SOUND_ATTACK_WARBEARS,base
7,Warlock,0,2,12a,2d,2h,2f,12,NP,ICON_UNIT_WARLOCK,SPRITE_WARLOCK,SOUND_SELECT1_WARLOCK,SOUND_MOVE_WARLOCK,SOUND_ATTACK_WARLOCK,base
8,Ariel,0,2,3a,8d,2h,2f,4,Inv,ICON_UNIT_ARIEL,SPRITE_ARIEL,SOUND_SELECT1_ARIEL,SOUND_MOVE_ARIEL,SOUND_ATTACK_ARIEL,base
9,Jafar,0,4,6a,4d,2h,2f,6,X2,ICON_UNIT_JAFAR,SPRITE_JAFAR,SOUND_SELECT1_JAFAR,SOUND_MOVE_JAFAR,SOUND_ATTACK_JAFAR,base
10,Rjak,0,2,6a,6d,2h,2f,8,Rob,ICON_UNIT_RJAK,SPRITE_RJAK,SOUND_SELECT1_RJAK,SOUND_MOVE_RJAK,SOUND_ATTACK_RJAK,base
11,Tauron,0,2,8a,3d,2h,3f,5,Med,ICON_UNIT_TAURON,SPRITE_TAURON,SOUND_SELECT1_TAURON,SOUND_MOVE_TAURON,SOUND_ATTACK_TAURON,base
12,Serena,0,2,3a,4d,2h,1f,6,Lab,ICON_UNIT_SERENA,SPRITE_SERENA,SOUND_SELECT1_SERENA,SOUND_MOVE_SERENA,SOUND_ATTACK_SERENA,base
13,Freya,0,3,4a,5d,2h,2f,4,Mys,ICON_UNIT_FREYA,SPRITE_FREYA,SOUND_SELECT1_FREYA,SOUND_MOVE_FREYA,SOUND_ATTACK_FREYA,base
14,Alorra,0,2,6a,2d,2h,1f,10,Las,ICON_UNIT_ALORRA,SPRITE_ALORRA,SOUND_SELECT1_ALORRA,SOUND_MOVE_ALORRA,SOUND_ATTACK_ALORRA,base
15,Centaurs,0,2,2a,1d,1h,1f,2,Plu,ICON_UNIT_CENTAURS,SPRITE_CENTAURS,SOUND_SELECT1_CENTAURS,SOUND_MOVE_CENTAURS,SOUND_ATTACK_CENTAURS,base
16,Elven Archers,0,1,3a,1d,1h,1f,3,Plu,ICON_UNIT_ELVEN_ARCHERS,SPRITE_ELVEN_ARCHERS,SOUND_SELECT1_ELVEN_ARCHERS,SOUND_MOVE_ELVEN_ARCHERS,SOUND_ATTACK_ELVEN_ARCHERS,base
9,Mage,0,1,3a,1d,1h,1f,4,The,ICON_UNIT_MAGE,SPRITE_MAGE,SOUND_SELECT1_MAGE,SOUND_MOVE_MAGE,SOUND_ATTACK_MAGE,base
10,Wyvern,1,3,8a,4d,2h,2f,12,Met,ICON_UNIT_WYVERN,SPRITE_WYVERN,SOUND_SELECT1_WYVERN,SOUND_MOVE_WYVERN,SOUND_ATTACK_WYVERN,base
6,Knights,0,2,4a,2d,1h,1f,4,Chi,ICON_UNIT_KNIGHTS,SPRITE_KNIGHTS,SOUND_SELECT1_KNIGHTS,SOUND_MOVE_KNIGHTS,SOUND_ATTACK_KNIGHTS,base
7,Paladins,0,2,6a,2d,2h,1f,5,Lab,ICON_UNIT_PALADINS,SPRITE_PALADINS,SOUND_SELECT1_PALADINS,SOUND_MOVE_PALADINS,SOUND_ATTACK_PALADINS,base
11,Unicorn,0,3,3a,6d,2h,1f,6,PT,ICON_UNIT_UNICORN,SPRITE_UNICORN,SOUND_SELECT1_UNICORN,SOUND_MOVE_UNICORN,SOUND_ATTACK_UNICORN,base
12,Iron Golem,0,1,8a,5d,4h,1f,9,NP,ICON_UNIT_IRON_GOLEM,SPRITE_IRON_GOLEM,SOUND_SELECT1_IRON_GOLEM,SOUND_MOVE_IRON_GOLEM,SOUND_ATTACK_IRON_GOLEM,base
5,Catapult,0,1,6a,1d,1h,1f,4,Mat,ICON_UNIT_CATAPULT,SPRITE_CATAPULT,SOUND_SELECT1_CATAPULT,SOUND_MOVE_CATAPULT,SOUND_ATTACK_CATAPULT,base
24,Steam Cannon,0,1,10a,2d,2h,2f,12,X3,ICON_UNIT_STEAM_CANNON,SPRITE_STEAM_CANNON,SOUND_SELECT1_STEAM_CANNON,SOUND_MOVE_STEAM_CANNON,SOUND_ATTACK_STEAM_CANNON,base
6,B6,0,1,5a,4d,4h,1f,9,no,ICON_UNIT_B6,SPRITE_B6,SOUND_SELECT1_B6,SOUND_MOVE_B6,SOUND_ATTACK_B6,base
3,B3,0,1,5a,4d,4h,1f,9,no,ICON_UNIT_B3,SPRITE_B3,SOUND_SELECT1_B3,SOUND_MOVE_B3,SOUND_ATTACK_B3,base
9,B9,0,1,5a,4d,4h,1f,9,no,ICON_UNIT_B9,SPRITE_B9,SOUND_SELECT1_B9,SOUND_MOVE_B9,SOUND_ATTACK_B9,base
13,Efreet,0,1,7a,3d,2h,2f,9,Met,ICON_UNIT_EFREET,SPRITE_EFREET,SOUND_SELECT1_EFREET,SOUND_MOVE_EFREET,SOUND_ATTACK_EFREET,base
14,Wraith,0,2,4a,3d,2h,1f,6,Rob,ICON_UNIT_WRAITH,SPRITE_WRAITH,SOUND_SELECT1_WRAITH,SOUND_MOVE_WRAITH,SOUND_ATTACK_WRAITH,base
15,Griffin,1,4,4a,4d,2h,1f,6,PT,ICON_UNIT_GRIFFIN,SPRITE_GRIFFIN,SOUND_SELECT1_GRIFFIN,SOUND_MOVE_GRIFFIN,SOUND_ATTACK_GRIFFIN,base
16,Pegasus,1,5,5a,2d,2h,2f,8,PT,ICON_UNIT_PEGASUS,SPRITE_PEGASUS,SOUND_SELECT1_PEGASUS,SOUND_MOVE_PEGASUS,SOUND_ATTACK_PEGASUS,base
17,Galley,2,3,1a,1d,1h,1f,4,Map,ICON_UNIT_GALLEY,SPRITE_GALLEY,SOUND_SELECT1_GALLEY,SOUND_MOVE_GALLEY,SOUND_ATTACK_GALLEY,base
18,Warship,2,4,7a,3d,2h,1f,8,Eng,ICON_UNIT_WARSHIP,SPRITE_WARSHIP,SOUND_SELECT1_WARSHIP,SOUND_MOVE_WARSHIP,SOUND_ATTACK_WARSHIP,base
19,Hydra,0,1,12a,3d,3h,2f,12,Met,ICON_UNIT_HYDRA,SPRITE_HYDRA,SOUND_SELECT1_HYDRA,SOUND_MOVE_HYDRA,SOUND_ATTACK_HYDRA,base
20,Airship,1,6,5a,1d,1h,1f,4,X3,ICON_UNIT_AIRSHIP,SPRITE_AIRSHIP,SOUND_SELECT1_AIRSHIP,SOUND_MOVE_AIRSHIP,SOUND_ATTACK_AIRSHIP,base
21,Minotaur,0,1,1a,2d,2h,1f,3,MP,ICON_UNIT_MINOTAUR,SPRITE_MINOTAUR,SOUND_SELECT1_MINOTAUR,SOUND_MOVE_MINOTAUR,SOUND_ATTACK_MINOTAUR,base
22,War Troll,0,1,7a,5d,3h,1f,7,Med,ICON_UNIT_WAR_TROLL,SPRITE_WAR_TROLL,SOUND_SELECT1_WAR_TROLL,SOUND_MOVE_WAR_TROLL,SOUND_ATTACK_WAR_TROLL,base
23,Gargoyle,1,2,2a,4d,2h,1f,6,Med,ICON_UNIT_GARGOYLE,SPRITE_GARGOYLE,SOUND_SELECT1_GARGOYLE,SOUND_MOVE_GARGOYLE,SOUND_ATTACK_GARGOYLE,base
24,Guardian Spirit,0,2,1a,5d,3h,1f,4,Inv,ICON_UNIT_GUARDIAN_SPIRIT,SPRITE_GUARDIAN_SPIRIT,SOUND_SELECT1_GUARDIAN_SPIRIT,SOUND_MOVE_GUARDIAN_SPIRIT,SOUND_ATTACK_GUARDIAN_SPIRIT,base
25,Cockatrice,1,2,6a,1d,1h,3f,6,PT,ICON_UNIT_COCKATRICE,SPRITE_COCKATRICE,SOUND_SELECT1_COCKATRICE,SOUND_MOVE_COCKATRICE,SOUND_ATTACK_COCKATRICE,base
7,B7,0,1,5a,4d,4h,1f,9,no,ICON_UNIT_B7,SPRITE_B7,SOUND_SELECT1_B7,SOUND_MOVE_B7,SOUND_ATTACK_B7,base
8,B8,0,1,5a,4d,4h,1f,9,no,ICON_UNIT_B8,SPRITE_B8,SOUND_SELECT1_B8,SOUND_MOVE_B8,SOUND_ATTACK_B8,base
26,Salamander,0,2,10a,3d,2h,1f,10,Met,ICON_UNIT_SALAMANDER,SPRITE_SALAMANDER,SOUND_SELECT1_SALAMANDER,SOUND_MOVE_SALAMANDER,SOUND_ATTACK_SALAMANDER,base
27,Infernal Device,1,10,99a,0d,1h,1f,16,Min,ICON_UNIT_INFERNAL_DEVICE,SPRITE_INFERNAL_DEVICE,SOUND_SELECT1_INFERNAL_DEVICE,SOUND_MOVE_INFERNAL_DEVICE,SOUND_ATTACK_INFERNAL_DEVICE,base
28,Minion,0,2,0a,0d,1h,1f,3,Rfg,ICON_UNIT_MINION,SPRITE_MINION,SOUND_SELECT1_MINION,SOUND_MOVE_MINION,SOUND_ATTACK_MINION,base
29,Demon,1,2,4a,5d,2h,1f,7,Med,ICON_UNIT_DEMON,SPRITE_DEMON,SOUND_SELECT1_DEMON,SOUND_MOVE_DEMON,SOUND_ATTACK_DEMON,base
30,Caravan,0,1,0a,1d,1h,1f,5,Tra,ICON_UNIT_CARAVAN,SPRITE_CARAVAN,SOUND_SELECT1_CARAVAN,SOUND_MOVE_CARAVAN,SOUND_ATTACK_CARAVAN,base
5,B5,0,1,5a,4d,4h,1f,9,no,ICON_UNIT_B5,SPRITE_B5,SOUND_SELECT1_B5,SOUND_MOVE_B5,SOUND_ATTACK_B5,base
4,B4,0,1,5a,4d,4h,1f,9,no,ICON_UNIT_B4,SPRITE_B4,SOUND_SELECT1_B4,SOUND_MOVE_B4,SOUND_ATTACK_B4,base
31,War Mammoth,0,2,10a,5d,3h,1f,8,PT,ICON_UNIT_WAR_MAMMOTH,SPRITE_WAR_MAMMOTH,SOUND_SELECT1_WAR_MAMMOTH,SOUND_MOVE_WAR_MAMMOTH,SOUND_ATTACK_WAR_MAMMOTH,base
32,Storm Giant,0,2,8a,4d,2h,1f,9,NP,ICON_UNIT_STORM_GIANT,SPRITE_STORM_GIANT,SOUND_SELECT1_STORM_GIANT,SOUND_MOVE_STORM_GIANT,SOUND_ATTACK_STORM_GIANT,base
33,Air Elemental,1,8,6a,3d,1h,1f,5,X2,ICON_UNIT_AIR_ELEMENTAL,SPRITE_AIR_ELEMENTAL,SOUND_SELECT1_AIR_ELEMENTAL,SOUND_MOVE_AIR_ELEMENTAL,SOUND_ATTACK_AIR_ELEMENTAL,base
34,Storm Drake,1,5,12a,6d,3h,2f,14,NP,ICON_UNIT_STORM_DRAKE,SPRITE_STORM_DRAKE,SOUND_SELECT1_STORM_DRAKE,SOUND_MOVE_STORM_DRAKE,SOUND_ATTACK_STORM_DRAKE,base
35,Warrax,0,2,8a,3d,2h,2f,12,Met,ICON_UNIT_WARRAX,SPRITE_WARRAX,SOUND_SELECT1_WARRAX,SOUND_MOVE_WARRAX,SOUND_ATTACK_WARRAX,base
36,Undead Dragon,1,3,12a,6d,4h,2f,3,SE,ICON_UNIT_UNDEAD_DRAGON,SPRITE_UNDEAD_DRAGON,SOUND_SELECT1_UNDEAD_DRAGON,SOUND_MOVE_UNDEAD_DRAGON,SOUND_ATTACK_UNDEAD_DRAGON,base
37,Great Wyrm,0,2,15a,9d,6h,2f,12,Rad,ICON_UNIT_GREAT_WYRM,SPRITE_GREAT_WYRM,SOUND_SELECT1_GREAT_WYRM,SOUND_MOVE_GREAT_WYRM,SOUND_ATTACK_GREAT_WYRM,base
38,Behemoth,0,1,5a,4d,4h,1f,9,Rad,ICON_UNIT_BEHEMOTH,SPRITE_BEHEMOTH,SOUND_SELECT1_BEHEMOTH,SOUND_MOVE_BEHEMOTH,SOUND_ATTACK_BEHEMOTH,base
39,Malleus,0,2,8a,2d,2h,1f,10,SFl,ICON_UNIT_MALLEUS,SPRITE_MALLEUS,SOUND_SELECT1_MALLEUS,SOUND_MOVE_MALLEUS,SOUND_ATTACK_MALLEUS,base
40,Merfolk,2,4,4a,3d,2h,1f,5,X2,ICON_UNIT_MERFOLK,SPRITE_MERFOLK,SOUND_SELECT1_MERFOLK,SOUND_MOVE_MERFOLK,SOUND_ATTACK_MERFOLK,base
41,Archangel,1,4,12a,12d,2h,2f,12,Las,ICON_UNIT_ARCHANGEL,SPRITE_ARCHANGEL,SOUND_SELECT1_ARCHANGEL,SOUND_MOVE_ARCHANGEL,SOUND_ATTACK_ARCHANGEL,base
42,Settler,0,1,0a,2d,2h,1f,7,nil,ICON_UNIT_SETTLER,SPRITE_SETTLER,SOUND_SELECT1_SETTLER,SOUND_MOVE_SETTLER,SOUND_ATTACK_SETTLER,base
1,Halfling,0,1,1a,1d,1h,2f,1,Plu,ICON_UNIT_HALFLING,SPRITE_HALFLING,SOUND_SELECT1_HALFLING,SOUND_MOVE_HALFLING,SOUND_ATTACK_HALFLING,homm2
4,Peasant,0,1,1a,1d,1h,1f,1,nil,ICON_UNIT_PEASANT,SPRITE_PEASANT,SOUND_SELECT1_PEASANT,SOUND_MOVE_PEASANT,SOUND_ATTACK_PEASANT,homm2
5,Water/Air Elementals,0,1,1a,1d,1h,1f,1,The,ICON_UNIT_WATERAIR_ELEMENTALS,SPRITE_WATERAIR_ELEMENTALS,SOUND_SELECT1_WATERAIR_ELEMENTALS,SOUND_MOVE_WATERAIR_ELEMENTALS,SOUND_ATTACK_WATERAIR_ELEMENTALS,homm2
7,Nomad,0,2,2a,1d,1h,1f,2,homm2:ToG,ICON_UNIT_NOMAD,SPRITE_NOMAD,SOUND_SELECT1_NOMAD,SOUND_MOVE_NOMAD,SOUND_ATTACK_NOMAD,homm2
8,Earth/Fire Elementals,0,1,1a,2d,2h,1f,3,MP,ICON_UNIT_EARTHFIRE_ELEMENTALS,SPRITE_EARTHFIRE_ELEMENTALS,SOUND_SELECT1_EARTHFIRE_ELEMENTALS,SOUND_MOVE_EARTHFIRE_ELEMENTALS,SOUND_ATTACK_EARTHFIRE_ELEMENTALS,homm2
9,Ghost,0,1,4a,2d,1h,1f,4,Rfg,ICON_UNIT_GHOST,SPRITE_GHOST,SOUND_SELECT1_GHOST,SOUND_MOVE_GHOST,SOUND_ATTACK_GHOST,homm2
11,Skeleton,0,1,1a,1d,1h,1f,1,Rfg,ICON_UNIT_SKELETON,SPRITE_SKELETON,SOUND_SELECT1_SKELETON,SOUND_MOVE_SKELETON,SOUND_ATTACK_SKELETON,homm2
14,Centaur,0,1,1a,1d,1h,2f,1,Plu,ICON_UNIT_CENTAUR,SPRITE_CENTAUR,SOUND_SELECT1_CENTAUR,SOUND_MOVE_CENTAUR,SOUND_ATTACK_CENTAUR,homm2
15,Medusa,0,1,3a,2d,1h,2f,5,Med,ICON_UNIT_MEDUSA,SPRITE_MEDUSA,SOUND_SELECT1_MEDUSA,SOUND_MOVE_MEDUSA,SOUND_ATTACK_MEDUSA,homm2
16,Faerie Sprite,0,1,1a,1d,1h,1f,1,Plu,ICON_UNIT_FAERIE_SPRITE,SPRITE_FAERIE_SPRITE,SOUND_SELECT1_FAERIE_SPRITE,SOUND_MOVE_FAERIE_SPRITE,SOUND_ATTACK_FAERIE_SPRITE,homm2
17,Goblin,0,1,1a,1d,1h,1f,1,MP,ICON_UNIT_GOBLIN,SPRITE_GOBLIN,SOUND_SELECT1_GOBLIN,SOUND_MOVE_GOBLIN,SOUND_ATTACK_GOBLIN,homm2
18,Dwarf,0,1,2a,1d,2h,1f,2,Plu,ICON_UNIT_DWARF,SPRITE_DWARF,SOUND_SELECT1_DWARF,SOUND_MOVE_DWARF,SOUND_ATTACK_DWARF,homm2
20,Red Dragon,0,1,4a,2d,2h,2f,99,Mob,ICON_UNIT_RED_DRAGON,SPRITE_RED_DRAGON,SOUND_SELECT1_RED_DRAGON,SOUND_MOVE_RED_DRAGON,SOUND_ATTACK_RED_DRAGON,homm2
21,Green Dragon,0,1,3a,2d,1h,2f,99,Mob,ICON_UNIT_GREEN_DRAGON,SPRITE_GREEN_DRAGON,SOUND_SELECT1_GREEN_DRAGON,SOUND_MOVE_GREEN_DRAGON,SOUND_ATTACK_GREEN_DRAGON,homm2
22,Archer,0,1,2a,1d,1h,2f,2,homm2:ToG,ICON_UNIT_ARCHER,SPRITE_ARCHER,SOUND_SELECT1_ARCHER,SOUND_MOVE_ARCHER,SOUND_ATTACK_ARCHER,homm2
23,Siege Catapult,0,1,6a,1d,1h,2f,4,homm2:Ato,ICON_UNIT_SIEGE_CATAPULT,SPRITE_SIEGE_CATAPULT,SOUND_SELECT1_SIEGE_CATAPULT,SOUND_MOVE_SIEGE_CATAPULT,SOUND_ATTACK_SIEGE_CATAPULT,homm2
24,Genie,0,2,6a,3d,2h,2f,7,X2,ICON_UNIT_GENIE,SPRITE_GENIE,SOUND_SELECT1_GENIE,SOUND_MOVE_GENIE,SOUND_ATTACK_GENIE,homm2
25,Orc,0,1,2a,1d,1h,2f,2,MP,ICON_UNIT_ORC,SPRITE_ORC,SOUND_SELECT1_ORC,SOUND_MOVE_ORC,SOUND_ATTACK_ORC,homm2
26,Elf,0,1,1a,2d,1h,2f,3,Plu,ICON_UNIT_ELF,SPRITE_ELF,SOUND_SELECT1_ELF,SOUND_MOVE_ELF,SOUND_ATTACK_ELF,homm2
27,Boar,0,2,2a,1d,1h,1f,2,Plu,ICON_UNIT_BOAR,SPRITE_BOAR,SOUND_SELECT1_BOAR,SOUND_MOVE_BOAR,SOUND_ATTACK_BOAR,homm2
28,Wolf,0,2,1a,2d,1h,1f,3,Plu,ICON_UNIT_WOLF,SPRITE_WOLF,SOUND_SELECT1_WOLF,SOUND_MOVE_WOLF,SOUND_ATTACK_WOLF,homm2
29,Golem,0,1,1a,2d,2h,1f,3,The,ICON_UNIT_GOLEM,SPRITE_GOLEM,SOUND_SELECT1_GOLEM,SOUND_MOVE_GOLEM,SOUND_ATTACK_GOLEM,homm2
31,Pikeman,0,1,1a,2d,2h,1f,3,homm2:Ast,ICON_UNIT_PIKEMAN,SPRITE_PIKEMAN,SOUND_SELECT1_PIKEMAN,SOUND_MOVE_PIKEMAN,SOUND_ATTACK_PIKEMAN,homm2
32,Boat,2,3,2a,1d,1h,1f,4,homm2:Sea,ICON_UNIT_BOAT,SPRITE_BOAT,SOUND_SELECT1_BOAT,SOUND_MOVE_BOAT,SOUND_ATTACK_BOAT,homm2
33,Ship,2,4,4a,2d,2h,2f,5,homm2:NP,ICON_UNIT_SHIP,SPRITE_SHIP,SOUND_SELECT1_SHIP,SOUND_MOVE_SHIP,SOUND_ATTACK_SHIP,homm2
34,Trade Cart,0,2,0a,1d,1h,1f,5,homm2:Tra,ICON_UNIT_TRADE_CART,SPRITE_TRADE_CART,SOUND_SELECT1_TRADE_CART,SOUND_MOVE_TRADE_CART,SOUND_ATTACK_TRADE_CART,homm2
35,Rogue Thief,0,1,0a,0d,1h,1f,3,homm2:Wri,ICON_UNIT_ROGUE_THIEF,SPRITE_ROGUE_THIEF,SOUND_SELECT1_ROGUE_THIEF,SOUND_MOVE_ROGUE_THIEF,SOUND_ATTACK_ROGUE_THIEF,homm2
36,Magic Arrow,1,8,6a,0d,1h,1f,5,homm2:Whe,ICON_UNIT_MAGIC_ARROW,SPRITE_MAGIC_ARROW,SOUND_SELECT1_MAGIC_ARROW,SOUND_MOVE_MAGIC_ARROW,SOUND_ATTACK_MAGIC_ARROW,homm2
37,Lightning Bolt,1,12,8a,0d,1h,1f,6,homm2:Amp,ICON_UNIT_LIGHTNING_BOLT,SPRITE_LIGHTNING_BOLT,SOUND_SELECT1_LIGHTNING_BOLT,SOUND_MOVE_LIGHTNING_BOLT,SOUND_ATTACK_LIGHTNING_BOLT,homm2
38,Armageddon Fire Blast,1,16,99a,0d,1h,1f,16,Min,ICON_UNIT_ARMAGEDDON_FIRE_BLAST,SPRITE_ARMAGEDDON_FIRE_BLAST,SOUND_SELECT1_ARMAGEDDON_FIRE_BLAST,SOUND_MOVE_ARMAGEDDON_FIRE_BLAST,SOUND_ATTACK_ARMAGEDDON_FIRE_BLAST,homm2
42,Ogre,0,1,4a,2d,2h,1f,4,MP,ICON_UNIT_OGRE,SPRITE_OGRE,SOUND_SELECT1_OGRE,SOUND_MOVE_OGRE,SOUND_ATTACK_OGRE,homm2
43,Roc,0,1,4a,2d,1h,1f,4,homm2:Plu,ICON_UNIT_ROC,SPRITE_ROC,SOUND_SELECT1_ROC,SOUND_MOVE_ROC,SOUND_ATTACK_ROC,homm2
45,Swordsman,0,1,4a,2d,1h,1f,4,homm2:Plu,ICON_UNIT_SWORDSMAN,SPRITE_SWORDSMAN,SOUND_SELECT1_SWORDSMAN,SOUND_MOVE_SWORDSMAN,SOUND_ATTACK_SWORDSMAN,homm2
46,Zombie,0,1,2a,1d,2h,1f,2,Rfg,ICON_UNIT_ZOMBIE,SPRITE_ZOMBIE,SOUND_SELECT1_ZOMBIE,SOUND_MOVE_ZOMBIE,SOUND_ATTACK_ZOMBIE,homm2
47,Mummy,0,1,1a,2d,1h,1f,3,Rfg,ICON_UNIT_MUMMY,SPRITE_MUMMY,SOUND_SELECT1_MUMMY,SOUND_MOVE_MUMMY,SOUND_ATTACK_MUMMY,homm2
48,Vampire,0,1,4a,2d,1h,1f,4,Rfg,ICON_UNIT_VAMPIRE,SPRITE_VAMPIRE,SOUND_SELECT1_VAMPIRE,SOUND_MOVE_VAMPIRE,SOUND_ATTACK_VAMPIRE,homm2
49,Druid,0,1,4a,2d,1h,2f,4,homm2:Plu,ICON_UNIT_DRUID,SPRITE_DRUID,SOUND_SELECT1_DRUID,SOUND_MOVE_DRUID,SOUND_ATTACK_DRUID,homm2
50,Troll,0,1,3a,3d,1h,2f,5,Med,ICON_UNIT_TROLL,SPRITE_TROLL,SOUND_SELECT1_TROLL,SOUND_MOVE_TROLL,SOUND_ATTACK_TROLL,homm2
52,Lich,0,1,3a,3d,1h,2f,5,Rob,ICON_UNIT_LICH,SPRITE_LICH,SOUND_SELECT1_LICH,SOUND_MOVE_LICH,SOUND_ATTACK_LICH,homm2
54,Cavalry,0,2,3a,3d,1h,1f,5,homm2:Stl,ICON_UNIT_CAVALRY,SPRITE_CAVALRY,SOUND_SELECT1_CAVALRY,SOUND_MOVE_CAVALRY,SOUND_ATTACK_CAVALRY,homm2
56,Bone Dragon,0,2,6a,3d,2h,2f,8,SE,ICON_UNIT_BONE_DRAGON,SPRITE_BONE_DRAGON,SOUND_SELECT1_BONE_DRAGON,SOUND_MOVE_BONE_DRAGON,SOUND_ATTACK_BONE_DRAGON,homm2
57,Black Dragon,0,2,6a,3d,3h,2f,10,Mob,ICON_UNIT_BLACK_DRAGON,SPRITE_BLACK_DRAGON,SOUND_SELECT1_BLACK_DRAGON,SOUND_MOVE_BLACK_DRAGON,SOUND_ATTACK_BLACK_DRAGON,homm2
58,Crusader,0,2,6a,3d,2h,2f,7,Lab,ICON_UNIT_CRUSADER,SPRITE_CRUSADER,SOUND_SELECT1_CRUSADER,SOUND_MOVE_CRUSADER,SOUND_ATTACK_CRUSADER,homm2
59,Phoenix,0,2,6a,3d,2h,2f,8,homm2:NF,ICON_UNIT_PHOENIX,SPRITE_PHOENIX,SOUND_SELECT1_PHOENIX,SOUND_MOVE_PHOENIX,SOUND_ATTACK_PHOENIX,homm2
60,Cyclops,0,2,6a,3d,2h,2f,7,Med,ICON_UNIT_CYCLOPS,SPRITE_CYCLOPS,SOUND_SELECT1_CYCLOPS,SOUND_MOVE_CYCLOPS,SOUND_ATTACK_CYCLOPS,homm2
61,Titan,0,2,6a,3d,3h,3f,10,homm2:NF,ICON_UNIT_TITAN,SPRITE_TITAN,SOUND_SELECT1_TITAN,SOUND_MOVE_TITAN,SOUND_ATTACK_TITAN,homm2
0,Settlers,0,1,0a,1d,1h,1f,4,nil,ICON_UNIT_SETTLERS,SPRITE_SETTLERS,SOUND_SELECT1_SETTLERS,SOUND_MOVE_SETTLERS,SOUND_ATTACK_SETTLERS,midgard
1,Sorcerer,1,4,6a,3d,1h,2f,4,MP,ICON_UNIT_SORCERER,SPRITE_SORCERER,SOUND_SELECT1_SORCERER,SOUND_MOVE_SORCERER,SOUND_ATTACK_SORCERER,midgard
2,H. Warriors,0,1,1a,1d,1h,1f,1,MP,ICON_UNIT_H_WARRIORS,SPRITE_H_WARRIORS,SOUND_SELECT1_H_WARRIORS,SOUND_MOVE_H_WARRIORS,SOUND_ATTACK_H_WARRIORS,midgard
3,Mermen,0,2,1a,1d,1h,1f,1,The,ICON_UNIT_MERMEN,SPRITE_MERMEN,SOUND_SELECT1_MERMEN,SOUND_MOVE_MERMEN,SOUND_ATTACK_MERMEN,midgard
4,Hawkmen,0,1,1a,1d,1h,1f,1,Plu,ICON_UNIT_HAWKMEN,SPRITE_HAWKMEN,SOUND_SELECT1_HAWKMEN,SOUND_MOVE_HAWKMEN,SOUND_ATTACK_HAWKMEN,midgard
5,Elf Warriors,0,1,1a,1d,1h,2f,2,Plu,ICON_UNIT_ELF_WARRIORS,SPRITE_ELF_WARRIORS,SOUND_SELECT1_ELF_WARRIORS,SOUND_MOVE_ELF_WARRIORS,SOUND_ATTACK_ELF_WARRIORS,midgard
6,Infidels,0,1,2a,1d,1h,1f,1,MP,ICON_UNIT_INFIDELS,SPRITE_INFIDELS,SOUND_SELECT1_INFIDELS,SOUND_MOVE_INFIDELS,SOUND_ATTACK_INFIDELS,midgard
7,Goblins,0,1,1a,1d,1h,1f,1,MP,ICON_UNIT_GOBLINS,SPRITE_GOBLINS,SOUND_SELECT1_GOBLINS,SOUND_MOVE_GOBLINS,SOUND_ATTACK_GOBLINS,midgard
8,Dwarves,0,1,3a,3d,2h,1f,2,Plu,ICON_UNIT_DWARVES,SPRITE_DWARVES,SOUND_SELECT1_DWARVES,SOUND_MOVE_DWARVES,SOUND_ATTACK_DWARVES,midgard
9,Elf Archers,0,1,2a,2d,1h,2f,3,Plu,ICON_UNIT_ELF_ARCHERS,SPRITE_ELF_ARCHERS,SOUND_SELECT1_ELF_ARCHERS,SOUND_MOVE_ELF_ARCHERS,SOUND_ATTACK_ELF_ARCHERS,midgard
10,Trolls,0,1,2a,3d,2h,1f,2,MP,ICON_UNIT_TROLLS,SPRITE_TROLLS,SOUND_SELECT1_TROLLS,SOUND_MOVE_TROLLS,SOUND_ATTACK_TROLLS,midgard
11,Housecarls,0,1,2a,2d,2h,1f,3,War,ICON_UNIT_HOUSECARLS,SPRITE_HOUSECARLS,SOUND_SELECT1_HOUSECARLS,SOUND_MOVE_HOUSECARLS,SOUND_ATTACK_HOUSECARLS,midgard
12,Merguards,0,2,2a,2d,2h,1f,3,The,ICON_UNIT_MERGUARDS,SPRITE_MERGUARDS,SOUND_SELECT1_MERGUARDS,SOUND_MOVE_MERGUARDS,SOUND_ATTACK_MERGUARDS,midgard
13,Eaglemen,0,1,3a,2d,1h,1f,2,Plu,ICON_UNIT_EAGLEMEN,SPRITE_EAGLEMEN,SOUND_SELECT1_EAGLEMEN,SOUND_MOVE_EAGLEMEN,SOUND_ATTACK_EAGLEMEN,midgard
14,Berserkers,0,1,3a,1d,1h,2f,3,MP,ICON_UNIT_BERSERKERS,SPRITE_BERSERKERS,SOUND_SELECT1_BERSERKERS,SOUND_MOVE_BERSERKERS,SOUND_ATTACK_BERSERKERS,midgard
15,I. Horsemen,0,2,5a,2d,1h,2f,4,midgard:Chi,ICON_UNIT_I_HORSEMEN,SPRITE_I_HORSEMEN,SOUND_SELECT1_I_HORSEMEN,SOUND_MOVE_I_HORSEMEN,SOUND_ATTACK_I_HORSEMEN,midgard
16,Elf Riders,0,2,4a,2d,1h,2f,4,Plu,ICON_UNIT_ELF_RIDERS,SPRITE_ELF_RIDERS,SOUND_SELECT1_ELF_RIDERS,SOUND_MOVE_ELF_RIDERS,SOUND_ATTACK_ELF_RIDERS,midgard
17,Night Riders,0,2,4a,2d,2h,1f,4,midgard:Chi,ICON_UNIT_NIGHT_RIDERS,SPRITE_NIGHT_RIDERS,SOUND_SELECT1_NIGHT_RIDERS,SOUND_MOVE_NIGHT_RIDERS,SOUND_ATTACK_NIGHT_RIDERS,midgard
18,Rangers,0,2,4a,3d,2h,1f,4,Plu,ICON_UNIT_RANGERS,SPRITE_RANGERS,SOUND_SELECT1_RANGERS,SOUND_MOVE_RANGERS,SOUND_ATTACK_RANGERS,midgard
19,Golden Horde,0,2,5a,3d,2h,2f,5,midgard:Tac,ICON_UNIT_GOLDEN_HORDE,SPRITE_GOLDEN_HORDE,SOUND_SELECT1_GOLDEN_HORDE,SOUND_MOVE_GOLDEN_HORDE,SOUND_ATTACK_GOLDEN_HORDE,midgard
20,Giant Otterine,0,2,4a,2d,2h,1f,4,Plu,ICON_UNIT_GIANT_OTTERINE,SPRITE_GIANT_OTTERINE,SOUND_SELECT1_GIANT_OTTERINE,SOUND_MOVE_GIANT_OTTERINE,SOUND_ATTACK_GIANT_OTTERINE,midgard
21,Crag Wolves,0,2,4a,2d,1h,1f,3,midgard:Feu,ICON_UNIT_CRAG_WOLVES,SPRITE_CRAG_WOLVES,SOUND_SELECT1_CRAG_WOLVES,SOUND_MOVE_CRAG_WOLVES,SOUND_ATTACK_CRAG_WOLVES,midgard
22,Ice Drake,0,4,11a,8d,3h,2f,13,midgard:Cmn,ICON_UNIT_ICE_DRAKE,SPRITE_ICE_DRAKE,SOUND_SELECT1_ICE_DRAKE,SOUND_MOVE_ICE_DRAKE,SOUND_ATTACK_ICE_DRAKE,midgard
23,Treefolk,0,1,5a,10d,3h,1f,8,PT,ICON_UNIT_TREEFOLK,SPRITE_TREEFOLK,SOUND_SELECT1_TREEFOLK,SOUND_MOVE_TREEFOLK,SOUND_ATTACK_TREEFOLK,midgard
25,Siege Engine,0,1,8a,1d,2h,1f,5,midgard:Eng,ICON_UNIT_SIEGE_ENGINE,SPRITE_SIEGE_ENGINE,SOUND_SELECT1_SIEGE_ENGINE,SOUND_MOVE_SIEGE_ENGINE,SOUND_ATTACK_SIEGE_ENGINE,midgard
26,Bombard,0,1,8a,1d,2h,2f,6,midgard:Exp,ICON_UNIT_BOMBARD,SPRITE_BOMBARD,SOUND_SELECT1_BOMBARD,SOUND_MOVE_BOMBARD,SOUND_ATTACK_BOMBARD,midgard
27,Great Bats,1,6,5a,4d,1h,2f,5,midgard:Ato,ICON_UNIT_GREAT_BATS,SPRITE_GREAT_BATS,SOUND_SELECT1_GREAT_BATS,SOUND_MOVE_GREAT_BATS,SOUND_ATTACK_GREAT_BATS,midgard
28,Witches,1,3,7a,3d,2h,1f,6,Rob,ICON_UNIT_WITCHES,SPRITE_WITCHES,SOUND_SELECT1_WITCHES,SOUND_MOVE_WITCHES,SOUND_ATTACK_WITCHES,midgard
29,Great Wizard,1,6,6a,6d,2h,3f,10,NP,ICON_UNIT_GREAT_WIZARD,SPRITE_GREAT_WIZARD,SOUND_SELECT1_GREAT_WIZARD,SOUND_MOVE_GREAT_WIZARD,SOUND_ATTACK_GREAT_WIZARD,midgard
30,Ellida,1,7,10a,3d,2h,2f,10,midgard:Fli,ICON_UNIT_ELLIDA,SPRITE_ELLIDA,SOUND_SELECT1_ELLIDA,SOUND_MOVE_ELLIDA,SOUND_ATTACK_ELLIDA,midgard
31,Skidbladnir,1,9,7a,4d,2h,2f,9,midgard:Fli,ICON_UNIT_SKIDBLADNIR,SPRITE_SKIDBLADNIR,SOUND_SELECT1_SKIDBLADNIR,SOUND_MOVE_SKIDBLADNIR,SOUND_ATTACK_SKIDBLADNIR,midgard
32,Longboat,2,3,1a,1d,2h,1f,4,midgard:Map,ICON_UNIT_LONGBOAT,SPRITE_LONGBOAT,SOUND_SELECT1_LONGBOAT,SOUND_MOVE_LONGBOAT,SOUND_ATTACK_LONGBOAT,midgard
33,Dragon Boat,2,4,3a,2d,2h,1f,4,Mob,ICON_UNIT_DRAGON_BOAT,SPRITE_DRAGON_BOAT,SOUND_SELECT1_DRAGON_BOAT,SOUND_MOVE_DRAGON_BOAT,SOUND_ATTACK_DRAGON_BOAT,midgard
34,Old Man,0,2,3a,3d,1h,7f,8,midgard:E2,ICON_UNIT_OLD_MAN,SPRITE_OLD_MAN,SOUND_SELECT1_OLD_MAN,SOUND_MOVE_OLD_MAN,SOUND_ATTACK_OLD_MAN,midgard
35,Shield Boat,2,5,4a,4d,3h,1f,6,midgard:SE,ICON_UNIT_SHIELD_BOAT,SPRITE_SHIELD_BOAT,SOUND_SELECT1_SHIELD_BOAT,SOUND_MOVE_SHIELD_BOAT,SOUND_ATTACK_SHIELD_BOAT,midgard
36,Unspeakable Horror,2,4,20a,20d,5h,5f,6,Med,ICON_UNIT_UNSPEAKABLE_HORROR,SPRITE_UNSPEAKABLE_HORROR,SOUND_SELECT1_UNSPEAKABLE_HORROR,SOUND_MOVE_UNSPEAKABLE_HORROR,SOUND_ATTACK_UNSPEAKABLE_HORROR,midgard
37,Ench. Paladins,0,1,5a,5d,2h,1f,5,Lab,ICON_UNIT_ENCH_PALADINS,SPRITE_ENCH_PALADINS,SOUND_SELECT1_ENCH_PALADINS,SOUND_MOVE_ENCH_PALADINS,SOUND_ATTACK_ENCH_PALADINS,midgard
38,Changeling,0,2,4a,5d,2h,1f,5,Lab,ICON_UNIT_CHANGELING,SPRITE_CHANGELING,SOUND_SELECT1_CHANGELING,SOUND_MOVE_CHANGELING,SOUND_ATTACK_CHANGELING,midgard
39,Ench. Giant,0,1,5a,4d,2h,1f,5,midgard:Tac,ICON_UNIT_ENCH_GIANT,SPRITE_ENCH_GIANT,SOUND_SELECT1_ENCH_GIANT,SOUND_MOVE_ENCH_GIANT,SOUND_ATTACK_ENCH_GIANT,midgard
40,Ench. Ogre,0,1,5a,4d,2h,1f,5,Med,ICON_UNIT_ENCH_OGRE,SPRITE_ENCH_OGRE,SOUND_SELECT1_ENCH_OGRE,SOUND_MOVE_ENCH_OGRE,SOUND_ATTACK_ENCH_OGRE,midgard
41,Great Eagles,1,3,5a,2d,1h,1f,3,Plu,ICON_UNIT_GREAT_EAGLES,SPRITE_GREAT_EAGLES,SOUND_SELECT1_GREAT_EAGLES,SOUND_MOVE_GREAT_EAGLES,SOUND_ATTACK_GREAT_EAGLES,midgard
42,Fell Wraith,0,2,5a,4d,2h,1f,5,Rob,ICON_UNIT_FELL_WRAITH,SPRITE_FELL_WRAITH,SOUND_SELECT1_FELL_WRAITH,SOUND_MOVE_FELL_WRAITH,SOUND_ATTACK_FELL_WRAITH,midgard
43,Tree Guards,0,0,0a,10d,3h,2f,5,PT,ICON_UNIT_TREE_GUARDS,SPRITE_TREE_GUARDS,SOUND_SELECT1_TREE_GUARDS,SOUND_MOVE_TREE_GUARDS,SOUND_ATTACK_TREE_GUARDS,midgard
45,Fireball,1,16,99a,0d,1h,1f,16,Min,ICON_UNIT_FIREBALL,SPRITE_FIREBALL,SOUND_SELECT1_FIREBALL,SOUND_MOVE_FIREBALL,SOUND_ATTACK_FIREBALL,midgard
46,Envoy,0,2,0a,0d,1h,1f,3,midgard:Wri,ICON_UNIT_ENVOY,SPRITE_ENVOY,SOUND_SELECT1_ENVOY,SOUND_MOVE_ENVOY,SOUND_ATTACK_ENVOY,midgard
47,Spy,0,3,0a,0d,1h,1f,3,midgard:Esp,ICON_UNIT_SPY,SPRITE_SPY,SOUND_SELECT1_SPY,SOUND_MOVE_SPY,SOUND_ATTACK_SPY,midgard
49,Triton Legion,0,1,5a,4d,2h,1f,5,X2,ICON_UNIT_TRITON_LEGION,SPRITE_TRITON_LEGION,SOUND_SELECT1_TRITON_LEGION,SOUND_MOVE_TRITON_LEGION,SOUND_ATTACK_TRITON_LEGION,midgard
50,Jack O'Lantern,0,2,1a,2d,1h,1f,3,midgard:Sea,ICON_UNIT_JACK_OLANTERN,SPRITE_JACK_OLANTERN,SOUND_SELECT1_JACK_OLANTERN,SOUND_MOVE_JACK_OLANTERN,SOUND_ATTACK_JACK_OLANTERN,midgard
51,Skeletons,0,1,1a,1d,2h,1f,2,Rfg,ICON_UNIT_SKELETONS,SPRITE_SKELETONS,SOUND_SELECT1_SKELETONS,SOUND_MOVE_SKELETONS,SOUND_ATTACK_SKELETONS,midgard
52,Barrow Wights,0,1,3a,2d,1h,1f,2,Rfg,ICON_UNIT_BARROW_WIGHTS,SPRITE_BARROW_WIGHTS,SOUND_SELECT1_BARROW_WIGHTS,SOUND_MOVE_BARROW_WIGHTS,SOUND_ATTACK_BARROW_WIGHTS,midgard
53,Porpoise Pod,2,4,1a,1d,1h,1f,1,The,ICON_UNIT_PORPOISE_POD,SPRITE_PORPOISE_POD,SOUND_SELECT1_PORPOISE_POD,SOUND_MOVE_PORPOISE_POD,SOUND_ATTACK_PORPOISE_POD,midgard
55,Baba Yaga,1,3,10a,5d,2h,2f,10,SFl,ICON_UNIT_BABA_YAGA,SPRITE_BABA_YAGA,SOUND_SELECT1_BABA_YAGA,SOUND_MOVE_BABA_YAGA,SOUND_ATTACK_BABA_YAGA,midgard
56,Frost Giant,0,2,8a,7d,2h,2f,9,midgard:Mob,ICON_UNIT_FROST_GIANT,SPRITE_FROST_GIANT,SOUND_SELECT1_FROST_GIANT,SOUND_MOVE_FROST_GIANT,SOUND_ATTACK_FROST_GIANT,midgard
57,Giant Spider,0,1,7a,6d,1h,4f,8,PT,ICON_UNIT_GIANT_SPIDER,SPRITE_GIANT_SPIDER,SOUND_SELECT1_GIANT_SPIDER,SOUND_MOVE_GIANT_SPIDER,SOUND_ATTACK_GIANT_SPIDER,midgard
58,Kraken,2,4,12a,12d,4h,2f,12,Met,ICON_UNIT_KRAKEN,SPRITE_KRAKEN,SOUND_SELECT1_KRAKEN,SOUND_MOVE_KRAKEN,SOUND_ATTACK_KRAKEN,midgard
59,Dragon,1,5,10a,15d,3h,3f,16,Mob,ICON_UNIT_DRAGON,SPRITE_DRAGON,SOUND_SELECT1_DRAGON,SOUND_MOVE_DRAGON,SOUND_ATTACK_DRAGON,midgard
60,Jormungand's Spit,1,3,2a,1d,1h,8f,18,midgard:U1,ICON_UNIT_JORMUNGANDS_SPIT,SPRITE_JORMUNGANDS_SPIT,SOUND_SELECT1_JORMUNGANDS_SPIT,SOUND_MOVE_JORMUNGANDS_SPIT,SOUND_ATTACK_JORMUNGANDS_SPIT,midgard
61,Necromancer,1,8,8a,4d,1h,2f,7,Rob,ICON_UNIT_NECROMANCER,SPRITE_NECROMANCER,SOUND_SELECT1_NECROMANCER,SOUND_MOVE_NECROMANCER,SOUND_ATTACK_NECROMANCER,midgard
1,Engineers,0,2,0a,2d,2h,1f,4,War,ICON_UNIT_ENGINEERS,SPRITE_ENGINEERS,SOUND_SELECT1_ENGINEERS,SOUND_MOVE_ENGINEERS,SOUND_ATTACK_ENGINEERS,crusades
3,Light Infantry,0,2,1a,2d,1h,1f,2,crusades:Bro,ICON_UNIT_LIGHT_INFANTRY,SPRITE_LIGHT_INFANTRY,SOUND_SELECT1_LIGHT_INFANTRY,SOUND_MOVE_LIGHT_INFANTRY,SOUND_ATTACK_LIGHT_INFANTRY,crusades
4,Archers,0,1,3a,2d,1h,1f,3,War,ICON_UNIT_ARCHERS,SPRITE_ARCHERS,SOUND_SELECT1_ARCHERS,SOUND_MOVE_ARCHERS,SOUND_ATTACK_ARCHERS,crusades
5,Legion,0,3,4a,2d,2h,1f,4,War,ICON_UNIT_LEGION,SPRITE_LEGION,SOUND_SELECT1_LEGION,SOUND_MOVE_LEGION,SOUND_ATTACK_LEGION,crusades
6,Heavy Infantry,0,2,2a,2d,2h,1f,3,crusades:Feu,ICON_UNIT_HEAVY_INFANTRY,SPRITE_HEAVY_INFANTRY,SOUND_SELECT1_HEAVY_INFANTRY,SOUND_MOVE_HEAVY_INFANTRY,SOUND_ATTACK_HEAVY_INFANTRY,crusades
8,Fanatics,0,1,4a,4d,2h,1f,2,MP,ICON_UNIT_FANATICS,SPRITE_FANATICS,SOUND_SELECT1_FANATICS,SOUND_MOVE_FANATICS,SOUND_ATTACK_FANATICS,crusades
9,Partisans,0,1,4a,4d,2h,1f,5,Bro,ICON_UNIT_PARTISANS,SPRITE_PARTISANS,SOUND_SELECT1_PARTISANS,SOUND_MOVE_PARTISANS,SOUND_ATTACK_PARTISANS,crusades
15,Mamluks,0,3,4a,2d,2h,1f,4,crusades:Ast,ICON_UNIT_MAMLUKS,SPRITE_MAMLUKS,SOUND_SELECT1_MAMLUKS,SOUND_MOVE_MAMLUKS,SOUND_ATTACK_MAMLUKS,crusades
16,Heavy Cavalry,0,3,3a,2d,2h,1f,4,crusades:Whe,ICON_UNIT_HEAVY_CAVALRY,SPRITE_HEAVY_CAVALRY,SOUND_SELECT1_HEAVY_CAVALRY,SOUND_MOVE_HEAVY_CAVALRY,SOUND_ATTACK_HEAVY_CAVALRY,crusades
17,Varang. Guard,0,3,4a,3d,2h,1f,5,crusades:Che,ICON_UNIT_VARANG_GUARD,SPRITE_VARANG_GUARD,SOUND_SELECT1_VARANG_GUARD,SOUND_MOVE_VARANG_GUARD,SOUND_ATTACK_VARANG_GUARD,crusades
18,Crusaders,0,3,5a,1d,2h,2f,5,Lab,ICON_UNIT_CRUSADERS,SPRITE_CRUSADERS,SOUND_SELECT1_CRUSADERS,SOUND_MOVE_CRUSADERS,SOUND_ATTACK_CRUSADERS,crusades
20,Ascaris,0,3,4a,2d,2h,2f,4,crusades:Fun,ICON_UNIT_ASCARIS,SPRITE_ASCARIS,SOUND_SELECT1_ASCARIS,SOUND_MOVE_ASCARIS,SOUND_ATTACK_ASCARIS,crusades
21,Turcopoles,0,3,3a,2d,1h,2f,3,crusades:Bro,ICON_UNIT_TURCOPOLES,SPRITE_TURCOPOLES,SOUND_SELECT1_TURCOPOLES,SOUND_MOVE_TURCOPOLES,SOUND_ATTACK_TURCOPOLES,crusades
32,Trireme,2,8,1a,1d,1h,1f,4,crusades:Map,ICON_UNIT_TRIREME,SPRITE_TRIREME,SOUND_SELECT1_TRIREME,SOUND_MOVE_TRIREME,SOUND_ATTACK_TRIREME,crusades
33,Caravel,2,7,2a,1d,1h,1f,4,crusades:Nav,ICON_UNIT_CARAVEL,SPRITE_CARAVEL,SOUND_SELECT1_CARAVEL,SOUND_MOVE_CARAVEL,SOUND_ATTACK_CARAVEL,crusades
34,Galleon,2,4,0a,2d,2h,1f,4,The,ICON_UNIT_GALLEON,SPRITE_GALLEON,SOUND_SELECT1_GALLEON,SOUND_MOVE_GALLEON,SOUND_ATTACK_GALLEON,crusades
35,Frigate,2,4,4a,2d,2h,1f,5,X2,ICON_UNIT_FRIGATE,SPRITE_FRIGATE,SOUND_SELECT1_FRIGATE,SOUND_MOVE_FRIGATE,SOUND_ATTACK_FRIGATE,crusades
36,Ironclad,2,4,4a,4d,3h,1f,6,X2,ICON_UNIT_IRONCLAD,SPRITE_IRONCLAD,SOUND_SELECT1_IRONCLAD,SOUND_MOVE_IRONCLAD,SOUND_ATTACK_IRONCLAD,crusades
43,Transport,2,5,0a,3d,3h,1f,5,X2,ICON_UNIT_TRANSPORT,SPRITE_TRANSPORT,SOUND_SELECT1_TRANSPORT,SOUND_MOVE_TRANSPORT,SOUND_ATTACK_TRANSPORT,crusades
50,Explorer,0,1,0a,1d,1h,1f,3,War,ICON_UNIT_EXPLORER,SPRITE_EXPLORER,SOUND_SELECT1_EXPLORER,SOUND_MOVE_EXPLORER,SOUND_ATTACK_EXPLORER,crusades
51,Assassin,0,3,5a,0d,1h,5f,5,crusades:Mys,ICON_UNIT_ASSASSIN,SPRITE_ASSASSIN,SOUND_SELECT1_ASSASSIN,SOUND_MOVE_ASSASSIN,SOUND_ATTACK_ASSASSIN,crusades
52,Knights Templar,0,3,5a,2d,2h,2f,5,Lab,ICON_UNIT_KNIGHTS_TEMPLAR,SPRITE_KNIGHTS_TEMPLAR,SOUND_SELECT1_KNIGHTS_TEMPLAR,SOUND_MOVE_KNIGHTS_TEMPLAR,SOUND_ATTACK_KNIGHTS_TEMPLAR,crusades
53,Knights Hosp.,0,3,4a,3d,2h,2f,5,crusades:U2,ICON_UNIT_KNIGHTS_HOSP,SPRITE_KNIGHTS_HOSP,SOUND_SELECT1_KNIGHTS_HOSP,SOUND_MOVE_KNIGHTS_HOSP,SOUND_ATTACK_KNIGHTS_HOSP,crusades
0,Hurricane,1,12,20a,20d,10h,3f,11,cradle:ADVANCE_SUBNEURAL_ADS,ICON_UNIT_HURRICANE,SPRITE_HURRICANE,SOUND_SELECT1_HURRICANE,SOUND_MOVE_HURRICANE,SOUND_ATTACK_HURRICANE,cradle
1,Abolitionist,0,3,0a,2d,10h,1f,5,cradle:ADVANCE_CLASSICAL_EDUCATION,ICON_UNIT_ABOLITIONIST,SPRITE_ABOLITIONIST,SOUND_SELECT1_ABOLITIONIST,SOUND_MOVE_ABOLITIONIST,SOUND_ATTACK_ABOLITIONIST,cradle
3,Ambassador,0,2,0a,2d,10h,1f,6,cradle:ADVANCE_AGE_OF_REASON,ICON_UNIT_AMBASSADOR,SPRITE_AMBASSADOR,SOUND_SELECT1_AMBASSADOR,SOUND_MOVE_AMBASSADOR,SOUND_ATTACK_AMBASSADOR,cradle
5,Arquebusier,0,1,8a,7d,18h,2f,8,cradle:ADVANCE_GUNPOWDER,ICON_UNIT_ARQUEBUSIER,SPRITE_ARQUEBUSIER,SOUND_SELECT1_ARQUEBUSIER,SOUND_MOVE_ARQUEBUSIER,SOUND_ATTACK_ARQUEBUSIER,cradle
6,Elite Arquebusier,0,2,9a,8d,20h,2f,8,cradle:ADVANCE_HEXTAPUL,ICON_UNIT_ARQUEBUSIER_ELITE,SPRITE_ARQUEBUSIER_ELITE,SOUND_SELECT1_ARQUEBUSIER_ELITE,SOUND_MOVE_ARQUEBUSIER_ELITE,SOUND_ATTACK_ARQUEBUSIER_ELITE,cradle
8,Ballista,0,1,1a,1d,10h,1f,6,cradle:ADVANCE_BALLISTICS,ICON_UNIT_BALLISTA,SPRITE_BALLISTA,SOUND_SELECT1_BALLISTA,SOUND_MOVE_BALLISTA,SOUND_ATTACK_BALLISTA,cradle
10,Berzerker,0,1,4a,2d,10h,1f,2,cradle:ADVANCE_AGRICULTURE,ICON_UNIT_BERZERKER,SPRITE_BERZERKER,SOUND_SELECT1_BERZERKER,SOUND_MOVE_BERZERKER,SOUND_ATTACK_BERZERKER,cradle
11,Bireme,2,5,4a,2d,10h,1f,3,cradle:ADVANCE_OUTRIGGER,ICON_UNIT_BIREME,SPRITE_BIREME,SOUND_SELECT1_BIREME,SOUND_MOVE_BIREME,SOUND_ATTACK_BIREME,cradle
14,Brigadier,0,3,8a,6d,15h,3f,10,cradle:ADVANCE_HEXTAPUL,ICON_UNIT_BRIGADIER,SPRITE_BRIGADIER,SOUND_SELECT1_BRIGADIER,SOUND_MOVE_BRIGADIER,SOUND_ATTACK_BRIGADIER,cradle
15,Camel,0,1,0a,1d,5h,1f,10,cradle:ADVANCE_SUBNEURAL_ADS,ICON_UNIT_CAMEL,SPRITE_CAMEL,SOUND_SELECT1_CAMEL,SOUND_MOVE_CAMEL,SOUND_ATTACK_CAMEL,cradle
19,Cataphract,0,4,6a,4d,14h,2f,8,cradle:ADVANCE_STIRRUP,ICON_UNIT_CATAPHRACT,SPRITE_CATAPHRACT,SOUND_SELECT1_CATAPHRACT,SOUND_MOVE_CATAPHRACT,SOUND_ATTACK_CATAPHRACT,cradle
21,Chariot,0,3,5a,2d,10h,1f,3,cradle:ADVANCE_CHARIOTS,ICON_UNIT_CHARIOT,SPRITE_CHARIOT,SOUND_SELECT1_CHARIOT,SOUND_MOVE_CHARIOT,SOUND_ATTACK_CHARIOT,cradle
23,Cleric,0,3,0a,2d,10h,1f,14,Las,ICON_UNIT_CLERIC,SPRITE_CLERIC,SOUND_SELECT1_CLERIC,SOUND_MOVE_CLERIC,SOUND_ATTACK_CLERIC,cradle
24,Club Warrior,0,1,3a,2d,10h,1f,1,cradle:ADVANCE_AGRICULTURE,ICON_UNIT_CLUB_WARRIOR,SPRITE_CLUB_WARRIOR,SOUND_SELECT1_CLUB_WARRIOR,SOUND_MOVE_CLUB_WARRIOR,SOUND_ATTACK_CLUB_WARRIOR,cradle
25,Elite Club Warrior,0,2,4a,3d,12h,1f,1,cradle:ADVANCE_HEXTAPUL,ICON_UNIT_CLUB_WARRIOR_ELITE,SPRITE_CLUB_WARRIOR_ELITE,SOUND_SELECT1_CLUB_WARRIOR_ELITE,SOUND_MOVE_CLUB_WARRIOR_ELITE,SOUND_ATTACK_CLUB_WARRIOR_ELITE,cradle
26,Cog,2,7,3a,3d,10h,1f,6,cradle:ADVANCE_COMPASS,ICON_UNIT_COG,SPRITE_COG,SOUND_SELECT1_COG,SOUND_MOVE_COG,SOUND_ATTACK_COG,cradle
27,Colonel,0,4,10a,8d,18h,4f,10,cradle:ADVANCE_HEXTAPUL,ICON_UNIT_COLONEL,SPRITE_COLONEL,SOUND_SELECT1_COLONEL,SOUND_MOVE_COLONEL,SOUND_ATTACK_COLONEL,cradle
28,Composite Archer,0,1,2a,2d,10h,2f,6,cradle:ADVANCE_COMPOSITE_BOW,ICON_UNIT_COMPOSITE_ARCHER,SPRITE_COMPOSITE_ARCHER,SOUND_SELECT1_COMPOSITE_ARCHER,SOUND_MOVE_COMPOSITE_ARCHER,SOUND_ATTACK_COMPOSITE_ARCHER,cradle
31,Crawler,2,12,0a,2d,20h,1f,45,cradle:ADVANCE_ULTRAPRESSURE_MACHINERY,ICON_UNIT_CRAWLER,SPRITE_CRAWLER,SOUND_SELECT1_CRAWLER,SOUND_MOVE_CRAWLER,SOUND_ATTACK_CRAWLER,cradle
32,Crossbowman,0,1,2a,3d,12h,2f,7,cradle:ADVANCE_CROSSBOW,ICON_UNIT_CROSSBOWMAN,SPRITE_CROSSBOWMAN,SOUND_SELECT1_CROSSBOWMAN,SOUND_MOVE_CROSSBOWMAN,SOUND_ATTACK_CROSSBOWMAN,cradle
37,Dinosaur,0,1,5a,2d,10h,1f,2,cradle:ADVANCE_HEXTAPUL,ICON_UNIT_WARRIOR,SPRITE_WARRIOR,SOUND_SELECT1_DINOSAUR,SOUND_MOVE_DINOSAUR,SOUND_ATTACK_DINOSAUR,cradle
38,Diplomat,0,2,0a,2d,10h,1f,3,cradle:ADVANCE_DYNASTY,ICON_UNIT_DIPLOMAT,SPRITE_DIPLOMAT,SOUND_SELECT1_DIPLOMAT,SOUND_MOVE_DIPLOMAT,SOUND_ATTACK_DIPLOMAT,cradle
40,Dromon,2,8,6a,4d,15h,1f,7,cradle:ADVANCE_GREEK_FIRE,ICON_UNIT_DROMON,SPRITE_DROMON,SOUND_SELECT1_DROMON,SOUND_MOVE_DROMON,SOUND_ATTACK_DROMON,cradle
41,Early Galley,2,5,2a,2d,10h,1f,2,The,ICON_UNIT_EARLY_GALLEY,SPRITE_EARLY_GALLEY,SOUND_SELECT1_EARLY_GALLEY,SOUND_MOVE_EARLY_GALLEY,SOUND_ATTACK_EARLY_GALLEY,cradle
44,War Elephant,0,2,6a,4d,14h,1f,5,cradle:ADVANCE_OLIGARCHY,ICON_UNIT_ELEPHANT_WARRIOR,SPRITE_ELEPHANT_WARRIOR,SOUND_SELECT1_ELEPHANT_WARRIOR,SOUND_MOVE_ELEPHANT_WARRIOR,SOUND_ATTACK_ELEPHANT_WARRIOR,cradle
45,Emissary,0,2,0a,2d,10h,1f,1,cradle:ADVANCE_EXPLORATION,ICON_UNIT_EMISSARY,SPRITE_EMISSARY,SOUND_SELECT1_EMISSARY,SOUND_MOVE_EMISSARY,SOUND_ATTACK_EMISSARY,cradle
46,Empathic Diplomat,0,3,0a,2d,10h,1f,17,cradle:ADVANCE_EUGENICS,ICON_UNIT_EMPATHIC_DIPLOMAT,SPRITE_EMPATHIC_DIPLOMAT,SOUND_SELECT1_EMPATHIC_DIPLOMAT,SOUND_MOVE_EMPATHIC_DIPLOMAT,SOUND_ATTACK_EMPATHIC_DIPLOMAT,cradle
53,Great General,0,3,6a,6d,20h,2f,15,cradle:ADVANCE_HEXTAPUL,ICON_UNIT_GREAT_GENERAL,SPRITE_GREAT_GENERAL,SOUND_SELECT1_GREAT_GENERAL,SOUND_MOVE_GREAT_GENERAL,SOUND_ATTACK_GREAT_GENERAL,cradle
54,Great King,0,3,5a,3d,18h,2f,10,cradle:ADVANCE_HEXTAPUL,ICON_UNIT_GREAT_KING,SPRITE_GREAT_KING,SOUND_SELECT1_GREAT_KING,SOUND_MOVE_GREAT_KING,SOUND_ATTACK_GREAT_KING,cradle
55,Halberdier,0,1,4a,5d,17h,2f,6,cradle:ADVANCE_GUNPOWDER,ICON_UNIT_HALBERDIER,SPRITE_HALBERDIER,SOUND_SELECT1_HALBERDIER,SOUND_MOVE_HALBERDIER,SOUND_ATTACK_HALBERDIER,cradle
56,Elite Halberdier,0,2,5a,6d,18h,2f,6,cradle:ADVANCE_HEXTAPUL,ICON_UNIT_HALBERDIER_ELITE,SPRITE_HALBERDIER_ELITE,SOUND_SELECT1_HALBERDIER_ELITE,SOUND_MOVE_HALBERDIER_ELITE,SOUND_ATTACK_HALBERDIER_ELITE,cradle
58,Hero,0,3,8a,8d,20h,2f,10,cradle:ADVANCE_HEXTAPUL,ICON_UNIT_HERO,SPRITE_HERO,SOUND_SELECT1_HERO,SOUND_MOVE_HERO,SOUND_ATTACK_HERO,cradle
59,Hired Thug,0,3,0a,2d,10h,1f,18,cradle:ADVANCE_CITY_STATE,ICON_UNIT_HIRED_THUG,SPRITE_HIRED_THUG,SOUND_SELECT1_HIRED_THUG,SOUND_MOVE_HIRED_THUG,SOUND_ATTACK_HIRED_THUG,cradle
60,Hoplite,0,1,3a,4d,12h,1f,2,cradle:ADVANCE_BRONZE_WORKING,ICON_UNIT_HOPLITE,SPRITE_HOPLITE,SOUND_SELECT1_HOPLITE,SOUND_MOVE_HOPLITE,SOUND_ATTACK_HOPLITE,cradle
61,Elite Hoplite,0,2,4a,5d,14h,1f,2,cradle:ADVANCE_HEXTAPUL,ICON_UNIT_HOPLITE_ELITE,SPRITE_HOPLITE_ELITE,SOUND_SELECT1_HOPLITE_ELITE,SOUND_MOVE_HOPLITE_ELITE,SOUND_ATTACK_HOPLITE_ELITE,cradle
62,Hoplite Militia,0,1,3a,4d,40h,1f,2,cradle:ADVANCE_HEXTAPUL,ICON_UNIT_HOPLITE_MILITIA,SPRITE_HOPLITE,SOUND_SELECT1_HOPLITE_MILITIA,SOUND_MOVE_HOPLITE_MILITIA,SOUND_ATTACK_HOPLITE_MILITIA,cradle
63,Horseman,0,3,5a,3d,12h,1f,6,cradle:ADVANCE_HORSE_ARMOR,ICON_UNIT_HORSEMAN,SPRITE_HORSEMAN,SOUND_SELECT1_HORSEMAN,SOUND_MOVE_HORSEMAN,SOUND_ATTACK_HORSEMAN,cradle
65,Elite Hover Infantry,0,5,19a,16d,28h,4f,28,cradle:ADVANCE_HEXTAPUL,ICON_UNIT_HOVER_INFANTRY_ELITE,SPRITE_HOVER_INFANTRY_ELITE,SOUND_SELECT1_HOVER_INFANTRY_ELITE,SOUND_MOVE_HOVER_INFANTRY_ELITE,SOUND_ATTACK_HOVER_INFANTRY_ELITE,cradle
66,Hover Infantry Militia,0,1,8a,9d,30h,4f,28,cradle:ADVANCE_HEXTAPUL,ICON_UNIT_HOVER_INFANTRY_MILITIA,SPRITE_HOVER_INFANTRY,SOUND_SELECT1_HOVER_INFANTRY_MILITIA,SOUND_MOVE_HOVER_INFANTRY_MILITIA,SOUND_ATTACK_HOVER_INFANTRY_MILITIA,cradle
68,Hypaspists,0,1,5a,4d,12h,1f,4,cradle:ADVANCE_BARRACKS,ICON_UNIT_HYPASPISTS,SPRITE_HYPASPISTS,SOUND_SELECT1_HYPASPISTS,SOUND_MOVE_HYPASPISTS,SOUND_ATTACK_HYPASPISTS,cradle
69,Elite Hypaspist,0,2,6a,5d,14h,1f,4,cradle:ADVANCE_HEXTAPUL,ICON_UNIT_HYPASPISTS_ELITE,SPRITE_HYPASPISTS_ELITE,SOUND_SELECT1_HYPASPISTS_ELITE,SOUND_MOVE_HYPASPISTS_ELITE,SOUND_ATTACK_HYPASPISTS_ELITE,cradle
70,Infantryman,0,1,9a,8d,18h,3f,11,cradle:ADVANCE_FLINTLOCK,ICON_UNIT_INFANTRYMAN,SPRITE_INFANTRYMAN,SOUND_SELECT1_INFANTRYMAN,SOUND_MOVE_INFANTRYMAN,SOUND_ATTACK_INFANTRYMAN,cradle
71,Elite Infantry,0,2,10a,9d,20h,3f,11,cradle:ADVANCE_HEXTAPUL,ICON_UNIT_INFANTRYMAN_ELITE,SPRITE_INFANTRYMAN_ELITE,SOUND_SELECT1_INFANTRYMAN_ELITE,SOUND_MOVE_INFANTRYMAN_ELITE,SOUND_ATTACK_INFANTRYMAN_ELITE,cradle
72,Infantryman Militia,0,1,6a,7d,30h,3f,11,cradle:ADVANCE_HEXTAPUL,ICON_UNIT_INFANTRYMAN_MILITIA,SPRITE_INFANTRYMAN,SOUND_SELECT1_INFANTRYMAN_MILITIA,SOUND_MOVE_INFANTRYMAN_MILITIA,SOUND_ATTACK_INFANTRYMAN_MILITIA,cradle
73,Infector,0,3,0a,2d,15h,1f,35,cradle:ADVANCE_BIO_WARFARE,ICON_UNIT_INFECTOR,SPRITE_INFECTOR,SOUND_SELECT1_INFECTOR,SOUND_MOVE_INFECTOR,SOUND_ATTACK_INFECTOR,cradle
76,Janissary,0,2,7a,6d,18h,2f,6,cradle:ADVANCE_CALIPHATE,ICON_UNIT_JANISSARY,SPRITE_JANISSARY,SOUND_SELECT1_JANISSARY,SOUND_MOVE_JANISSARY,SOUND_ATTACK_JANISSARY,cradle
77,Javelin Cavalry,0,2,3a,2d,10h,1f,2,cradle:ADVANCE_HORSE_RIDING,ICON_UNIT_JAVELIN_CAVALRY,SPRITE_JAVELIN_CAVALRY,SOUND_SELECT1_JAVELIN_CAVALRY,SOUND_MOVE_JAVELIN_CAVALRY,SOUND_ATTACK_JAVELIN_CAVALRY,cradle
78,King's Eye,0,2,0a,2d,10h,1f,13,cradle:ADVANCE_FEUDALISM,ICON_UNIT_KINGS_EYE,SPRITE_KINGS_EYE,SOUND_SELECT1_KINGS_EYE,SOUND_MOVE_KINGS_EYE,SOUND_ATTACK_KINGS_EYE,cradle
79,Knight,0,3,8a,5d,15h,2f,9,cradle:ADVANCE_CHIVALRY,ICON_UNIT_KNIGHT,SPRITE_KNIGHT,SOUND_SELECT1_KNIGHT,SOUND_MOVE_KNIGHT,SOUND_ATTACK_KNIGHT,cradle
82,Legal Team,0,3,0a,2d,10h,1f,19,cradle:ADVANCE_LEGAL_SYSTEM,ICON_UNIT_LEGAL_TEAM,SPRITE_LEGAL_TEAM,SOUND_SELECT1_LEGAL_TEAM,SOUND_MOVE_LEGAL_TEAM,SOUND_ATTACK_LEGAL_TEAM,cradle
84,Elite Legion,0,2,7a,6d,17h,2f,5,cradle:ADVANCE_HEXTAPUL,ICON_UNIT_LEGION_ELITE,SPRITE_LEGION_ELITE,SOUND_SELECT1_LEGION_ELITE,SOUND_MOVE_LEGION_ELITE,SOUND_ATTACK_LEGION_ELITE,cradle
85,Legion Militia,0,1,4a,5d,30h,2f,5,cradle:ADVANCE_HEXTAPUL,ICON_UNIT_LEGION_MILITIA,SPRITE_LEGION,SOUND_SELECT1_LEGION_MILITIA,SOUND_MOVE_LEGION_MILITIA,SOUND_ATTACK_LEGION_MILITIA,cradle
87,Longship,2,10,2a,2d,10h,1f,5,cradle:ADVANCE_OCEAN_FARING,ICON_UNIT_LONGSHIP,SPRITE_LONGSHIP,SOUND_SELECT1_LONGSHIP,SOUND_MOVE_LONGSHIP,SOUND_ATTACK_LONGSHIP,cradle
91,Man at Arms,0,1,7a,6d,16h,2f,6,cradle:ADVANCE_FEUDALISM,ICON_UNIT_MAN_AT_ARMS,SPRITE_MAN_AT_ARMS,SOUND_SELECT1_MAN_AT_ARMS,SOUND_MOVE_MAN_AT_ARMS,SOUND_ATTACK_MAN_AT_ARMS,cradle
92,Elite Man at Arms,0,2,8a,7d,18h,2f,6,cradle:ADVANCE_HEXTAPUL,ICON_UNIT_MAN_AT_ARMS_ELITE,SPRITE_MAN_AT_ARMS_ELITE,SOUND_SELECT1_MAN_AT_ARMS_ELITE,SOUND_MOVE_MAN_AT_ARMS_ELITE,SOUND_ATTACK_MAN_AT_ARMS_ELITE,cradle
94,Elite Marine,0,4,15a,12d,25h,3f,17,cradle:ADVANCE_HEXTAPUL,ICON_UNIT_MARINE_ELITE,SPRITE_MARINE_ELITE,SOUND_SELECT1_MARINE_ELITE,SOUND_MOVE_MARINE_ELITE,SOUND_ATTACK_MARINE_ELITE,cradle
95,Merchant Trader,0,1,0a,0d,10h,0f,8,cradle:ADVANCE_TRADE_GUILDS,ICON_UNIT_MERCHANT_TRADER,SPRITE_WARRIOR,SOUND_SELECT1_MERCHANT_TRADER,SOUND_MOVE_MERCHANT_TRADER,SOUND_ATTACK_MERCHANT_TRADER,cradle
99,Mounted Archer,0,4,3a,2d,10h,1f,5,cradle:ADVANCE_MOBILE_TACTICS,ICON_UNIT_MOUNTED_ARCHER,SPRITE_MOUNTED_ARCHER,SOUND_SELECT1_MOUNTED_ARCHER,SOUND_MOVE_MOUNTED_ARCHER,SOUND_ATTACK_MOUNTED_ARCHER,cradle
104,Onager,0,1,1a,1d,10h,2f,8,cradle:ADVANCE_SIEGE_WEAPONS,ICON_UNIT_ONAGER,SPRITE_ONAGER,SOUND_SELECT1_ONAGER,SOUND_MOVE_ONAGER,SOUND_ATTACK_ONAGER,cradle
105,Organizer,0,3,0a,2d,10h,1f,10,cradle:ADVANCE_ECO_RELIGION,ICON_UNIT_ORGANIZER,SPRITE_ORGANIZER,SOUND_SELECT1_ORGANIZER,SOUND_MOVE_ORGANIZER,SOUND_ATTACK_ORGANIZER,cradle
107,Patriarch,0,3,0a,2d,10h,1f,15,cradle:ADVANCE_HEXTAPUL,ICON_UNIT_PATRIARCH,SPRITE_PATRIARCH,SOUND_SELECT1_PATRIARCH,SOUND_MOVE_PATRIARCH,SOUND_ATTACK_PATRIARCH,cradle
108,Pezhetairoi,0,2,5a,5d,15h,2f,5,cradle:ADVANCE_OLIGARCHY,ICON_UNIT_PEZHETEROI,SPRITE_PEZHETEROI,SOUND_SELECT1_PEZHETEROI,SOUND_MOVE_PEZHETEROI,SOUND_ATTACK_PEZHETEROI,cradle
110,Elite Pikeman,0,2,4a,5d,18h,2f,5,cradle:ADVANCE_HEXTAPUL,ICON_UNIT_PIKEMEN_ELITE,SPRITE_PIKEMEN_ELITE,SOUND_SELECT1_PIKEMEN_ELITE,SOUND_MOVE_PIKEMEN_ELITE,SOUND_ATTACK_PIKEMEN_ELITE,cradle
111,Pikeman Militia,0,1,3a,6d,30h,2f,5,cradle:ADVANCE_HEXTAPUL,ICON_UNIT_PIKEMEN_MILITIA,SPRITE_PIKEMEN,SOUND_SELECT1_PIKEMEN_MILITIA,SOUND_MOVE_PIKEMEN_MILITIA,SOUND_ATTACK_PIKEMEN_MILITIA,cradle
113,Plunder I,0,1,0a,1d,5h,1f,1,cradle:ADVANCE_HEXTAPUL,ICON_UNIT_PLUNDER,SPRITE_PLUNDER,SOUND_SELECT1_PLUNDER,SOUND_MOVE_PLUNDER,SOUND_ATTACK_PLUNDER,cradle
114,Plunder II - Captives,0,1,0a,1d,5h,1f,2,cradle:ADVANCE_HEXTAPUL,ICON_UNIT_PLUNDER_II,SPRITE_PLUNDER_II,SOUND_SELECT1_PLUNDER_II,SOUND_MOVE_PLUNDER_II,SOUND_ATTACK_PLUNDER_II,cradle
115,Plunder III,0,1,0a,1d,5h,1f,4,cradle:ADVANCE_HEXTAPUL,ICON_UNIT_PLUNDER_III,SPRITE_PLUNDER_III,SOUND_SELECT1_PLUNDER_III,SOUND_MOVE_PLUNDER_III,SOUND_ATTACK_PLUNDER_III,cradle
116,Plunder IV,0,2,0a,1d,5h,1f,6,cradle:ADVANCE_HEXTAPUL,ICON_UNIT_PLUNDER_IV,SPRITE_PLUNDER_IV,SOUND_SELECT1_PLUNDER_IV,SOUND_MOVE_PLUNDER_IV,SOUND_ATTACK_PLUNDER_IV,cradle
117,Praetorian,0,2,6a,6d,18h,2f,6,cradle:ADVANCE_DICTATORSHIP,ICON_UNIT_PRAETORIAN,SPRITE_PRAETORIAN,SOUND_SELECT1_PRAETORIAN,SOUND_MOVE_PRAETORIAN,SOUND_ATTACK_PRAETORIAN,cradle
118,Prophet,0,2,0a,2d,10h,1f,5,Lab,ICON_UNIT_PROPHET,SPRITE_PROPHET,SOUND_SELECT1_PROPHET,SOUND_MOVE_PROPHET,SOUND_ATTACK_PROPHET,cradle
119,Quinquereme,2,8,5a,3d,15h,1f,6,cradle:ADVANCE_HULL_MAKING,ICON_UNIT_QUINQUEREME,SPRITE_QUINQUEREME,SOUND_SELECT1_QUINQUEREME,SOUND_MOVE_QUINQUEREME,SOUND_ATTACK_QUINQUEREME,cradle
120,Raider,0,4,3a,3d,10h,1f,9,cradle:ADVANCE_STIRRUP,ICON_UNIT_RAIDER,SPRITE_RAIDER,SOUND_SELECT1_RAIDER,SOUND_MOVE_RAIDER,SOUND_ATTACK_RAIDER,cradle
122,Reed Boat,2,4,1a,1d,10h,1f,1,cradle:ADVANCE_SHIP_BUILDING,ICON_UNIT_REED_BOAT,SPRITE_REED_BOAT,SOUND_SELECT1_REED_BOAT,SOUND_MOVE_REED_BOAT,SOUND_ATTACK_REED_BOAT,cradle
124,Scout Sub,2,16,5a,5d,15h,3f,28,cradle:ADVANCE_LIQUID_BREATHING_APPARATUS,ICON_UNIT_SCOUT_SUB,SPRITE_SCOUT_SUB,SOUND_SELECT1_SCOUT_SUB,SOUND_MOVE_SCOUT_SUB,SOUND_ATTACK_SCOUT_SUB,cradle
127,Settler/Colonist,0,3,0a,3d,10h,1f,20,cradle:ADVANCE_TRIBUNAL_EMPIRE,ICON_UNIT_SETTLER,SPRITE_SETTLER,SOUND_SELECT1_SETTLER,SOUND_MOVE_SETTLER,SOUND_ATTACK_SETTLER,cradle
128,Ship of the Line,2,10,8a,5d,15h,3f,14,cradle:ADVANCE_NAVAL_TACTICS,ICON_UNIT_SHIP_OF_THE_LINE,SPRITE_SHIP_OF_THE_LINE,SOUND_SELECT1_SHIP_OF_THE_LINE,SOUND_MOVE_SHIP_OF_THE_LINE,SOUND_ATTACK_SHIP_OF_THE_LINE,cradle
129,Slaver,0,2,0a,2d,10h,1f,4,cradle:ADVANCE_SLAVE_LABOR,ICON_UNIT_SLAVER,SPRITE_SLAVER,SOUND_SELECT1_SLAVER,SOUND_MOVE_SLAVER,SOUND_ATTACK_SLAVER,cradle
130,Slave Trader,0,2,0a,2d,10h,1f,6,cradle:ADVANCE_CLASSICAL_EDUCATION,ICON_UNIT_SLAVE_TRADER,SPRITE_SLAVE_TRADER,SOUND_SELECT1_SLAVE_TRADER,SOUND_MOVE_SLAVE_TRADER,SOUND_ATTACK_SLAVE_TRADER,cradle
131,Slinger,0,1,1a,1d,8h,1f,2,cradle:ADVANCE_PROJECTILE_WEAPONS,ICON_UNIT_SLINGER,SPRITE_SLINGER,SOUND_SELECT1_SLINGER,SOUND_MOVE_SLINGER,SOUND_ATTACK_SLINGER,cradle
134,Spearman,0,1,2a,3d,10h,1f,1,cradle:ADVANCE_TOOLMAKING,ICON_UNIT_SPEARMAN,SPRITE_SPEARMAN,SOUND_SELECT1_SPEARMAN,SOUND_MOVE_SPEARMAN,SOUND_ATTACK_SPEARMAN,cradle
135,Elite Spearman,0,2,3a,4d,12h,1f,1,cradle:ADVANCE_HEXTAPUL,ICON_UNIT_SPEARMAN_ELITE,SPRITE_SPEARMAN_ELITE,SOUND_SELECT1_SPEARMAN_ELITE,SOUND_MOVE_SPEARMAN_ELITE,SOUND_ATTACK_SPEARMAN_ELITE,cradle
136,Spearman Militia,0,1,2a,3d,40h,1f,1,cradle:ADVANCE_HEXTAPUL,ICON_UNIT_SPEARMAN_MILITIA,SPRITE_SPEARMAN,SOUND_SELECT1_SPEARMAN_MILITIA,SOUND_MOVE_SPEARMAN_MILITIA,SOUND_ATTACK_SPEARMAN_MILITIA,cradle
147,Teutonic Knight,0,3,8a,4d,15h,2f,6,cradle:ADVANCE_THEOLOGY,ICON_UNIT_TEUTONIC_KNIGHT,SPRITE_TEUTONIC_KNIGHT,SOUND_SELECT1_TEUTONIC_KNIGHT,SOUND_MOVE_TEUTONIC_KNIGHT,SOUND_ATTACK_TEUTONIC_KNIGHT,cradle
148,Trebuchet,0,1,1a,1d,10h,2f,9,cradle:ADVANCE_GREEK_FIRE,ICON_UNIT_TREBUCHET,SPRITE_TREBUCHET,SOUND_SELECT1_TREBUCHET,SOUND_MOVE_TREBUCHET,SOUND_ATTACK_TREBUCHET,cradle
154,Alexander the Great,0,3,5a,5d,22h,2f,10,cradle:ADVANCE_HEXTAPUL,ICON_UNIT_ALEXANDER_THE_GREAT,SPRITE_ALEXANDER_THE_GREAT,SOUND_SELECT1_ALEXANDER_THE_GREAT,SOUND_MOVE_ALEXANDER_THE_GREAT,SOUND_ATTACK_ALEXANDER_THE_GREAT,cradle
155,Genghis,0,5,9a,8d,18h,3f,10,cradle:ADVANCE_HEXTAPUL,ICON_UNIT_GHENGIS,SPRITE_GHENGIS,SOUND_SELECT1_GHENGIS,SOUND_MOVE_GHENGIS,SOUND_ATTACK_GHENGIS,cradle
156,Sargon,0,3,5a,3d,18h,2f,10,cradle:ADVANCE_HEXTAPUL,ICON_UNIT_SARGON,SPRITE_SARGON,SOUND_SELECT1_SARGON,SOUND_MOVE_SARGON,SOUND_ATTACK_SARGON,cradle
157,Hannibal,0,4,5a,5d,18h,2f,10,cradle:ADVANCE_HEXTAPUL,ICON_UNIT_HANNIBAL,SPRITE_HANNIBAL,SOUND_SELECT1_HANNIBAL,SOUND_MOVE_HANNIBAL,SOUND_ATTACK_HANNIBAL,cradle
158,Caesar,0,3,5a,6d,22h,2f,10,cradle:ADVANCE_HEXTAPUL,ICON_UNIT_CAESAR,SPRITE_CAESAR,SOUND_SELECT1_CAESAR,SOUND_MOVE_CAESAR,SOUND_ATTACK_CAESAR,cradle
159,Attila,0,5,8a,6d,18h,3f,10,cradle:ADVANCE_HEXTAPUL,ICON_UNIT_ATILLA,SPRITE_ATILLA,SOUND_SELECT1_ATILLA,SOUND_MOVE_ATILLA,SOUND_ATTACK_ATILLA,cradle
160,Saladin,0,4,6a,8d,18h,3f,10,cradle:ADVANCE_HEXTAPUL,ICON_UNIT_SALADIN,SPRITE_SALADIN,SOUND_SELECT1_SALADIN,SOUND_MOVE_SALADIN,SOUND_ATTACK_SALADIN,cradle
161,Charlemagne,0,4,9a,6d,18h,3f,10,cradle:ADVANCE_HEXTAPUL,ICON_UNIT_CHARLEMAGNE,SPRITE_CHARLEMAGNE,SOUND_SELECT1_CHARLEMAGNE,SOUND_MOVE_CHARLEMAGNE,SOUND_ATTACK_CHARLEMAGNE,cradle
162,Hernan Cortes,0,4,9a,6d,15h,3f,10,cradle:ADVANCE_HEXTAPUL,ICON_UNIT_HERNAN_CORTES,SPRITE_HERNAN_CORTES,SOUND_SELECT1_HERNAN_CORTES,SOUND_MOVE_HERNAN_CORTES,SOUND_ATTACK_HERNAN_CORTES,cradle
163,Ulysses Grant,0,5,9a,6d,15h,4f,10,cradle:ADVANCE_HEXTAPUL,ICON_UNIT_ULYSSES_GRANT,SPRITE_ULYSSES_GRANT,SOUND_SELECT1_ULYSSES_GRANT,SOUND_MOVE_ULYSSES_GRANT,SOUND_ATTACK_ULYSSES_GRANT,cradle
164,Gilgamesh,0,3,5a,3d,18h,2f,10,cradle:ADVANCE_HEXTAPUL,ICON_UNIT_GILGAMESH,SPRITE_GREAT_KING,SOUND_SELECT1_GILGAMESH,SOUND_MOVE_GILGAMESH,SOUND_ATTACK_GILGAMESH,cradle
165,Field Marshall,0,4,9a,6d,15h,3f,10,cradle:ADVANCE_HEXTAPUL,ICON_UNIT_FIELD_MARSHALL,SPRITE_FIELD_MARSHALL,SOUND_SELECT1_FIELD_MARSHALL,SOUND_MOVE_FIELD_MARSHALL,SOUND_ATTACK_FIELD_MARSHALL,cradle
166,General,0,5,11a,8d,18h,4f,10,cradle:ADVANCE_HEXTAPUL,ICON_UNIT_GENERAL,SPRITE_GENERAL,SOUND_SELECT1_GENERAL,SOUND_MOVE_GENERAL,SOUND_ATTACK_GENERAL,cradle
168,Norman Schwarzkopf,0,7,14a,12d,20h,4f,10,cradle:ADVANCE_HEXTAPUL,ICON_UNIT_NORMAN_SCHWARZKOPF,SPRITE_NORMAN_SCHWARZKOPF,SOUND_SELECT1_NORMAN_SCHWARZKOPF,SOUND_MOVE_NORMAN_SCHWARZKOPF,SOUND_ATTACK_NORMAN_SCHWARZKOPF,cradle
169,David,0,2,4a,3d,18h,2f,10,cradle:ADVANCE_HEXTAPUL,ICON_UNIT_DAVID,SPRITE_DAVID,SOUND_SELECT1_DAVID,SOUND_MOVE_DAVID,SOUND_ATTACK_DAVID,cradle
170,Hammurabi,0,2,6a,6d,18h,2f,10,cradle:ADVANCE_HEXTAPUL,ICON_UNIT_HAMMURABI,SPRITE_HAMMURABI,SOUND_SELECT1_HAMMURABI,SOUND_MOVE_HAMMURABI,SOUND_ATTACK_HAMMURABI,cradle
171,Khalid ibn al-Walid,0,4,8a,6d,18h,3f,10,cradle:ADVANCE_HEXTAPUL,ICON_UNIT_KHALID,SPRITE_KHALID,SOUND_SELECT1_KHALID,SOUND_MOVE_KHALID,SOUND_ATTACK_KHALID,cradle
172,Khufu,0,2,6a,6d,18h,2f,10,cradle:ADVANCE_HEXTAPUL,ICON_UNIT_KHUFU,SPRITE_KHUFU,SOUND_SELECT1_KHUFU,SOUND_MOVE_KHUFU,SOUND_ATTACK_KHUFU,cradle
173,Leonidas,0,2,6a,9d,18h,2f,10,cradle:ADVANCE_HEXTAPUL,ICON_UNIT_LEONIDAS,SPRITE_LEONIDAS,SOUND_SELECT1_LEONIDAS,SOUND_MOVE_LEONIDAS,SOUND_ATTACK_LEONIDAS,cradle
174,Marius,0,3,8a,6d,18h,2f,10,cradle:ADVANCE_HEXTAPUL,ICON_UNIT_MARIUS,SPRITE_MARIUS,SOUND_SELECT1_MARIUS,SOUND_MOVE_MARIUS,SOUND_ATTACK_MARIUS,cradle
175,Nebuchadnezzar,0,3,7a,6d,18h,2f,10,cradle:ADVANCE_HEXTAPUL,ICON_UNIT_NEBUCHADNEZZER,SPRITE_NEBUCHADNEZZER,SOUND_SELECT1_NEBUCHADNEZZER,SOUND_MOVE_NEBUCHADNEZZER,SOUND_ATTACK_NEBUCHADNEZZER,cradle
176,Pacal,0,2,8a,8d,18h,2f,10,cradle:ADVANCE_HEXTAPUL,ICON_UNIT_PACAL,SPRITE_PACAL,SOUND_SELECT1_PACAL,SOUND_MOVE_PACAL,SOUND_ATTACK_PACAL,cradle
177,Ramesses,0,2,3a,3d,18h,2f,10,cradle:ADVANCE_HEXTAPUL,ICON_UNIT_RAMSES,SPRITE_RAMSES,SOUND_SELECT1_RAMSES,SOUND_MOVE_RAMSES,SOUND_ATTACK_RAMSES,cradle
178,Spartacus,0,3,7a,6d,18h,2f,10,cradle:ADVANCE_HEXTAPUL,ICON_UNIT_SPARTACUS,SPRITE_SPARTACUS,SOUND_SELECT1_SPARTACUS,SOUND_MOVE_SPARTACUS,SOUND_ATTACK_SPARTACUS,cradle
179,Sun Tzu,0,2,7a,8d,18h,3f,10,cradle:ADVANCE_HEXTAPUL,ICON_UNIT_SUN_TZU,SPRITE_SUN_TZU,SOUND_SELECT1_SUN_TZU,SOUND_MOVE_SUN_TZU,SOUND_ATTACK_SUN_TZU,cradle
3,Man At Arms Militia,0,1,6a,6d,16h,2f,6,aom:ADVANCE_HEXTAPUL,ICON_UNIT_MAN_AT_ARMS_MILITIA,SPRITE_MAN_AT_ARMS,SOUND_SELECT1_MAN_AT_ARMS_MILITIA,SOUND_MOVE_MAN_AT_ARMS_MILITIA,SOUND_ATTACK_MAN_AT_ARMS_MILITIA,aom
8,Advanced Warrior,0,1,4a,2d,10h,1f,2,aom:ADVANCE_TRIBES,ICON_UNIT_ADVANCED_WARRIOR,SPRITE_ADVANCED_WARRIOR,SOUND_SELECT1_ADVANCED_WARRIOR,SOUND_MOVE_ADVANCED_WARRIOR,SOUND_ATTACK_ADVANCED_WARRIOR,aom
13,At Gun,0,2,11a,14d,22h,3f,18,aom:ADVANCE_MILITARY_TRADITION,ICON_UNIT_AT_GUN,SPRITE_AT_GUN,SOUND_SELECT1_AT_GUN,SOUND_MOVE_AT_GUN,SOUND_ATTACK_AT_GUN,aom
15,Auxilliary Legion,0,2,5a,4d,12h,1f,5,aom:ADVANCE_IRON_WORKING,ICON_UNIT_AUXILLIARY_LEGION,SPRITE_AUXILLIARY_LEGION,SOUND_SELECT1_AUXILLIARY_LEGION,SOUND_MOVE_AUXILLIARY_LEGION,SOUND_ATTACK_AUXILLIARY_LEGION,aom
18,Belfroi,0,1,2a,2d,10h,1f,5,PT,ICON_UNIT_BELFROI,SPRITE_BELFROI,SOUND_SELECT1_BELFROI,SOUND_MOVE_BELFROI,SOUND_ATTACK_BELFROI,aom
26,Carrack,2,4,0a,2d,10h,1f,9,aom:ADVANCE_OCEAN_FARING,ICON_UNIT_CARRACK,SPRITE_GALLEY,SOUND_SELECT1_CARRACK,SOUND_MOVE_CARRACK,SOUND_ATTACK_CARRACK,aom
31,Chariot Archer,0,2,3a,2d,12h,1f,4,aom:ADVANCE_ARISTOCRACY,ICON_UNIT_CHARIOT_ARCHER,SPRITE_CHARIOT_ARCHER,SOUND_SELECT1_CHARIOT_ARCHER,SOUND_MOVE_CHARIOT_ARCHER,SOUND_ATTACK_CHARIOT_ARCHER,aom
37,Conscript Legion,0,1,4a,5d,13h,2f,3,aom:ADVANCE_IRON_WORKING,ICON_UNIT_CONSCRIPT_LEGION,SPRITE_CONSCRIPT_LEGION,SOUND_SELECT1_CONSCRIPT_LEGION,SOUND_MOVE_CONSCRIPT_LEGION,SOUND_ATTACK_CONSCRIPT_LEGION,aom
38,Conscript Swordsman,0,1,3a,2d,9h,1f,1,aom:ADVANCE_COPPER_SMELTING,ICON_UNIT_CONSCRIPT_SWORDSMAN,SPRITE_CONSCRIPT_SWORDSMAN,SOUND_SELECT1_CONSCRIPT_SWORDSMAN,SOUND_MOVE_CONSCRIPT_SWORDSMAN,SOUND_ATTACK_CONSCRIPT_SWORDSMAN,aom
39,Coracle,2,2,1a,2d,10h,1f,1,aom:ADVANCE_SHIP_BUILDING,ICON_UNIT_CORACLE,SPRITE_CORACLE,SOUND_SELECT1_CORACLE,SOUND_MOVE_CORACLE,SOUND_ATTACK_CORACLE,aom
50,Eagle Archer,0,2,4a,4d,12h,2f,6,PT,ICON_UNIT_EAGLE_ARCHER,SPRITE_EAGLE_ARCHER,SOUND_SELECT1_EAGLE_ARCHER,SOUND_MOVE_EAGLE_ARCHER,SOUND_ATTACK_EAGLE_ARCHER,aom
51,Eagle Warrior,0,2,6a,5d,15h,2f,6,PT,ICON_UNIT_EAGLE_WARRIOR,SPRITE_EAGLE_WARRIOR,SOUND_SELECT1_EAGLE_WARRIOR,SOUND_MOVE_EAGLE_WARRIOR,SOUND_ATTACK_EAGLE_WARRIOR,aom
54,Elephant Warrior,0,2,5a,3d,13h,1f,4,aom:ADVANCE_OLIGARCHY,ICON_UNIT_ELEPHANT_WARRIOR,SPRITE_ELEPHANT_WARRIOR,SOUND_SELECT1_ELEPHANT_WARRIOR,SOUND_MOVE_ELEPHANT_WARRIOR,SOUND_ATTACK_ELEPHANT_WARRIOR,aom
57,Feudal Cavalry,0,3,8a,5d,14h,2f,9,aom:ADVANCE_CHIVALRY,ICON_UNIT_FEUDAL_CAVALRY,SPRITE_FEUDAL_CAVALRY,SOUND_SELECT1_FEUDAL_CAVALRY,SOUND_MOVE_FEUDAL_CAVALRY,SOUND_ATTACK_FEUDAL_CAVALRY,aom
58,Feudal Infantry,0,1,6a,5d,13h,2f,5,aom:ADVANCE_DARK_AGES,ICON_UNIT_FEUDAL_INFANTRY,SPRITE_FEUDAL_INFANTRY,SOUND_SELECT1_FEUDAL_INFANTRY,SOUND_MOVE_FEUDAL_INFANTRY,SOUND_ATTACK_FEUDAL_INFANTRY,aom
66,Heavy Spearman,0,1,2a,4d,11h,1f,2,aom:ADVANCE_PLOUGH,ICON_UNIT_HEAVY_SPEARMAN,SPRITE_HEAVY_SPEARMAN,SOUND_SELECT1_HEAVY_SPEARMAN,SOUND_MOVE_HEAVY_SPEARMAN,SOUND_ATTACK_HEAVY_SPEARMAN,aom
67,Heavy Swordsman,0,1,4a,3d,10h,1f,2,aom:ADVANCE_COPPER_SMELTING,ICON_UNIT_HEAVY_SWORDSMAN,SPRITE_HEAVY_SWORDSMAN,SOUND_SELECT1_HEAVY_SWORDSMAN,SOUND_MOVE_HEAVY_SWORDSMAN,SOUND_ATTACK_HEAVY_SWORDSMAN,aom
68,Heptireme,2,4,5a,3d,15h,2f,6,aom:ADVANCE_HULL_MAKING,ICON_UNIT_HEPTIREME,SPRITE_HEPTIREME,SOUND_SELECT1_HEPTIREME,SOUND_MOVE_HEPTIREME,SOUND_ATTACK_HEPTIREME,aom
73,Hun Raider,0,4,5a,4d,12h,1f,7,aom:ADVANCE_MIGRATION,ICON_UNIT_HUN_RAIDER,SPRITE_HUN_RAIDER,SOUND_SELECT1_HUN_RAIDER,SOUND_MOVE_HUN_RAIDER,SOUND_ATTACK_HUN_RAIDER,aom
76,Imperial Envoy,0,2,0a,2d,10h,1f,7,Med,ICON_UNIT_IMPERIAL_ENVOY,SPRITE_IMPERIAL_ENVOY,SOUND_SELECT1_IMPERIAL_ENVOY,SOUND_MOVE_IMPERIAL_ENVOY,SOUND_ATTACK_IMPERIAL_ENVOY,aom
83,Javelineer,0,2,2a,2d,10h,1f,2,aom:ADVANCE_BRICK_MAKING,ICON_UNIT_JAVELINEER,SPRITE_JAVELINEER,SOUND_SELECT1_JAVELINEER,SOUND_MOVE_JAVELINEER,SOUND_ATTACK_JAVELINEER,aom
85,Knight Templar,0,1,8a,6d,18h,2f,9,Las,ICON_UNIT_KNIGHT_TEMPLAR,SPRITE_KNIGHT_TEMPLAR,SOUND_SELECT1_KNIGHT_TEMPLAR,SOUND_MOVE_KNIGHT_TEMPLAR,SOUND_ATTACK_KNIGHT_TEMPLAR,aom
90,Longbow,0,1,3a,3d,11h,2f,9,aom:ADVANCE_YEOMANRY,ICON_UNIT_LONGBOW,SPRITE_LONGBOW,SOUND_SELECT1_LONGBOW,SOUND_MOVE_LONGBOW,SOUND_ATTACK_LONGBOW,aom
93,Mameluke,0,2,8a,5d,13h,2f,10,aom:ADVANCE_CALIPHATE,ICON_UNIT_MAMELUKE,SPRITE_MAMELUKE,SOUND_SELECT1_MAMELUKE,SOUND_MOVE_MAMELUKE,SOUND_ATTACK_MAMELUKE,aom
96,Mechanised Infantry,0,3,11a,14d,25h,3f,27,aom:ADVANCE_FIBRE_OPTICS,ICON_UNIT_MECHANISED_INFANTRY,SPRITE_MECHANISED_INFANTRY,SOUND_SELECT1_MECHANISED_INFANTRY,SOUND_MOVE_MECHANISED_INFANTRY,SOUND_ATTACK_MECHANISED_INFANTRY,aom
97,Medieval Infantry,0,1,7a,6d,17h,2f,7,aom:ADVANCE_IRON_CASTING,ICON_UNIT_MEDIEVAL_INFANTRY,SPRITE_MEDIEVAL_INFANTRY,SOUND_SELECT1_MEDIEVAL_INFANTRY,SOUND_MOVE_MEDIEVAL_INFANTRY,SOUND_ATTACK_MEDIEVAL_INFANTRY,aom
100,Migrant,0,1,1a,1d,9h,1f,1,aom:ADVANCE_DYNASTY,ICON_UNIT_MIGRANT,SPRITE_MIGRANT,SOUND_SELECT1_MIGRANT,SOUND_MOVE_MIGRANT,SOUND_ATTACK_MIGRANT,aom
113,Pezheteroi,0,1,3a,5d,13h,2f,3,aom:ADVANCE_REPUBLIC,ICON_UNIT_PEZHETEROI,SPRITE_PEZHETEROI,SOUND_SELECT1_PEZHETEROI,SOUND_MOVE_PEZHETEROI,SOUND_ATTACK_PEZHETEROI,aom
114,Phalanx,0,1,4a,5d,15h,1f,3,aom:ADVANCE_CITIZENSHIP,ICON_UNIT_PHALANX,SPRITE_PHALANX,SOUND_SELECT1_PHALANX,SOUND_MOVE_PHALANX,SOUND_ATTACK_PHALANX,aom
115,Pikemen,0,1,2a,5d,10h,2f,3,aom:ADVANCE_FEUDALISM,ICON_UNIT_PIKEMEN,SPRITE_PIKEMEN,SOUND_SELECT1_PIKEMEN,SOUND_MOVE_PIKEMEN,SOUND_ATTACK_PIKEMEN,aom
117,Peltast,0,2,3a,3d,10h,1f,3,aom:ADVANCE_METAL_WORKING,ICON_UNIT_PELTAST,SPRITE_PELTAST,SOUND_SELECT1_PELTAST,SOUND_MOVE_PELTAST,SOUND_ATTACK_PELTAST,aom
118,Praetorians,0,1,6a,6d,18h,2f,6,aom:ADVANCE_DICTATORSHIP,ICON_UNIT_PRAETORIANS,SPRITE_PRAETORIANS,SOUND_SELECT1_PRAETORIANS,SOUND_MOVE_PRAETORIANS,SOUND_ATTACK_PRAETORIANS,aom
119,Princess,0,2,0a,2d,10h,1f,7,aom:ADVANCE_DYNASTY,ICON_UNIT_PRINCESS,SPRITE_PRINCESS,SOUND_SELECT1_PRINCESS,SOUND_MOVE_PRINCESS,SOUND_ATTACK_PRINCESS,aom
124,Saphia,0,4,8a,5d,13h,2f,10,aom:ADVANCE_SULTANATE,ICON_UNIT_SAPHIA,SPRITE_SAPHIA,SOUND_SELECT1_SAPHIA,SOUND_MOVE_SAPHIA,SOUND_ATTACK_SAPHIA,aom
125,Samurai,0,2,8a,6d,16h,2f,9,aom:ADVANCE_DYNASTIC_EMPIRE,ICON_UNIT_SAMURAI,SPRITE_SAMURAI,SOUND_SELECT1_SAMURAI,SOUND_MOVE_SAMURAI,SOUND_ATTACK_SAMURAI,aom
131,Slavemaster,0,1,2a,1d,8h,1f,7,aom:ADVANCE_COPPER_SMELTING,ICON_UNIT_SLAVEMASTER,SPRITE_SLAVEMASTER,SOUND_SELECT1_SLAVEMASTER,SOUND_MOVE_SLAVEMASTER,SOUND_ATTACK_SLAVEMASTER,aom
144,Supply Train,0,1,0a,2d,10h,1f,10,aom:ADVANCE_PAPER,ICON_UNIT_SUPPLY_TRAIN,SPRITE_SUPPLY_TRAIN,SOUND_SELECT1_SUPPLY_TRAIN,SOUND_MOVE_SUPPLY_TRAIN,SOUND_ATTACK_SUPPLY_TRAIN,aom
151,Tiger,0,4,17a,10d,22h,3f,29,aom:ADVANCE_BLITZKRIEG,ICON_UNIT_TIGER,SPRITE_TIGER,SOUND_SELECT1_TIGER,SOUND_MOVE_TIGER,SOUND_ATTACK_TIGER,aom
157,Warrior,0,1,2a,2d,10h,1f,1,aom:ADVANCE_TOOLMAKING,ICON_UNIT_WARRIOR,SPRITE_WARRIOR,SOUND_SELECT1_WARRIOR,SOUND_MOVE_WARRIOR,SOUND_ATTACK_WARRIOR,aom
161,Baron,0,2,6a,6d,17h,2f,9,aom:ADVANCE_HEXTAPUL,ICON_UNIT_BARON,SPRITE_BARON,SOUND_SELECT1_BARON,SOUND_MOVE_BARON,SOUND_ATTACK_BARON,aom
162,Marshall,0,4,7a,9d,17h,3f,15,aom:ADVANCE_HEXTAPUL,ICON_UNIT_MARSHALL,SPRITE_MARSHALL,SOUND_SELECT1_MARSHALL,SOUND_MOVE_MARSHALL,SOUND_ATTACK_MARSHALL,aom
164,Tribal Leader,0,1,5a,4d,13h,1f,2,aom:ADVANCE_HEXTAPUL,ICON_UNIT_TRIBAL_LEADER,SPRITE_TRIBAL_LEADER,SOUND_SELECT1_TRIBAL_LEADER,SOUND_MOVE_TRIBAL_LEADER,SOUND_ATTACK_TRIBAL_LEADER,aom
165,Tarkan,0,4,7a,5d,13h,2f,8,aom:ADVANCE_HEXTAPUL,ICON_UNIT_TARKAN,SPRITE_TARKAN,SOUND_SELECT1_TARKAN,SOUND_MOVE_TARKAN,SOUND_ATTACK_TARKAN,aom
166,Keshik,0,4,9a,6d,13h,2f,9,aom:ADVANCE_HEXTAPUL,ICON_UNIT_KESHIK,SPRITE_KESHIK,SOUND_SELECT1_KESHIK,SOUND_MOVE_KESHIK,SOUND_ATTACK_KESHIK,aom
170,Ramses,0,2,3a,3d,15h,2f,8,aom:ADVANCE_HEXTAPUL,ICON_UNIT_RAMSES,SPRITE_RAMSES,SOUND_SELECT1_RAMSES,SOUND_MOVE_RAMSES,SOUND_ATTACK_RAMSES,aom
171,Nebuchadnezzer,0,2,4a,3d,15h,2f,13,aom:ADVANCE_HEXTAPUL,ICON_UNIT_NEBUCHADNEZZER,SPRITE_NEBUCHADNEZZER,SOUND_SELECT1_NEBUCHADNEZZER,SOUND_MOVE_NEBUCHADNEZZER,SOUND_ATTACK_NEBUCHADNEZZER,aom
176,Charlemange,0,3,6a,5d,18h,2f,16,aom:ADVANCE_HEXTAPUL,ICON_UNIT_CHARLEMANGE,SPRITE_CHARLEMANGE,SOUND_SELECT1_CHARLEMANGE,SOUND_MOVE_CHARLEMANGE,SOUND_ATTACK_CHARLEMANGE,aom
179,Gustavas Adolphus,0,4,8a,6d,20h,3f,20,aom:ADVANCE_HEXTAPUL,ICON_UNIT_GUSTAVAS_ADOLPHUS,SPRITE_GUSTAVAS_ADOLPHUS,SOUND_SELECT1_GUSTAVAS_ADOLPHUS,SOUND_MOVE_GUSTAVAS_ADOLPHUS,SOUND_ATTACK_GUSTAVAS_ADOLPHUS,aom
180,William Pitt,0,4,8a,6d,20h,3f,20,aom:ADVANCE_HEXTAPUL,ICON_UNIT_WILLIAM_PITT,SPRITE_WILLIAM_PITT,SOUND_SELECT1_WILLIAM_PITT,SOUND_MOVE_WILLIAM_PITT,SOUND_ATTACK_WILLIAM_PITT,aom
181,Napoleon,0,4,8a,6d,20h,3f,20,aom:ADVANCE_HEXTAPUL,ICON_UNIT_NAPOLEON,SPRITE_NAPOLEON,SOUND_SELECT1_NAPOLEON,SOUND_MOVE_NAPOLEON,SOUND_ATTACK_NAPOLEON,aom
182,Tokugawa,0,3,7a,6d,18h,3f,20,aom:ADVANCE_HEXTAPUL,ICON_UNIT_TOKUGAWA,SPRITE_TOKUGAWA,SOUND_SELECT1_TOKUGAWA,SOUND_MOVE_TOKUGAWA,SOUND_ATTACK_TOKUGAWA,aom
185,Heraclius,0,3,6a,3d,18h,2f,16,aom:ADVANCE_HEXTAPUL,ICON_UNIT_HERACLIUS,SPRITE_HERACLIUS,SOUND_SELECT1_HERACLIUS,SOUND_MOVE_HERACLIUS,SOUND_ATTACK_HERACLIUS,aom
186,Barbarossa,0,3,6a,7d,18h,2f,16,aom:ADVANCE_HEXTAPUL,ICON_UNIT_BARBAROSSA,SPRITE_BARBAROSSA,SOUND_SELECT1_BARBAROSSA,SOUND_MOVE_BARBAROSSA,SOUND_ATTACK_BARBAROSSA,aom
187,Montezuma,0,3,6a,5d,18h,2f,16,aom:ADVANCE_HEXTAPUL,ICON_UNIT_MONTEZUMA,SPRITE_MONTEZUMA,SOUND_SELECT1_MONTEZUMA,SOUND_MOVE_MONTEZUMA,SOUND_ATTACK_MONTEZUMA,aom
188,William The Conqueror,0,3,6a,5d,18h,2f,16,aom:ADVANCE_HEXTAPUL,ICON_UNIT_WILLIAM_THE_CONQUEROR,SPRITE_WILLIAM_THE_CONQUEROR,SOUND_SELECT1_WILLIAM_THE_CONQUEROR,SOUND_MOVE_WILLIAM_THE_CONQUEROR,SOUND_ATTACK_WILLIAM_THE_CONQUEROR,aom
189,Genghis Khan,0,4,5a,5d,18h,2f,13,aom:ADVANCE_HEXTAPUL,ICON_UNIT_GENGHIS_KHAN,SPRITE_GENGHIS_KHAN,SOUND_SELECT1_GENGHIS_KHAN,SOUND_MOVE_GENGHIS_KHAN,SOUND_ATTACK_GENGHIS_KHAN,aom
190,Soliman The Magnificent,0,3,6a,5d,18h,2f,16,aom:ADVANCE_HEXTAPUL,ICON_UNIT_SOLIMAN_THE_MAGNIFICENT,SPRITE_SOLIMAN_THE_MAGNIFICENT,SOUND_SELECT1_SOLIMAN_THE_MAGNIFICENT,SOUND_MOVE_SOLIMAN_THE_MAGNIFICENT,SOUND_ATTACK_SOLIMAN_THE_MAGNIFICENT,aom
194,Tuthmosis Iii,0,2,8a,5d,18h,2f,6,aom:ADVANCE_HEXTAPUL,ICON_UNIT_TUTHMOSIS_III,SPRITE_TUTHMOSIS_III,SOUND_SELECT1_TUTHMOSIS_III,SOUND_MOVE_TUTHMOSIS_III,SOUND_ATTACK_TUTHMOSIS_III,aom
195,Epaminondas,0,2,8a,5d,18h,2f,6,aom:ADVANCE_HEXTAPUL,ICON_UNIT_EPAMINONDAS,SPRITE_EPAMINONDAS,SOUND_SELECT1_EPAMINONDAS,SOUND_MOVE_EPAMINONDAS,SOUND_ATTACK_EPAMINONDAS,aom
197,Vercingetorix,0,2,8a,5d,18h,2f,6,aom:ADVANCE_HEXTAPUL,ICON_UNIT_VERCINGETORIX,SPRITE_VERCINGETORIX,SOUND_SELECT1_VERCINGETORIX,SOUND_MOVE_VERCINGETORIX,SOUND_ATTACK_VERCINGETORIX,aom
199,Scipio Africanus,0,2,8a,5d,18h,2f,6,aom:ADVANCE_HEXTAPUL,ICON_UNIT_SCIPIO_AFRICANUS,SPRITE_SCIPIO_AFRICANUS,SOUND_SELECT1_SCIPIO_AFRICANUS,SOUND_MOVE_SCIPIO_AFRICANUS,SOUND_ATTACK_SCIPIO_AFRICANUS,aom
200,Belisarius,0,3,9a,5d,20h,2f,10,aom:ADVANCE_HEXTAPUL,ICON_UNIT_BELISARIUS,SPRITE_BELISARIUS,SOUND_SELECT1_BELISARIUS,SOUND_MOVE_BELISARIUS,SOUND_ATTACK_BELISARIUS,aom
201,Leiv Erikson,0,3,9a,5d,20h,2f,10,aom:ADVANCE_HEXTAPUL,ICON_UNIT_LEIV_ERIKSON,SPRITE_LEIV_ERIKSON,SOUND_SELECT1_LEIV_ERIKSON,SOUND_MOVE_LEIV_ERIKSON,SOUND_ATTACK_LEIV_ERIKSON,aom
202,Wu Ti,0,3,9a,5d,20h,2f,10,aom:ADVANCE_HEXTAPUL,ICON_UNIT_WU_TI,SPRITE_WU_TI,SOUND_SELECT1_WU_TI,SOUND_MOVE_WU_TI,SOUND_ATTACK_WU_TI,aom
203,Charles Martel,0,3,9a,5d,20h,2f,10,aom:ADVANCE_HEXTAPUL,ICON_UNIT_CHARLES_MARTEL,SPRITE_CHARLES_MARTEL,SOUND_SELECT1_CHARLES_MARTEL,SOUND_MOVE_CHARLES_MARTEL,SOUND_ATTACK_CHARLES_MARTEL,aom
204,El Cid,0,3,9a,5d,20h,2f,10,aom:ADVANCE_HEXTAPUL,ICON_UNIT_EL_CID,SPRITE_EL_CID,SOUND_SELECT1_EL_CID,SOUND_MOVE_EL_CID,SOUND_ATTACK_EL_CID,aom
205,Bohemund,0,3,9a,5d,20h,2f,10,aom:ADVANCE_HEXTAPUL,ICON_UNIT_BOHEMUND,SPRITE_BOHEMUND,SOUND_SELECT1_BOHEMUND,SOUND_MOVE_BOHEMUND,SOUND_ATTACK_BOHEMUND,aom
206,De La Valette,0,3,9a,5d,20h,2f,10,aom:ADVANCE_HEXTAPUL,ICON_UNIT_DE_LA_VALETTE,SPRITE_DE_LA_VALETTE,SOUND_SELECT1_DE_LA_VALETTE,SOUND_MOVE_DE_LA_VALETTE,SOUND_ATTACK_DE_LA_VALETTE,aom
207,Richard The Lionheart,0,3,9a,5d,20h,2f,10,aom:ADVANCE_HEXTAPUL,ICON_UNIT_RICHARD_THE_LIONHEART,SPRITE_RICHARD_THE_LIONHEART,SOUND_SELECT1_RICHARD_THE_LIONHEART,SOUND_MOVE_RICHARD_THE_LIONHEART,SOUND_ATTACK_RICHARD_THE_LIONHEART,aom
208,Alp Arslan,0,3,9a,5d,20h,2f,10,aom:ADVANCE_HEXTAPUL,ICON_UNIT_ALP_ARSLAN,SPRITE_ALP_ARSLAN,SOUND_SELECT1_ALP_ARSLAN,SOUND_MOVE_ALP_ARSLAN,SOUND_ATTACK_ALP_ARSLAN,aom
209,Jan Ziska,0,3,8a,10d,20h,3f,13,aom:ADVANCE_HEXTAPUL,ICON_UNIT_JAN_ZISKA,SPRITE_JAN_ZISKA,SOUND_SELECT1_JAN_ZISKA,SOUND_MOVE_JAN_ZISKA,SOUND_ATTACK_JAN_ZISKA,aom
210,Gonsalvo,0,3,8a,10d,20h,3f,13,aom:ADVANCE_HEXTAPUL,ICON_UNIT_GONSALVO,SPRITE_GONSALVO,SOUND_SELECT1_GONSALVO,SOUND_MOVE_GONSALVO,SOUND_ATTACK_GONSALVO,aom
211,Marlborough,0,3,8a,10d,20h,3f,13,aom:ADVANCE_HEXTAPUL,ICON_UNIT_MARLBOROUGH,SPRITE_MARLBOROUGH,SOUND_SELECT1_MARLBOROUGH,SOUND_MOVE_MARLBOROUGH,SOUND_ATTACK_MARLBOROUGH,aom
212,Wellington,0,3,8a,10d,20h,3f,13,aom:ADVANCE_HEXTAPUL,ICON_UNIT_WELLINGTON,SPRITE_WELLINGTON,SOUND_SELECT1_WELLINGTON,SOUND_MOVE_WELLINGTON,SOUND_ATTACK_WELLINGTON,aom
213,Davout,0,3,8a,10d,20h,3f,13,aom:ADVANCE_HEXTAPUL,ICON_UNIT_DAVOUT,SPRITE_DAVOUT,SOUND_SELECT1_DAVOUT,SOUND_MOVE_DAVOUT,SOUND_ATTACK_DAVOUT,aom
214,Davey Crocket,0,3,8a,10d,20h,3f,13,aom:ADVANCE_HEXTAPUL,ICON_UNIT_DAVEY_CROCKET,SPRITE_DAVEY_CROCKET,SOUND_SELECT1_DAVEY_CROCKET,SOUND_MOVE_DAVEY_CROCKET,SOUND_ATTACK_DAVEY_CROCKET,aom
215,Oyama,0,3,12a,12d,20h,3f,13,aom:ADVANCE_HEXTAPUL,ICON_UNIT_OYAMA,SPRITE_OYAMA,SOUND_SELECT1_OYAMA,SOUND_MOVE_OYAMA,SOUND_ATTACK_OYAMA,aom
216,Ludendorf,0,3,12a,12d,20h,3f,19,aom:ADVANCE_HEXTAPUL,ICON_UNIT_LUDENDORF,SPRITE_LUDENDORF,SOUND_SELECT1_LUDENDORF,SOUND_MOVE_LUDENDORF,SOUND_ATTACK_LUDENDORF,aom
217,Rommel,0,3,12a,12d,20h,3f,19,aom:ADVANCE_HEXTAPUL,ICON_UNIT_ROMMEL,SPRITE_ROMMEL,SOUND_SELECT1_ROMMEL,SOUND_MOVE_ROMMEL,SOUND_ATTACK_ROMMEL,aom
218,Patton,0,3,12a,12d,20h,3f,19,aom:ADVANCE_HEXTAPUL,ICON_UNIT_PATTON,SPRITE_PATTON,SOUND_SELECT1_PATTON,SOUND_MOVE_PATTON,SOUND_ATTACK_PATTON,aom
219,Macarthur,0,3,12a,12d,20h,3f,19,aom:ADVANCE_HEXTAPUL,ICON_UNIT_MACARTHUR,SPRITE_MACARTHUR,SOUND_SELECT1_MACARTHUR,SOUND_MOVE_MACARTHUR,SOUND_ATTACK_MACARTHUR,aom
220,Moshe Dayan,0,3,12a,12d,20h,3f,19,aom:ADVANCE_HEXTAPUL,ICON_UNIT_MOSHE_DAYAN,SPRITE_MOSHE_DAYAN,SOUND_SELECT1_MOSHE_DAYAN,SOUND_MOVE_MOSHE_DAYAN,SOUND_ATTACK_MOSHE_DAYAN,aom
221,King,0,2,2a,2d,14h,1f,10,aom:ADVANCE_DYNASTY,ICON_UNIT_KING,SPRITE_KING,SOUND_SELECT1_KING,SOUND_MOVE_KING,SOUND_ATTACK_KING,aom
223,Town Watch,0,1,1a,1d,9h,1f,1,aom:ADVANCE_HEXTAPUL,ICON_UNIT_TOWN_WATCH,SPRITE_TOWN_WATCH,SOUND_SELECT1_TOWN_WATCH,SOUND_MOVE_TOWN_WATCH,SOUND_ATTACK_TOWN_WATCH,aom
224,Elite Advanced Warrior,0,1,5a,2d,11h,1f,2,aom:ADVANCE_TRIBES,ICON_UNIT_ELITE_ADVANCED_WARRIOR,SPRITE_ADVANCED_WARRIOR,SOUND_SELECT1_ELITE_ADVANCED_WARRIOR,SOUND_MOVE_ELITE_ADVANCED_WARRIOR,SOUND_ATTACK_ELITE_ADVANCED_WARRIOR,aom
225,Elite Heavy Swordsman,0,1,5a,3d,11h,1f,2,aom:ADVANCE_COPPER_SMELTING,ICON_UNIT_ELITE_HEAVY_SWORDSMAN,SPRITE_HEAVY_SWORDSMAN,SOUND_SELECT1_ELITE_HEAVY_SWORDSMAN,SOUND_MOVE_ELITE_HEAVY_SWORDSMAN,SOUND_ATTACK_ELITE_HEAVY_SWORDSMAN,aom
227,Elite Phalanx,0,1,5a,5d,16h,1f,3,aom:ADVANCE_CITIZENSHIP,ICON_UNIT_ELITE_PHALANX,SPRITE_PHALANX,SOUND_SELECT1_ELITE_PHALANX,SOUND_MOVE_ELITE_PHALANX,SOUND_ATTACK_ELITE_PHALANX,aom
229,Elite Peltast,0,2,4a,3d,11h,1f,3,aom:ADVANCE_METAL_WORKING,ICON_UNIT_ELITE_PELTAST,SPRITE_PELTAST,SOUND_SELECT1_ELITE_PELTAST,SOUND_MOVE_ELITE_PELTAST,SOUND_ATTACK_ELITE_PELTAST,aom
230,Elite Auxilliary Legion,0,2,6a,4d,13h,1f,5,aom:ADVANCE_IRON_WORKING,ICON_UNIT_ELITE_AUXILLIARY_LEGION,SPRITE_AUXILLIARY_LEGION,SOUND_SELECT1_ELITE_AUXILLIARY_LEGION,SOUND_MOVE_ELITE_AUXILLIARY_LEGION,SOUND_ATTACK_ELITE_AUXILLIARY_LEGION,aom
231,Elite Javelin Cavalry,0,3,4a,2d,11h,1f,2,aom:ADVANCE_HORSE_RIDING,ICON_UNIT_ELITE_JAVELIN_CAVALRY,SPRITE_JAVELIN_CAVALRY,SOUND_SELECT1_ELITE_JAVELIN_CAVALRY,SOUND_MOVE_ELITE_JAVELIN_CAVALRY,SOUND_ATTACK_ELITE_JAVELIN_CAVALRY,aom
232,Elite Chariot,0,2,5a,2d,11h,1f,3,aom:ADVANCE_CHARIOTS,ICON_UNIT_ELITE_CHARIOT,SPRITE_CHARIOT,SOUND_SELECT1_ELITE_CHARIOT,SOUND_MOVE_ELITE_CHARIOT,SOUND_ATTACK_ELITE_CHARIOT,aom
233,Elite Chariot Archer,0,2,4a,2d,13h,1f,4,aom:ADVANCE_ARISTOCRACY,ICON_UNIT_ELITE_CHARIOT_ARCHER,SPRITE_CHARIOT_ARCHER,SOUND_SELECT1_ELITE_CHARIOT_ARCHER,SOUND_MOVE_ELITE_CHARIOT_ARCHER,SOUND_ATTACK_ELITE_CHARIOT_ARCHER,aom
234,Elite Archer,0,1,3a,2d,9h,1f,4,aom:ADVANCE_ARCHERY,ICON_UNIT_ELITE_ARCHER,SPRITE_ARCHER,SOUND_SELECT1_ELITE_ARCHER,SOUND_MOVE_ELITE_ARCHER,SOUND_ATTACK_ELITE_ARCHER,aom
235,Elite Composite Archer,0,1,3a,2d,11h,2f,5,aom:ADVANCE_COMPOSITE_BOW,ICON_UNIT_ELITE_COMPOSITE_ARCHER,SPRITE_COMPOSITE_ARCHER,SOUND_SELECT1_ELITE_COMPOSITE_ARCHER,SOUND_MOVE_ELITE_COMPOSITE_ARCHER,SOUND_ATTACK_ELITE_COMPOSITE_ARCHER,aom
236,Elite Galley,2,3,4a,2d,12h,1f,3,The,ICON_UNIT_ELITE_GALLEY,SPRITE_GALLEY,SOUND_SELECT1_ELITE_GALLEY,SOUND_MOVE_ELITE_GALLEY,SOUND_ATTACK_ELITE_GALLEY,aom
237,Elite Trireme,2,3,5a,2d,14h,1f,4,aom:ADVANCE_ALCHEMY,ICON_UNIT_ELITE_TRIREME,SPRITE_TRIREME,SOUND_SELECT1_ELITE_TRIREME,SOUND_MOVE_ELITE_TRIREME,SOUND_ATTACK_ELITE_TRIREME,aom
238,Elite Horseman,0,3,6a,3d,13h,1f,6,aom:ADVANCE_HORSE_ARMOR,ICON_UNIT_ELITE_HORSEMAN,SPRITE_HORSEMAN,SOUND_SELECT1_ELITE_HORSEMAN,SOUND_MOVE_ELITE_HORSEMAN,SOUND_ATTACK_ELITE_HORSEMAN,aom
239,Elite Heavy Cavalry,0,3,7a,4d,13h,2f,7,aom:ADVANCE_ANIMAL_HUSBANDRY,ICON_UNIT_ELITE_HEAVY_CAVALRY,SPRITE_HEAVY_CAVALRY,SOUND_SELECT1_ELITE_HEAVY_CAVALRY,SOUND_MOVE_ELITE_HEAVY_CAVALRY,SOUND_ATTACK_ELITE_HEAVY_CAVALRY,aom
240,Elite Catapult,0,1,3a,3d,12h,2f,8,aom:ADVANCE_SIEGE_WEAPONS,ICON_UNIT_ELITE_CATAPULT,SPRITE_CATAPULT,SOUND_SELECT1_ELITE_CATAPULT,SOUND_MOVE_ELITE_CATAPULT,SOUND_ATTACK_ELITE_CATAPULT,aom
241,Elite Cataphract,0,4,8a,4d,14h,2f,8,aom:ADVANCE_STIRRUP,ICON_UNIT_ELITE_CATAPHRACT,SPRITE_CATAPHRACT,SOUND_SELECT1_ELITE_CATAPHRACT,SOUND_MOVE_ELITE_CATAPHRACT,SOUND_ATTACK_ELITE_CATAPHRACT,aom
242,Elite Belfroi,0,1,3a,2d,11h,1f,5,PT,ICON_UNIT_ELITE_BELFROI,SPRITE_BELFROI,SOUND_SELECT1_ELITE_BELFROI,SOUND_MOVE_ELITE_BELFROI,SOUND_ATTACK_ELITE_BELFROI,aom
243,Elite Trebuchet,0,1,3a,3d,12h,2f,10,aom:ADVANCE_GREEK_FIRE,ICON_UNIT_ELITE_TREBUCHET,SPRITE_TREBUCHET,SOUND_SELECT1_ELITE_TREBUCHET,SOUND_MOVE_ELITE_TREBUCHET,SOUND_ATTACK_ELITE_TREBUCHET,aom
245,Elite Knight,0,3,9a,5d,15h,2f,9,aom:ADVANCE_PLATE_ARMOUR,ICON_UNIT_ELITE_KNIGHT,SPRITE_KNIGHT,SOUND_SELECT1_ELITE_KNIGHT,SOUND_MOVE_ELITE_KNIGHT,SOUND_ATTACK_ELITE_KNIGHT,aom
246,Elite Pikemen,0,1,7a,8d,16h,2f,7,aom:ADVANCE_BANKING,ICON_UNIT_ELITE_PIKEMEN,SPRITE_PIKEMEN,SOUND_SELECT1_ELITE_PIKEMEN,SOUND_MOVE_ELITE_PIKEMEN,SOUND_ATTACK_ELITE_PIKEMEN,aom
247,Elite Crossbowman,0,1,3a,3d,13h,2f,8,aom:ADVANCE_CROSSBOW,ICON_UNIT_ELITE_CROSSBOWMAN,SPRITE_CROSSBOWMAN,SOUND_SELECT1_ELITE_CROSSBOWMAN,SOUND_MOVE_ELITE_CROSSBOWMAN,SOUND_ATTACK_ELITE_CROSSBOWMAN,aom
248,Elite Praetorians,0,1,7a,6d,17h,2f,6,aom:ADVANCE_DICTATORSHIP,ICON_UNIT_ELITE_PRAETORIANS,SPRITE_PRAETORIANS,SOUND_SELECT1_ELITE_PRAETORIANS,SOUND_MOVE_ELITE_PRAETORIANS,SOUND_ATTACK_ELITE_PRAETORIANS,aom
249,Elite Elephant Warrior,0,2,6a,3d,14h,1f,4,aom:ADVANCE_OLIGARCHY,ICON_UNIT_ELITE_ELEPHANT_WARRIOR,SPRITE_ELEPHANT_WARRIOR,SOUND_SELECT1_ELITE_ELEPHANT_WARRIOR,SOUND_MOVE_ELITE_ELEPHANT_WARRIOR,SOUND_ATTACK_ELITE_ELEPHANT_WARRIOR,aom
250,Elite Janissary,0,2,8a,6d,16h,2f,9,aom:ADVANCE_SULTANATE,ICON_UNIT_ELITE_JANISSARY,SPRITE_JANISSARY,SOUND_SELECT1_ELITE_JANISSARY,SOUND_MOVE_ELITE_JANISSARY,SOUND_ATTACK_ELITE_JANISSARY,aom
251,Elite Teutonic Knight,0,3,9a,4d,17h,2f,10,aom:ADVANCE_THEOLOGY,ICON_UNIT_ELITE_TEUTONIC_KNIGHT,SPRITE_TEUTONIC_KNIGHT,SOUND_SELECT1_ELITE_TEUTONIC_KNIGHT,SOUND_MOVE_ELITE_TEUTONIC_KNIGHT,SOUND_ATTACK_ELITE_TEUTONIC_KNIGHT,aom
252,Elite Heptireme,2,4,5a,3d,15h,2f,6,aom:ADVANCE_HULL_MAKING,ICON_UNIT_ELITE_HEPTIREME,SPRITE_HEPTIREME,SOUND_SELECT1_ELITE_HEPTIREME,SOUND_MOVE_ELITE_HEPTIREME,SOUND_ATTACK_ELITE_HEPTIREME,aom
253,Elite Dromon,2,4,7a,4d,16h,2f,8,aom:ADVANCE_ASTROLABE,ICON_UNIT_ELITE_DROMON,SPRITE_DROMON,SOUND_SELECT1_ELITE_DROMON,SOUND_MOVE_ELITE_DROMON,SOUND_ATTACK_ELITE_DROMON,aom
254,Elite Hypaspists,0,2,5a,4d,13h,1f,4,aom:ADVANCE_BARRACKS,ICON_UNIT_ELITE_HYPASPISTS,SPRITE_HYPASPISTS,SOUND_SELECT1_ELITE_HYPASPISTS,SOUND_MOVE_ELITE_HYPASPISTS,SOUND_ATTACK_ELITE_HYPASPISTS,aom
255,Elite Pezheteroi,0,1,4a,5d,14h,2f,3,aom:ADVANCE_REPUBLIC,ICON_UNIT_ELITE_PEZHETEROI,SPRITE_PEZHETEROI,SOUND_SELECT1_ELITE_PEZHETEROI,SOUND_MOVE_ELITE_PEZHETEROI,SOUND_ATTACK_ELITE_PEZHETEROI,aom
256,Elite Feudal Infantry,0,1,7a,5d,14h,2f,7,aom:ADVANCE_DARK_AGES,ICON_UNIT_ELITE_FEUDAL_INFANTRY,SPRITE_ELITE_FEUDAL_INFANTRY,SOUND_SELECT1_ELITE_FEUDAL_INFANTRY,SOUND_MOVE_ELITE_FEUDAL_INFANTRY,SOUND_ATTACK_ELITE_FEUDAL_INFANTRY,aom
257,Elite Longbow,0,1,3a,3d,12h,2f,10,aom:ADVANCE_YEOMANRY,ICON_UNIT_ELITE_LONGBOW,SPRITE_ELITE_LONGBOW,SOUND_SELECT1_ELITE_LONGBOW,SOUND_MOVE_ELITE_LONGBOW,SOUND_ATTACK_ELITE_LONGBOW,aom
258,Elite Feudal Cavalry,0,3,9a,5d,15h,2f,11,aom:ADVANCE_CHIVALRY,ICON_UNIT_ELITE_FEUDAL_CAVALRY,SPRITE_ELITE_FEUDAL_CAVALRY,SOUND_SELECT1_ELITE_FEUDAL_CAVALRY,SOUND_MOVE_ELITE_FEUDAL_CAVALRY,SOUND_ATTACK_ELITE_FEUDAL_CAVALRY,aom
259,Elite Medieval Infantry,0,1,8a,6d,16h,2f,9,aom:ADVANCE_IRON_CASTING,ICON_UNIT_ELITE_MEDIEVAL_INFANTRY,SPRITE_ELITE_MEDIEVAL_INFANTRY,SOUND_SELECT1_ELITE_MEDIEVAL_INFANTRY,SOUND_MOVE_ELITE_MEDIEVAL_INFANTRY,SOUND_ATTACK_ELITE_MEDIEVAL_INFANTRY,aom
260,Elite Knight Templar,0,1,9a,6d,19h,2f,10,Las,ICON_UNIT_ELITE_KNIGHT_TEMPLAR,SPRITE_ELITE_KNIGHT_TEMPLAR,SOUND_SELECT1_ELITE_KNIGHT_TEMPLAR,SOUND_MOVE_ELITE_KNIGHT_TEMPLAR,SOUND_ATTACK_ELITE_KNIGHT_TEMPLAR,aom
261,Elite Eagle Archer,0,2,4a,4d,14h,2f,7,PT,ICON_UNIT_ELITE_EAGLE_ARCHER,SPRITE_ELITE_EAGLE_ARCHER,SOUND_SELECT1_ELITE_EAGLE_ARCHER,SOUND_MOVE_ELITE_EAGLE_ARCHER,SOUND_ATTACK_ELITE_EAGLE_ARCHER,aom
262,Elite Eagle Warrior,0,2,7a,5d,16h,2f,7,PT,ICON_UNIT_ELITE_EAGLE_WARRIOR,SPRITE_ELITE_EAGLE_WARRIOR,SOUND_SELECT1_ELITE_EAGLE_WARRIOR,SOUND_MOVE_ELITE_EAGLE_WARRIOR,SOUND_ATTACK_ELITE_EAGLE_WARRIOR,aom
263,Elite Mameluke,0,2,9a,5d,14h,2f,10,aom:ADVANCE_CALIPHATE,ICON_UNIT_ELITE_MAMELUKE,SPRITE_ELITE_MAMELUKE,SOUND_SELECT1_ELITE_MAMELUKE,SOUND_MOVE_ELITE_MAMELUKE,SOUND_ATTACK_ELITE_MAMELUKE,aom
264,Elite Saphia,0,4,9a,5d,14h,2f,11,aom:ADVANCE_SULTANATE,ICON_UNIT_ELITE_SAPHIA,SPRITE_ELITE_SAPHIA,SOUND_SELECT1_ELITE_SAPHIA,SOUND_MOVE_ELITE_SAPHIA,SOUND_ATTACK_ELITE_SAPHIA,aom
265,Elite Samurai,0,2,9a,6d,18h,2f,9,aom:ADVANCE_DYNASTIC_EMPIRE,ICON_UNIT_ELITE_SAMURAI,SPRITE_ELITE_SAMURAI,SOUND_SELECT1_ELITE_SAMURAI,SOUND_MOVE_ELITE_SAMURAI,SOUND_ATTACK_ELITE_SAMURAI,aom
266,Elite Onager,0,1,3a,4d,13h,2f,9,aom:ADVANCE_JOINERY,ICON_UNIT_ELITE_ONAGER,SPRITE_ELITE_ONAGER,SOUND_SELECT1_ELITE_ONAGER,SOUND_MOVE_ELITE_ONAGER,SOUND_ATTACK_ELITE_ONAGER,aom
272,Elite Cavalry,0,4,10a,7d,20h,3f,17,aom:ADVANCE_CAVALRY_TACTICS,ICON_UNIT_ELITE_CAVALRY,SPRITE_ELITE_CAVALRY,SOUND_SELECT1_ELITE_CAVALRY,SOUND_MOVE_ELITE_CAVALRY,SOUND_ATTACK_ELITE_CAVALRY,aom
274,Elite Infantryman,0,2,14a,12d,25h,3f,17,aom:ADVANCE_MILITARY_TRADITION,ICON_UNIT_ELITE_INFANTRYMAN,SPRITE_ELITE_INFANTRYMAN,SOUND_SELECT1_ELITE_INFANTRYMAN,SOUND_MOVE_ELITE_INFANTRYMAN,SOUND_ATTACK_ELITE_INFANTRYMAN,aom
278,Elite Mechanised Infantry,0,3,12a,14d,27h,3f,27,aom:ADVANCE_FIBRE_OPTICS,ICON_UNIT_ELITE_MECHANISED_INFANTRY,SPRITE_ELITE_MECHANISED_INFANTRY,SOUND_SELECT1_ELITE_MECHANISED_INFANTRY,SOUND_MOVE_ELITE_MECHANISED_INFANTRY,SOUND_ATTACK_ELITE_MECHANISED_INFANTRY,aom
284,Column Builder,0,2,1a,1d,9h,1f,5,aom:ADVANCE_HEXTAPUL,ICON_UNIT_COLUMN_BUILDER,SPRITE_COLUMN_BUILDER,SOUND_SELECT1_COLUMN_BUILDER,SOUND_MOVE_COLUMN_BUILDER,SOUND_ATTACK_COLUMN_BUILDER,aom
285,Arch Builder,0,2,1a,1d,9h,1f,5,aom:ADVANCE_HEXTAPUL,ICON_UNIT_ARCH_BUILDER,SPRITE_ARCH_BUILDER,SOUND_SELECT1_ARCH_BUILDER,SOUND_MOVE_ARCH_BUILDER,SOUND_ATTACK_ARCH_BUILDER,aom
286,Fortress Builder,0,2,1a,1d,9h,1f,18,aom:ADVANCE_DARK_AGES,ICON_UNIT_FORTRESS_BUILDER,SPRITE_FORTRESS_BUILDER,SOUND_SELECT1_FORTRESS_BUILDER,SOUND_MOVE_FORTRESS_BUILDER,SOUND_ATTACK_FORTRESS_BUILDER,aom
287,Science Builder,0,2,1a,1d,9h,1f,5,aom:ADVANCE_HEXTAPUL,ICON_UNIT_SCIENCE_BUILDER,SPRITE_SCIENCE_BUILDER,SOUND_SELECT1_SCIENCE_BUILDER,SOUND_MOVE_SCIENCE_BUILDER,SOUND_ATTACK_SCIENCE_BUILDER,aom
288,Peace Builder,0,2,1a,1d,9h,1f,5,aom:ADVANCE_HEXTAPUL,ICON_UNIT_PEACE_BUILDER,SPRITE_PEACE_BUILDER,SOUND_SELECT1_PEACE_BUILDER,SOUND_MOVE_PEACE_BUILDER,SOUND_ATTACK_PEACE_BUILDER,aom
290,Assault,2,4,1a,2d,10h,1f,1,aom:ADVANCE_HEXTAPUL,ICON_UNIT_ASSAULT,SPRITE_ASSAULT,SOUND_SELECT1_ASSAULT,SOUND_MOVE_ASSAULT,SOUND_ATTACK_ASSAULT,aom
291,Fishing Fleet,2,2,1a,2d,10h,1f,12,aom:ADVANCE_DYNASTY,ICON_UNIT_FISHING_FLEET,SPRITE_FISHING_FLEET,SOUND_SELECT1_FISHING_FLEET,SOUND_MOVE_FISHING_FLEET,SOUND_ATTACK_FISHING_FLEET,aom
292,Ocean Fishing Fleet,2,3,1a,3d,10h,1f,17,aom:ADVANCE_HULL_MAKING,ICON_UNIT_OCEAN_FISHING_FLEET,SPRITE_OCEAN_FISHING_FLEET,SOUND_SELECT1_OCEAN_FISHING_FLEET,SOUND_MOVE_OCEAN_FISHING_FLEET,SOUND_ATTACK_OCEAN_FISHING_FLEET,aom
297,Fire Trireme,2,2,3a,2d,10h,1f,4,MP,ICON_UNIT_FIRE_TRIREME,SPRITE_FIRE_TRIREME,SOUND_SELECT1_FIRE_TRIREME,SOUND_MOVE_FIRE_TRIREME,SOUND_ATTACK_FIRE_TRIREME,aom
0,H Angmar,0,1,14a,14d,25h,2f,10,lotr:ADVANCE_HEXTAPUL,ICON_UNIT_H_ANGMAR,SPRITE_H_ANGMAR,SOUND_SELECT1_H_ANGMAR,SOUND_MOVE_H_ANGMAR,SOUND_ATTACK_H_ANGMAR,lotr
1,Angmar H1,0,3,5a,5d,15h,1f,10,lotr:ADVANCE_HEXTAPUL,ICON_UNIT_ANGMAR_H1,SPRITE_ANGMAR_H1,SOUND_SELECT1_ANGMAR_H1,SOUND_MOVE_ANGMAR_H1,SOUND_ATTACK_ANGMAR_H1,lotr
2,Angmar H2,0,3,6a,6d,15h,1f,10,lotr:ADVANCE_HEXTAPUL,ICON_UNIT_ANGMAR_H2,SPRITE_ANGMAR_H2,SOUND_SELECT1_ANGMAR_H2,SOUND_MOVE_ANGMAR_H2,SOUND_ATTACK_ANGMAR_H2,lotr
3,Angmar H3,0,3,8a,7d,15h,1f,10,lotr:ADVANCE_HEXTAPUL,ICON_UNIT_ANGMAR_H3,SPRITE_ANGMAR_H3,SOUND_SELECT1_ANGMAR_H3,SOUND_MOVE_ANGMAR_H3,SOUND_ATTACK_ANGMAR_H3,lotr
4,Angmar H4,0,3,9a,9d,18h,2f,10,lotr:ADVANCE_HEXTAPUL,ICON_UNIT_ANGMAR_H4,SPRITE_ANGMAR_H4,SOUND_SELECT1_ANGMAR_H4,SOUND_MOVE_ANGMAR_H4,SOUND_ATTACK_ANGMAR_H4,lotr
5,H Arnor,0,1,14a,14d,25h,2f,10,lotr:ADVANCE_HEXTAPUL,ICON_UNIT_H_ARNOR,SPRITE_H_ARNOR,SOUND_SELECT1_H_ARNOR,SOUND_MOVE_H_ARNOR,SOUND_ATTACK_H_ARNOR,lotr
6,Arnor H1,0,2,5a,5d,20h,2f,10,lotr:ADVANCE_HEXTAPUL,ICON_UNIT_ARNOR_H1,SPRITE_ARNOR_H1,SOUND_SELECT1_ARNOR_H1,SOUND_MOVE_ARNOR_H1,SOUND_ATTACK_ARNOR_H1,lotr
7,Arnor H2,0,2,6a,6d,20h,2f,10,lotr:ADVANCE_HEXTAPUL,ICON_UNIT_ARNOR_H2,SPRITE_ARNOR_H2,SOUND_SELECT1_ARNOR_H2,SOUND_MOVE_ARNOR_H2,SOUND_ATTACK_ARNOR_H2,lotr
8,Arnor H3,0,2,7a,7d,20h,2f,10,lotr:ADVANCE_HEXTAPUL,ICON_UNIT_ARNOR_H3,SPRITE_ARNOR_H3,SOUND_SELECT1_ARNOR_H3,SOUND_MOVE_ARNOR_H3,SOUND_ATTACK_ARNOR_H3,lotr
9,Arnor H4,0,3,11a,11d,20h,2f,18,lotr:ADVANCE_HEXTAPUL,ICON_UNIT_ARNOR_H4,SPRITE_ARNOR_H4,SOUND_SELECT1_ARNOR_H4,SOUND_MOVE_ARNOR_H4,SOUND_ATTACK_ARNOR_H4,lotr
10,H Dwarves,0,1,12a,12d,25h,2f,10,Rad,ICON_UNIT_H_DWARVES,SPRITE_H_DWARVES,SOUND_SELECT1_H_DWARVES,SOUND_MOVE_H_DWARVES,SOUND_ATTACK_H_DWARVES,lotr
11,Dwarves H1,0,1,4a,4d,20h,2f,10,Rad,ICON_UNIT_DWARVES_H1,SPRITE_DWARVES_H1,SOUND_SELECT1_DWARVES_H1,SOUND_MOVE_DWARVES_H1,SOUND_ATTACK_DWARVES_H1,lotr
12,Dwarves H2,0,1,7a,7d,20h,2f,10,Rad,ICON_UNIT_DWARVES_H2,SPRITE_DWARVES_H2,SOUND_SELECT1_DWARVES_H2,SOUND_MOVE_DWARVES_H2,SOUND_ATTACK_DWARVES_H2,lotr
13,Dwarves H3,0,1,8a,8d,20h,2f,10,Rad,ICON_UNIT_DWARVES_H3,SPRITE_DWARVES_H3,SOUND_SELECT1_DWARVES_H3,SOUND_MOVE_DWARVES_H3,SOUND_ATTACK_DWARVES_H3,lotr
14,Dwarves H4,0,3,10a,10d,20h,2f,15,Rad,ICON_UNIT_DWARVES_H4,SPRITE_DWARVES_H4,SOUND_SELECT1_DWARVES_H4,SOUND_MOVE_DWARVES_H4,SOUND_ATTACK_DWARVES_H4,lotr
15,H Easterling,0,1,10a,10d,25h,2f,10,lotr:ADVANCE_HEXTAPUL,ICON_UNIT_H_EASTERLING,SPRITE_H_EASTERLING,SOUND_SELECT1_H_EASTERLING,SOUND_MOVE_H_EASTERLING,SOUND_ATTACK_H_EASTERLING,lotr
16,Easterling H1,0,3,5a,6d,15h,1f,10,lotr:ADVANCE_HEXTAPUL,ICON_UNIT_EASTERLING_H1,SPRITE_EASTERLING_H1,SOUND_SELECT1_EASTERLING_H1,SOUND_MOVE_EASTERLING_H1,SOUND_ATTACK_EASTERLING_H1,lotr
17,Easterling H2,0,3,7a,8d,15h,1f,10,lotr:ADVANCE_HEXTAPUL,ICON_UNIT_EASTERLING_H2,SPRITE_EASTERLING_H2,SOUND_SELECT1_EASTERLING_H2,SOUND_MOVE_EASTERLING_H2,SOUND_ATTACK_EASTERLING_H2,lotr
18,Easterling H3,0,3,9a,9d,15h,2f,12,lotr:ADVANCE_HEXTAPUL,ICON_UNIT_EASTERLING_H3,SPRITE_EASTERLING_H3,SOUND_SELECT1_EASTERLING_H3,SOUND_MOVE_EASTERLING_H3,SOUND_ATTACK_EASTERLING_H3,lotr
19,H Gondor,0,1,15a,15d,25h,2f,10,lotr:ADVANCE_HEXTAPUL,ICON_UNIT_H_GONDOR,SPRITE_H_GONDOR,SOUND_SELECT1_H_GONDOR,SOUND_MOVE_H_GONDOR,SOUND_ATTACK_H_GONDOR,lotr
20,Gondor H1,0,2,5a,5d,20h,2f,10,lotr:ADVANCE_HEXTAPUL,ICON_UNIT_GONDOR_H1,SPRITE_GONDOR_H1,SOUND_SELECT1_GONDOR_H1,SOUND_MOVE_GONDOR_H1,SOUND_ATTACK_GONDOR_H1,lotr
21,Gondor H2,0,2,6a,6d,20h,2f,10,lotr:ADVANCE_HEXTAPUL,ICON_UNIT_GONDOR_H2,SPRITE_GONDOR_H2,SOUND_SELECT1_GONDOR_H2,SOUND_MOVE_GONDOR_H2,SOUND_ATTACK_GONDOR_H2,lotr
22,Gondor H3,0,2,7a,7d,20h,2f,10,lotr:ADVANCE_HEXTAPUL,ICON_UNIT_GONDOR_H3,SPRITE_GONDOR_H3,SOUND_SELECT1_GONDOR_H3,SOUND_MOVE_GONDOR_H3,SOUND_ATTACK_GONDOR_H3,lotr
23,Gondor H4,0,2,8a,8d,20h,2f,10,lotr:ADVANCE_HEXTAPUL,ICON_UNIT_GONDOR_H4,SPRITE_GONDOR_H4,SOUND_SELECT1_GONDOR_H4,SOUND_MOVE_GONDOR_H4,SOUND_ATTACK_GONDOR_H4,lotr
24,Gondor H5,0,2,9a,9d,20h,2f,10,lotr:ADVANCE_HEXTAPUL,ICON_UNIT_GONDOR_H5,SPRITE_GONDOR_H5,SOUND_SELECT1_GONDOR_H5,SOUND_MOVE_GONDOR_H5,SOUND_ATTACK_GONDOR_H5,lotr
25,Gondor H6,0,2,10a,10d,20h,2f,10,lotr:ADVANCE_HEXTAPUL,ICON_UNIT_GONDOR_H6,SPRITE_GONDOR_H6,SOUND_SELECT1_GONDOR_H6,SOUND_MOVE_GONDOR_H6,SOUND_ATTACK_GONDOR_H6,lotr
26,H Haradrim,0,1,10a,10d,25h,2f,10,lotr:ADVANCE_HEXTAPUL,ICON_UNIT_H_HARADRIM,SPRITE_H_HARADRIM,SOUND_SELECT1_H_HARADRIM,SOUND_MOVE_H_HARADRIM,SOUND_ATTACK_H_HARADRIM,lotr
27,Haradrim H1,0,3,6a,5d,15h,1f,10,lotr:ADVANCE_HEXTAPUL,ICON_UNIT_HARADRIM_H1,SPRITE_HARADRIM_H1,SOUND_SELECT1_HARADRIM_H1,SOUND_MOVE_HARADRIM_H1,SOUND_ATTACK_HARADRIM_H1,lotr
28,Haradrim H2,0,3,8a,7d,12h,1f,10,lotr:ADVANCE_HEXTAPUL,ICON_UNIT_HARADRIM_H2,SPRITE_HARADRIM_H2,SOUND_SELECT1_HARADRIM_H2,SOUND_MOVE_HARADRIM_H2,SOUND_ATTACK_HARADRIM_H2,lotr
29,Haradrim H3,0,3,9a,9d,15h,2f,15,lotr:ADVANCE_HEXTAPUL,ICON_UNIT_HARADRIM_H3,SPRITE_HARADRIM_H3,SOUND_SELECT1_HARADRIM_H3,SOUND_MOVE_HARADRIM_H3,SOUND_ATTACK_HARADRIM_H3,lotr
30,H Hobbits,0,1,8a,8d,25h,2f,10,lotr:ADVANCE_HEXTAPUL,ICON_UNIT_H_HOBBITS,SPRITE_H_HOBBITS,SOUND_SELECT1_H_HOBBITS,SOUND_MOVE_H_HOBBITS,SOUND_ATTACK_H_HOBBITS,lotr
31,Hobbits H1,0,1,5a,5d,15h,2f,10,lotr:ADVANCE_HEXTAPUL,ICON_UNIT_HOBBITS_H1,SPRITE_HOBBITS_H1,SOUND_SELECT1_HOBBITS_H1,SOUND_MOVE_HOBBITS_H1,SOUND_ATTACK_HOBBITS_H1,lotr
32,Hobbits H2,0,1,6a,6d,15h,2f,10,lotr:ADVANCE_HEXTAPUL,ICON_UNIT_HOBBITS_H2,SPRITE_HOBBITS_H2,SOUND_SELECT1_HOBBITS_H2,SOUND_MOVE_HOBBITS_H2,SOUND_ATTACK_HOBBITS_H2,lotr
33,Hobbits H3,0,1,7a,7d,15h,2f,10,lotr:ADVANCE_HEXTAPUL,ICON_UNIT_HOBBITS_H3,SPRITE_HOBBITS_H3,SOUND_SELECT1_HOBBITS_H3,SOUND_MOVE_HOBBITS_H3,SOUND_ATTACK_HOBBITS_H3,lotr
34,H Isengard,0,1,17a,17d,25h,2f,10,lotr:ADVANCE_HEXTAPUL,ICON_UNIT_H_ISENGARD,SPRITE_H_ISENGARD,SOUND_SELECT1_H_ISENGARD,SOUND_MOVE_H_ISENGARD,SOUND_ATTACK_H_ISENGARD,lotr
35,H Mordor,0,1,20a,20d,25h,2f,10,lotr:ADVANCE_HEXTAPUL,ICON_UNIT_H_MORDOR,SPRITE_H_MORDOR,SOUND_SELECT1_H_MORDOR,SOUND_MOVE_H_MORDOR,SOUND_ATTACK_H_MORDOR,lotr
36,Mordor H1,0,3,6a,6d,12h,1f,10,lotr:ADVANCE_HEXTAPUL,ICON_UNIT_MORDOR_H1,SPRITE_MORDOR_H1,SOUND_SELECT1_MORDOR_H1,SOUND_MOVE_MORDOR_H1,SOUND_ATTACK_MORDOR_H1,lotr
37,Mordor H2,0,3,7a,7d,12h,1f,10,lotr:ADVANCE_HEXTAPUL,ICON_UNIT_MORDOR_H2,SPRITE_MORDOR_H2,SOUND_SELECT1_MORDOR_H2,SOUND_MOVE_MORDOR_H2,SOUND_ATTACK_MORDOR_H2,lotr
38,Mordor H3,2,6,8a,8d,12h,1f,10,lotr:ADVANCE_HEXTAPUL,ICON_UNIT_MORDOR_H3,SPRITE_MORDOR_H3,SOUND_SELECT1_MORDOR_H3,SOUND_MOVE_MORDOR_H3,SOUND_ATTACK_MORDOR_H3,lotr
39,Mordor H4,2,6,10a,10d,15h,2f,10,lotr:ADVANCE_HEXTAPUL,ICON_UNIT_MORDOR_H4,SPRITE_MORDOR_H4,SOUND_SELECT1_MORDOR_H4,SOUND_MOVE_MORDOR_H4,SOUND_ATTACK_MORDOR_H4,lotr
40,Mordor H5,0,1,11a,4d,15h,2f,10,lotr:ADVANCE_HEXTAPUL,ICON_UNIT_MORDOR_H5,SPRITE_MORDOR_H5,SOUND_SELECT1_MORDOR_H5,SOUND_MOVE_MORDOR_H5,SOUND_ATTACK_MORDOR_H5,lotr
41,Mordor H6,0,1,10a,10d,15h,2f,10,lotr:ADVANCE_HEXTAPUL,ICON_UNIT_MORDOR_H6,SPRITE_MORDOR_H6,SOUND_SELECT1_MORDOR_H6,SOUND_MOVE_MORDOR_H6,SOUND_ATTACK_MORDOR_H6,lotr
42,Mordor H7,0,2,2a,2d,5h,2f,10,lotr:ADVANCE_HEXTAPUL,ICON_UNIT_MORDOR_H7,SPRITE_MORDOR_H7,SOUND_SELECT1_MORDOR_H7,SOUND_MOVE_MORDOR_H7,SOUND_ATTACK_MORDOR_H7,lotr
43,H Northmen,0,1,9a,9d,25h,2f,10,lotr:ADVANCE_HEXTAPUL,ICON_UNIT_H_NORTHMEN,SPRITE_H_NORTHMEN,SOUND_SELECT1_H_NORTHMEN,SOUND_MOVE_H_NORTHMEN,SOUND_ATTACK_H_NORTHMEN,lotr
44,H Rohan,0,1,12a,12d,25h,2f,10,lotr:ADVANCE_HEXTAPUL,ICON_UNIT_H_ROHAN,SPRITE_H_ROHAN,SOUND_SELECT1_H_ROHAN,SOUND_MOVE_H_ROHAN,SOUND_ATTACK_H_ROHAN,lotr
45,Rohan H1,0,3,5a,5d,15h,2f,10,lotr:ADVANCE_HEXTAPUL,ICON_UNIT_ROHAN_H1,SPRITE_ROHAN_H1,SOUND_SELECT1_ROHAN_H1,SOUND_MOVE_ROHAN_H1,SOUND_ATTACK_ROHAN_H1,lotr
46,Rohan H2,0,3,7a,7d,20h,1f,10,lotr:ADVANCE_HEXTAPUL,ICON_UNIT_ROHAN_H2,SPRITE_ROHAN_H2,SOUND_SELECT1_ROHAN_H2,SOUND_MOVE_ROHAN_H2,SOUND_ATTACK_ROHAN_H2,lotr
47,Rohan H3,0,4,8a,8d,15h,2f,10,lotr:ADVANCE_HEXTAPUL,ICON_UNIT_ROHAN_H3,SPRITE_ROHAN_H3,SOUND_SELECT1_ROHAN_H3,SOUND_MOVE_ROHAN_H3,SOUND_ATTACK_ROHAN_H3,lotr
48,Rohan H4,0,4,9a,9d,15h,2f,10,lotr:ADVANCE_HEXTAPUL,ICON_UNIT_ROHAN_H4,SPRITE_ROHAN_H4,SOUND_SELECT1_ROHAN_H4,SOUND_MOVE_ROHAN_H4,SOUND_ATTACK_ROHAN_H4,lotr
49,Rohan H5,0,4,10a,10d,15h,2f,10,lotr:ADVANCE_HEXTAPUL,ICON_UNIT_ROHAN_H5,SPRITE_ROHAN_H5,SOUND_SELECT1_ROHAN_H5,SOUND_MOVE_ROHAN_H5,SOUND_ATTACK_ROHAN_H5,lotr
50,H Sindar,0,1,17a,17d,25h,2f,10,lotr:ADVANCE_HEXTAPUL,ICON_UNIT_H_SINDAR,SPRITE_H_SINDAR,SOUND_SELECT1_H_SINDAR,SOUND_MOVE_H_SINDAR,SOUND_ATTACK_H_SINDAR,lotr
51,Sindar H1,0,1,6a,10d,10h,2f,10,lotr:ADVANCE_HEXTAPUL,ICON_UNIT_SINDAR_H1,SPRITE_SINDAR_H1,SOUND_SELECT1_SINDAR_H1,SOUND_MOVE_SINDAR_H1,SOUND_ATTACK_SINDAR_H1,lotr
52,Sindar H2,0,1,6a,12d,10h,2f,10,lotr:ADVANCE_HEXTAPUL,ICON_UNIT_SINDAR_H2,SPRITE_SINDAR_H2,SOUND_SELECT1_SINDAR_H2,SOUND_MOVE_SINDAR_H2,SOUND_ATTACK_SINDAR_H2,lotr
53,Sindar H2A,0,3,6a,6d,15h,2f,10,lotr:ADVANCE_HEXTAPUL,ICON_UNIT_SINDAR_H2A,SPRITE_SINDAR_H2A,SOUND_SELECT1_SINDAR_H2A,SOUND_MOVE_SINDAR_H2A,SOUND_ATTACK_SINDAR_H2A,lotr
54,Sindar H3,0,1,6a,10d,10h,2f,10,lotr:ADVANCE_HEXTAPUL,ICON_UNIT_SINDAR_H3,SPRITE_SINDAR_H3,SOUND_SELECT1_SINDAR_H3,SOUND_MOVE_SINDAR_H3,SOUND_ATTACK_SINDAR_H3,lotr
55,Sindar H4,0,3,6a,6d,20h,2f,10,lotr:ADVANCE_HEXTAPUL,ICON_UNIT_SINDAR_H4,SPRITE_SINDAR_H4,SOUND_SELECT1_SINDAR_H4,SOUND_MOVE_SINDAR_H4,SOUND_ATTACK_SINDAR_H4,lotr
56,Palantir I,0,1,3a,3d,5h,2f,10,lotr:ADVANCE_HEXTAPUL,ICON_UNIT_PALANTIR_I,SPRITE_PALANTIR_I,SOUND_SELECT1_PALANTIR_I,SOUND_MOVE_PALANTIR_I,SOUND_ATTACK_PALANTIR_I,lotr
57,Palantir Ii,0,1,3a,3d,5h,2f,10,lotr:ADVANCE_HEXTAPUL,ICON_UNIT_PALANTIR_II,SPRITE_PALANTIR_II,SOUND_SELECT1_PALANTIR_II,SOUND_MOVE_PALANTIR_II,SOUND_ATTACK_PALANTIR_II,lotr
58,Palantir Iii,0,1,3a,3d,5h,2f,10,lotr:ADVANCE_HEXTAPUL,ICON_UNIT_PALANTIR_III,SPRITE_PALANTIR_III,SOUND_SELECT1_PALANTIR_III,SOUND_MOVE_PALANTIR_III,SOUND_ATTACK_PALANTIR_III,lotr
59,Palantir Iv,0,1,3a,3d,5h,2f,10,lotr:ADVANCE_HEXTAPUL,ICON_UNIT_PALANTIR_IV,SPRITE_PALANTIR_IV,SOUND_SELECT1_PALANTIR_IV,SOUND_MOVE_PALANTIR_IV,SOUND_ATTACK_PALANTIR_IV,lotr
60,Gandalf I,0,2,7a,7d,12h,2f,10,lotr:ADVANCE_HEXTAPUL,ICON_UNIT_GANDALF_I,SPRITE_GANDALF_I,SOUND_SELECT1_GANDALF_I,SOUND_MOVE_GANDALF_I,SOUND_ATTACK_GANDALF_I,lotr
61,Gandalf Ii,0,2,10a,10d,15h,2f,10,lotr:ADVANCE_HEXTAPUL,ICON_UNIT_GANDALF_II,SPRITE_GANDALF_II,SOUND_SELECT1_GANDALF_II,SOUND_MOVE_GANDALF_II,SOUND_ATTACK_GANDALF_II,lotr
62,Balrog,0,1,14a,14d,15h,2f,10,lotr:ADVANCE_HEXTAPUL,ICON_UNIT_BALROG,SPRITE_BALROG,SOUND_SELECT1_BALROG,SOUND_MOVE_BALROG,SOUND_ATTACK_BALROG,lotr
63,Smaug,2,5,8a,8d,12h,1f,10,lotr:ADVANCE_HEXTAPUL,ICON_UNIT_SMAUG,SPRITE_SMAUG,SOUND_SELECT1_SMAUG,SOUND_MOVE_SMAUG,SOUND_ATTACK_SMAUG,lotr
64,Storm,2,12,4a,4d,10h,3f,10,NP,ICON_UNIT_STORM,SPRITE_STORM,SOUND_SELECT1_STORM,SOUND_MOVE_STORM,SOUND_ATTACK_STORM,lotr
65,Fumes,2,12,2a,2d,10h,3f,10,lotr:ADVANCE_HEXTAPUL,ICON_UNIT_FUMES,SPRITE_FUMES,SOUND_SELECT1_FUMES,SOUND_MOVE_FUMES,SOUND_ATTACK_FUMES,lotr
66,Watcher,2,5,8a,8d,15h,1f,10,lotr:ADVANCE_HEXTAPUL,ICON_UNIT_WATCHER,SPRITE_WATCHER,SOUND_SELECT1_WATCHER,SOUND_MOVE_WATCHER,SOUND_ATTACK_WATCHER,lotr
72,Javelin Cavalry Orcs,0,3,4a,3d,10h,1f,3,MP,ICON_UNIT_JAVELIN_CAVALRY_ORCS,SPRITE_JAVELIN_CAVALRY_ORCS,SOUND_SELECT1_JAVELIN_CAVALRY_ORCS,SOUND_MOVE_JAVELIN_CAVALRY_ORCS,SOUND_ATTACK_JAVELIN_CAVALRY_ORCS,lotr
73,Javelin Cavalry Rohan,0,3,4a,4d,10h,1f,3,lotr:ADVANCE_HORSE_RIDING_ROHAN,ICON_UNIT_JAVELIN_CAVALRY_ROHAN,SPRITE_JAVELIN_CAVALRY_ROHAN,SOUND_SELECT1_JAVELIN_CAVALRY_ROHAN,SOUND_MOVE_JAVELIN_CAVALRY_ROHAN,SOUND_ATTACK_JAVELIN_CAVALRY_ROHAN,lotr
75,Chariot Easterling,0,2,5a,4d,10h,1f,4,lotr:ADVANCE_CHARIOTS_EASTERLING,ICON_UNIT_CHARIOT_EASTERLING,SPRITE_CHARIOT_EASTERLING,SOUND_SELECT1_CHARIOT_EASTERLING,SOUND_MOVE_CHARIOT_EASTERLING,SOUND_ATTACK_CHARIOT_EASTERLING,lotr
77,Mounted Archer Rohan,0,4,4a,3d,10h,1f,6,lotr:ADVANCE_MOBILE_TACTICS_ROHAN,ICON_UNIT_MOUNTED_ARCHER_ROHAN,SPRITE_MOUNTED_ARCHER_ROHAN,SOUND_SELECT1_MOUNTED_ARCHER_ROHAN,SOUND_MOVE_MOUNTED_ARCHER_ROHAN,SOUND_ATTACK_MOUNTED_ARCHER_ROHAN,lotr
78,Mounted Archer Elves,0,4,3a,3d,10h,1f,6,lotr:ADVANCE_MOBILE_TACTICS_ELVES,ICON_UNIT_MOUNTED_ARCHER_ELVES,SPRITE_MOUNTED_ARCHER_ELVES,SOUND_SELECT1_MOUNTED_ARCHER_ELVES,SOUND_MOVE_MOUNTED_ARCHER_ELVES,SOUND_ATTACK_MOUNTED_ARCHER_ELVES,lotr
80,Horseman Elves,0,3,5a,6d,12h,1f,9,lotr:ADVANCE_HORSE_ARMOR_ELVES,ICON_UNIT_HORSEMAN_ELVES,SPRITE_HORSEMAN_ELVES,SOUND_SELECT1_HORSEMAN_ELVES,SOUND_MOVE_HORSEMAN_ELVES,SOUND_ATTACK_HORSEMAN_ELVES,lotr
81,Horseman Rohan,0,3,6a,6d,12h,1f,9,lotr:ADVANCE_HORSE_ARMOR_ROHAN,ICON_UNIT_HORSEMAN_ROHAN,SPRITE_HORSEMAN_ROHAN,SOUND_SELECT1_HORSEMAN_ROHAN,SOUND_MOVE_HORSEMAN_ROHAN,SOUND_ATTACK_HORSEMAN_ROHAN,lotr
87,Murmakil,0,3,9a,9d,17h,2f,19,lotr:ADVANCE_STIRRUP_HARADRIM,ICON_UNIT_MURMAKIL,SPRITE_MURMAKIL,SOUND_SELECT1_MURMAKIL,SOUND_MOVE_MURMAKIL,SOUND_ATTACK_MURMAKIL,lotr
89,Spearman Elite,0,2,4a,4d,12h,1f,3,lotr:ADVANCE_HEXTAPUL,ICON_UNIT_SPEARMAN_ELITE,SPRITE_SPEARMAN_ELITE,SOUND_SELECT1_SPEARMAN_ELITE,SOUND_MOVE_SPEARMAN_ELITE,SOUND_ATTACK_SPEARMAN_ELITE,lotr
90,Spearman Orcs,0,1,4a,3d,10h,1f,2,MP,ICON_UNIT_SPEARMAN_ORCS,SPRITE_SPEARMAN_ORCS,SOUND_SELECT1_SPEARMAN_ORCS,SOUND_MOVE_SPEARMAN_ORCS,SOUND_ATTACK_SPEARMAN_ORCS,lotr
92,Warrior Elite,0,2,5a,5d,12h,1f,5,lotr:ADVANCE_COPPER_SMELTING_ANGMAR,ICON_UNIT_WARRIOR_ELITE,SPRITE_WARRIOR_ELITE,SOUND_SELECT1_WARRIOR_ELITE,SOUND_MOVE_WARRIOR_ELITE,SOUND_ATTACK_WARRIOR_ELITE,lotr
93,Warrior Orcs,0,1,5a,4d,10h,1f,3,MP,ICON_UNIT_WARRIOR_ORCS,SPRITE_WARRIOR_ORCS,SOUND_SELECT1_WARRIOR_ORCS,SOUND_MOVE_WARRIOR_ORCS,SOUND_ATTACK_WARRIOR_ORCS,lotr
95,Hoplite Elite,0,2,6a,6d,14h,1f,6,lotr:ADVANCE_CITY_STATE_GONDOR,ICON_UNIT_HOPLITE_ELITE,SPRITE_HOPLITE_ELITE,SOUND_SELECT1_HOPLITE_ELITE,SOUND_MOVE_HOPLITE_ELITE,SOUND_ATTACK_HOPLITE_ELITE,lotr
97,Hoplite Orcs,0,1,6a,5d,12h,1f,3,MP,ICON_UNIT_HOPLITE_ORCS,SPRITE_HOPLITE_ORCS,SOUND_SELECT1_HOPLITE_ORCS,SOUND_MOVE_HOPLITE_ORCS,SOUND_ATTACK_HOPLITE_ORCS,lotr
99,Hypaspists Elite,0,2,7a,7d,15h,1f,7,lotr:ADVANCE_HEXTAPUL,ICON_UNIT_HYPASPISTS_ELITE,SPRITE_HYPASPISTS_ELITE,SOUND_SELECT1_HYPASPISTS_ELITE,SOUND_MOVE_HYPASPISTS_ELITE,SOUND_ATTACK_HYPASPISTS_ELITE,lotr
100,Hypaspists Orcs,0,1,7a,6d,13h,1f,5,Med,ICON_UNIT_HYPASPISTS_ORCS,SPRITE_HYPASPISTS_ORCS,SOUND_SELECT1_HYPASPISTS_ORCS,SOUND_MOVE_HYPASPISTS_ORCS,SOUND_ATTACK_HYPASPISTS_ORCS,lotr
103,Legion Elite,0,2,8a,8d,17h,2f,10,lotr:ADVANCE_BUREAUCRACY_EASTERLING,ICON_UNIT_LEGION_ELITE,SPRITE_LEGION_ELITE,SOUND_SELECT1_LEGION_ELITE,SOUND_MOVE_LEGION_ELITE,SOUND_ATTACK_LEGION_ELITE,lotr
104,Legion Isengard,0,2,8a,7d,15h,2f,7,lotr:ADVANCE_IRON_WORKING_ISENGARD,ICON_UNIT_LEGION_ISENGARD,SPRITE_LEGION_ISENGARD,SOUND_SELECT1_LEGION_ISENGARD,SOUND_MOVE_LEGION_ISENGARD,SOUND_ATTACK_LEGION_ISENGARD,lotr
105,Legion Orcs,0,1,8a,8d,15h,2f,7,Med,ICON_UNIT_LEGION_ORCS,SPRITE_LEGION_ORCS,SOUND_SELECT1_LEGION_ORCS,SOUND_MOVE_LEGION_ORCS,SOUND_ATTACK_LEGION_ORCS,lotr
106,Legion Dwarves,0,1,7a,9d,15h,2f,7,PT,ICON_UNIT_LEGION_DWARVES,SPRITE_LEGION_DWARVES,SOUND_SELECT1_LEGION_DWARVES,SOUND_MOVE_LEGION_DWARVES,SOUND_ATTACK_LEGION_DWARVES,lotr
108,Man At Arms Elite,0,2,10a,10d,18h,2f,13,lotr:ADVANCE_DICTATORSHIP_HARADRIM,ICON_UNIT_MAN_AT_ARMS_ELITE,SPRITE_MAN_AT_ARMS_ELITE,SOUND_SELECT1_MAN_AT_ARMS_ELITE,SOUND_MOVE_MAN_AT_ARMS_ELITE,SOUND_ATTACK_MAN_AT_ARMS_ELITE,lotr
109,Man At Arms Orcs,0,1,11a,9d,16h,2f,9,Met,ICON_UNIT_MAN_AT_ARMS_ORCS,SPRITE_MAN_AT_ARMS_ORCS,SOUND_SELECT1_MAN_AT_ARMS_ORCS,SOUND_MOVE_MAN_AT_ARMS_ORCS,SOUND_ATTACK_MAN_AT_ARMS_ORCS,lotr
112,Pikemen Elite,0,2,10a,12d,18h,2f,21,lotr:ADVANCE_TRIBUNAL_EMPIRE_EASTERLING,ICON_UNIT_PIKEMEN_ELITE,SPRITE_PIKEMEN_ELITE,SOUND_SELECT1_PIKEMEN_ELITE,SOUND_MOVE_PIKEMEN_ELITE,SOUND_ATTACK_PIKEMEN_ELITE,lotr
113,Pikemen Orcs,0,1,10a,12d,17h,2f,11,Met,ICON_UNIT_PIKEMEN_ORCS,SPRITE_PIKEMEN_ORCS,SOUND_SELECT1_PIKEMEN_ORCS,SOUND_MOVE_PIKEMEN_ORCS,SOUND_ATTACK_PIKEMEN_ORCS,lotr
119,Slinger Orcs,0,1,1a,1d,8h,1f,4,MP,ICON_UNIT_SLINGER_ORCS,SPRITE_SLINGER_ORCS,SOUND_SELECT1_SLINGER_ORCS,SOUND_MOVE_SLINGER_ORCS,SOUND_ATTACK_SLINGER_ORCS,lotr
120,Slinger Elves,0,1,1a,1d,8h,1f,4,lotr:ADVANCE_PROJECTILE_WEAPONS_ELVES,ICON_UNIT_SLINGER_ELVES,SPRITE_SLINGER_ELVES,SOUND_SELECT1_SLINGER_ELVES,SOUND_MOVE_SLINGER_ELVES,SOUND_ATTACK_SLINGER_ELVES,lotr
123,Archer Orcs,0,1,2a,2d,8h,1f,5,Med,ICON_UNIT_ARCHER_ORCS,SPRITE_ARCHER_ORCS,SOUND_SELECT1_ARCHER_ORCS,SOUND_MOVE_ARCHER_ORCS,SOUND_ATTACK_ARCHER_ORCS,lotr
124,Archer Elves,0,1,2a,2d,8h,1f,5,lotr:ADVANCE_ARCHERY_ELVES,ICON_UNIT_ARCHER_ELVES,SPRITE_ARCHER_ELVES,SOUND_SELECT1_ARCHER_ELVES,SOUND_MOVE_ARCHER_ELVES,SOUND_ATTACK_ARCHER_ELVES,lotr
126,Composite Archer Orcs,0,1,2a,2d,10h,2f,9,Met,ICON_UNIT_COMPOSITE_ARCHER_ORCS,SPRITE_COMPOSITE_ARCHER_ORCS,SOUND_SELECT1_COMPOSITE_ARCHER_ORCS,SOUND_MOVE_COMPOSITE_ARCHER_ORCS,SOUND_ATTACK_COMPOSITE_ARCHER_ORCS,lotr
127,Composite Archer Elves,0,1,3a,3d,10h,2f,8,lotr:ADVANCE_COMPOSITE_BOW_ELVES,ICON_UNIT_COMPOSITE_ARCHER_ELVES,SPRITE_COMPOSITE_ARCHER_ELVES,SOUND_SELECT1_COMPOSITE_ARCHER_ELVES,SOUND_MOVE_COMPOSITE_ARCHER_ELVES,SOUND_ATTACK_COMPOSITE_ARCHER_ELVES,lotr
129,Crossbowman Elves,0,1,4a,4d,15h,2f,11,lotr:ADVANCE_SIEGE_WEAPONS_ELVES,ICON_UNIT_CROSSBOWMAN_ELVES,SPRITE_CROSSBOWMAN_ELVES,SOUND_SELECT1_CROSSBOWMAN_ELVES,SOUND_MOVE_CROSSBOWMAN_ELVES,SOUND_ATTACK_CROSSBOWMAN_ELVES,lotr
132,Bireme Haradrim,2,5,4a,4d,12h,1f,4,lotr:ADVANCE_SAILS_HARADRIM,ICON_UNIT_BIREME_HARADRIM,SPRITE_BIREME_HARADRIM,SOUND_SELECT1_BIREME_HARADRIM,SOUND_MOVE_BIREME_HARADRIM,SOUND_ATTACK_BIREME_HARADRIM,lotr
148,Plunder,0,1,0a,1d,5h,1f,1,lotr:ADVANCE_HEXTAPUL,ICON_UNIT_PLUNDER,SPRITE_PLUNDER,SOUND_SELECT1_PLUNDER,SOUND_MOVE_PLUNDER,SOUND_ATTACK_PLUNDER,lotr
149,Plunder Ii,0,1,0a,1d,5h,1f,2,lotr:ADVANCE_HEXTAPUL,ICON_UNIT_PLUNDER_II,SPRITE_PLUNDER_II,SOUND_SELECT1_PLUNDER_II,SOUND_MOVE_PLUNDER_II,SOUND_ATTACK_PLUNDER_II,lotr
213,Catamaran,0,1,3a,3d,10h,1f,4,lotr:ADVANCE_HEXTAPUL,ICON_UNIT_CATAMARAN,SPRITE_CATAMARAN,SOUND_SELECT1_CATAMARAN,SOUND_MOVE_CATAMARAN,SOUND_ATTACK_CATAMARAN,lotr
