unit_id,name,cost,sphere,tier,gate_code,gate_advance,source
UNIT_PEASANTS,Peasants,4,starter,,nil,,base
UNIT_ZOMBIES,Zombies,4,death,lore,Rfg,,base
UNIT_SPEARMEN,Spearmen,1,starter,,nil,,base
UNIT_SWORDSMEN,Swordsmen,2,base,,Bro,,base
UNIT_PHANTOM_WARRIORS,Phantom Warriors,3,death,lore,Rfg,,base
UNIT_HELL_HOUNDS,Hell Hounds,6,chaos,adept,Med,,base
UNIT_WARBEARS,Warbears,4,nature,lore,Plu,,base
UNIT_WARLOCK,Warlock,12,sorcery,mage,NP,,base
UNIT_ARIEL,Ariel,4,life,lore,Inv,,base
UNIT_JAFAR,Jafar,6,sorcery,adept,X2,,base
UNIT_RJAK,Rjak,8,death,adept,Rob,,base
UNIT_TAURON,Tauron,5,chaos,adept,Med,,base
UNIT_SERENA,Serena,6,life,adept,Lab,,base
UNIT_FREYA,Freya,4,base,,Mys,,base
UNIT_ALORRA,Alorra,10,life,mage,Las,,base
UNIT_CENTAURS,Centaurs,2,nature,lore,Plu,,base
UNIT_ELVEN_ARCHERS,Elven Archers,3,nature,lore,Plu,,base
UNIT_MAGE,Mage,4,sorcery,lore,The,,base
UNIT_WYVERN,Wyvern,12,chaos,mage,Met,,base
UNIT_KNIGHTS,Knights,4,base,,Chi,,base
UNIT_PALADINS,Paladins,5,life,adept,Lab,,base
UNIT_UNICORN,Unicorn,6,nature,adept,PT,,base
UNIT_IRON_GOLEM,Iron Golem,9,sorcery,mage,NP,,base
UNIT_CATAPULT,Catapult,4,base,,Mat,,base
UNIT_STEAM_CANNON,Steam Cannon,12,base,,X3,,base
UNIT_B6,B6,9,base,,no,,base
UNIT_B3,B3,9,base,,no,,base
UNIT_B9,B9,9,base,,no,,base
UNIT_EFREET,Efreet,9,chaos,mage,Met,,base
UNIT_WRAITH,Wraith,6,death,adept,Rob,,base
UNIT_GRIFFIN,Griffin,6,nature,adept,PT,,base
UNIT_PEGASUS,Pegasus,8,nature,adept,PT,,base
UNIT_GALLEY,Galley,4,base,,Map,,base
UNIT_WARSHIP,Warship,8,base,,Eng,,base
UNIT_HYDRA,Hydra,12,chaos,mage,Met,,base
UNIT_AIRSHIP,Airship,4,base,,X3,,base
UNIT_MINOTAUR,Minotaur,3,chaos,lore,MP,,base
UNIT_WAR_TROLL,War Troll,7,chaos,adept,Med,,base
UNIT_GARGOYLE,Gargoyle,6,chaos,adept,Med,,base
UNIT_GUARDIAN_SPIRIT,Guardian Spirit,4,life,lore,Inv,,base
UNIT_COCKATRICE,Cockatrice,6,nature,adept,PT,,base
UNIT_B7,B7,9,base,,no,,base
UNIT_B8,B8,9,base,,no,,base
UNIT_SALAMANDER,Salamander,10,chaos,mage,Met,,base
UNIT_INFERNAL_DEVICE,Infernal Device,16,chaos,wizard,Min,,base
UNIT_MINION,Minion,3,death,lore,Rfg,,base
UNIT_DEMON,Demon,7,chaos,adept,Med,,base
UNIT_CARAVAN,Caravan,5,base,,Tra,,base
UNIT_B5,B5,9,base,,no,,base
UNIT_B4,B4,9,base,,no,,base
UNIT_WAR_MAMMOTH,War Mammoth,8,nature,adept,PT,,base
UNIT_STORM_GIANT,Storm Giant,9,sorcery,mage,NP,,base
UNIT_AIR_ELEMENTAL,Air Elemental,5,sorcery,adept,X2,,base
UNIT_STORM_DRAKE,Storm Drake,14,sorcery,mage,NP,,base
UNIT_WARRAX,Warrax,12,chaos,mage,Met,,base
UNIT_UNDEAD_DRAGON,Undead Dragon,3,death,master,SE,,base
UNIT_GREAT_WYRM,Great Wyrm,12,nature,mage,Rad,,base
UNIT_BEHEMOTH,Behemoth,9,nature,mage,Rad,,base
UNIT_MALLEUS,Malleus,10,death,mage,SFl,,base
UNIT_MERFOLK,Merfolk,5,sorcery,adept,X2,,base
UNIT_ARCHANGEL,Archangel,12,life,mage,Las,,base
UNIT_SETTLER,Settler,7,starter,,nil,,base
UNIT_HALFLING,Halfling,1,nature,lore,Plu,,homm2
UNIT_PEASANT,Peasant,1,starter,,nil,,homm2
UNIT_WATERAIR_ELEMENTALS,Water/Air Elementals,1,sorcery,lore,The,,homm2
UNIT_NOMAD,Nomad,2,gated,,homm2:ToG,,homm2
UNIT_EARTHFIRE_ELEMENTALS,Earth/Fire Elementals,3,chaos,lore,MP,,homm2
UNIT_GHOST,Ghost,4,death,lore,Rfg,,homm2
UNIT_SKELETON,Skeleton,1,death,lore,Rfg,,homm2
UNIT_CENTAUR,Centaur,1,nature,lore,Plu,,homm2
UNIT_MEDUSA,Medusa,5,chaos,adept,Med,,homm2
UNIT_FAERIE_SPRITE,Faerie Sprite,1,nature,lore,Plu,,homm2
UNIT_GOBLIN,Goblin,1,chaos,lore,MP,,homm2
UNIT_DWARF,Dwarf,2,nature,lore,Plu,,homm2
UNIT_RED_DRAGON,Red Dragon,99,chaos,master,Mob,,homm2
UNIT_GREEN_DRAGON,Green Dragon,99,chaos,master,Mob,,homm2
UNIT_ARCHER,Archer,2,gated,,homm2:ToG,,homm2
UNIT_SIEGE_CATAPULT,Siege Catapult,4,gated,,homm2:Ato,,homm2
UNIT_GENIE,Genie,7,sorcery,adept,X2,,homm2
UNIT_ORC,Orc,2,chaos,lore,MP,,homm2
UNIT_ELF,Elf,3,nature,lore,Plu,,homm2
UNIT_BOAR,Boar,2,nature,lore,Plu,,homm2
UNIT_WOLF,Wolf,3,nature,lore,Plu,,homm2
UNIT_GOLEM,Golem,3,sorcery,lore,The,,homm2
UNIT_PIKEMAN,Pikeman,3,gated,,homm2:Ast,,homm2
UNIT_BOAT,Boat,4,starter,,homm2:Sea,,homm2
UNIT_SHIP,Ship,5,gated,,homm2:NP,,homm2
UNIT_TRADE_CART,Trade Cart,5,gated,,homm2:Tra,,homm2
UNIT_ROGUE_THIEF,Rogue Thief,3,gated,,homm2:Wri,,homm2
UNIT_MAGIC_ARROW,Magic Arrow,5,gated,,homm2:Whe,,homm2
UNIT_LIGHTNING_BOLT,Lightning Bolt,6,gated,,homm2:Amp,,homm2
UNIT_ARMAGEDDON_FIRE_BLAST,Armageddon Fire Blast,16,chaos,wizard,Min,,homm2
UNIT_OGRE,Ogre,4,chaos,lore,MP,,homm2
UNIT_ROC,Roc,4,gated,,homm2:Plu,,homm2
UNIT_SWORDSMAN,Swordsman,4,gated,,homm2:Plu,,homm2
UNIT_ZOMBIE,Zombie,2,death,lore,Rfg,,homm2
UNIT_MUMMY,Mummy,3,death,lore,Rfg,,homm2
UNIT_VAMPIRE,Vampire,4,death,lore,Rfg,,homm2
UNIT_DRUID,Druid,4,gated,,homm2:Plu,,homm2
UNIT_TROLL,Troll,5,chaos,adept,Med,,homm2
UNIT_LICH,Lich,5,death,adept,Rob,,homm2
UNIT_CAVALRY,Cavalry,5,gated,,homm2:Stl,,homm2
UNIT_BONE_DRAGON,Bone Dragon,8,death,master,SE,,homm2
UNIT_BLACK_DRAGON,Black Dragon,10,chaos,master,Mob,,homm2
UNIT_CRUSADER,Crusader,7,life,adept,Lab,,homm2
UNIT_PHOENIX,Phoenix,8,gated,,homm2:NF,,homm2
UNIT_CYCLOPS,Cyclops,7,chaos,adept,Med,,homm2
UNIT_TITAN,Titan,10,gated,,homm2:NF,,homm2
UNIT_SETTLERS,Settlers,4,starter,,nil,,midgard
UNIT_SORCERER,Sorcerer,4,chaos,lore,MP,,midgard
UNIT_H_WARRIORS,H. Warriors,1,chaos,lore,MP,,midgard
UNIT_MERMEN,Mermen,1,sorcery,lore,The,,midgard
UNIT_HAWKMEN,Hawkmen,1,nature,lore,Plu,,midgard
UNIT_ELF_WARRIORS,Elf Warriors,2,nature,lore,Plu,,midgard
UNIT_INFIDELS,Infidels,1,chaos,lore,MP,,midgard
UNIT_GOBLINS,Goblins,1,chaos,lore,MP,,midgard
UNIT_DWARVES,Dwarves,2,nature,lore,Plu,,midgard
UNIT_ELF_ARCHERS,Elf Archers,3,nature,lore,Plu,,midgard
UNIT_TROLLS,Trolls,2,chaos,lore,MP,,midgard
UNIT_HOUSECARLS,Housecarls,3,gated_neutral,lore,War,,midgard
UNIT_MERGUARDS,Merguards,3,sorcery,lore,The,,midgard
UNIT_EAGLEMEN,Eaglemen,2,nature,lore,Plu,,midgard
UNIT_BERSERKERS,Berserkers,3,chaos,lore,MP,,midgard
UNIT_I_HORSEMEN,I. Horsemen,4,gated,,midgard:Chi,,midgard
UNIT_ELF_RIDERS,Elf Riders,4,nature,lore,Plu,,midgard
UNIT_NIGHT_RIDERS,Night Riders,4,gated,,midgard:Chi,,midgard
UNIT_RANGERS,Rangers,4,nature,lore,Plu,,midgard
UNIT_GOLDEN_HORDE,Golden Horde,5,gated,,midgard:Tac,,midgard
UNIT_GIANT_OTTERINE,Giant Otterine,4,nature,lore,Plu,,midgard
UNIT_CRAG_WOLVES,Crag Wolves,3,gated,,midgard:Feu,,midgard
UNIT_ICE_DRAKE,Ice Drake,13,gated,,midgard:Cmn,,midgard
UNIT_TREEFOLK,Treefolk,8,nature,adept,PT,,midgard
UNIT_SIEGE_ENGINE,Siege Engine,5,gated,,midgard:Eng,,midgard
UNIT_BOMBARD,Bombard,6,gated,,midgard:Exp,,midgard
UNIT_GREAT_BATS,Great Bats,5,gated,,midgard:Ato,,midgard
UNIT_WITCHES,Witches,6,death,adept,Rob,,midgard
UNIT_GREAT_WIZARD,Great Wizard,10,sorcery,mage,NP,,midgard
UNIT_ELLIDA,Ellida,10,gated,,midgard:Fli,,midgard
UNIT_SKIDBLADNIR,Skidbladnir,9,gated,,midgard:Fli,,midgard
UNIT_LONGBOAT,Longboat,4,gated,,midgard:Map,,midgard
UNIT_DRAGON_BOAT,Dragon Boat,4,chaos,master,Mob,,midgard
UNIT_OLD_MAN,Old Man,8,gated,,midgard:E2,,midgard
UNIT_SHIELD_BOAT,Shield Boat,6,gated,,midgard:SE,,midgard
UNIT_UNSPEAKABLE_HORROR,Unspeakable Horror,6,chaos,adept,Med,,midgard
UNIT_ENCH_PALADINS,Ench. Paladins,5,life,adept,Lab,,midgard
UNIT_CHANGELING,Changeling,5,life,adept,Lab,,midgard
UNIT_ENCH_GIANT,Ench. Giant,5,gated,,midgard:Tac,,midgard
UNIT_ENCH_OGRE,Ench. Ogre,5,chaos,adept,Med,,midgard
UNIT_GREAT_EAGLES,Great Eagles,3,nature,lore,Plu,,midgard
UNIT_FELL_WRAITH,Fell Wraith,5,death,adept,Rob,,midgard
UNIT_TREE_GUARDS,Tree Guards,5,nature,adept,PT,,midgard
UNIT_FIREBALL,Fireball,16,chaos,wizard,Min,,midgard
UNIT_ENVOY,Envoy,3,starter,,midgard:Wri,,midgard
UNIT_SPY,Spy,3,gated,,midgard:Esp,,midgard
UNIT_TRITON_LEGION,Triton Legion,5,sorcery,adept,X2,,midgard
UNIT_JACK_OLANTERN,Jack O'Lantern,3,gated,,midgard:Sea,,midgard
UNIT_SKELETONS,Skeletons,2,death,lore,Rfg,,midgard
UNIT_BARROW_WIGHTS,Barrow Wights,2,death,lore,Rfg,,midgard
UNIT_PORPOISE_POD,Porpoise Pod,1,sorcery,lore,The,,midgard
UNIT_BABA_YAGA,Baba Yaga,10,death,mage,SFl,,midgard
UNIT_FROST_GIANT,Frost Giant,9,gated,,midgard:Mob,,midgard
UNIT_GIANT_SPIDER,Giant Spider,8,nature,adept,PT,,midgard
UNIT_KRAKEN,Kraken,12,chaos,mage,Met,,midgard
UNIT_DRAGON,Dragon,16,chaos,master,Mob,,midgard
UNIT_JORMUNGANDS_SPIT,Jormungand's Spit,18,gated,,midgard:U1,,midgard
UNIT_NECROMANCER,Necromancer,7,death,adept,Rob,,midgard
UNIT_ENGINEERS,Engineers,4,gated_neutral,lore,War,,crusades
UNIT_LIGHT_INFANTRY,Light Infantry,2,gated,,crusades:Bro,,crusades
UNIT_ARCHERS,Archers,3,gated_neutral,lore,War,,crusades
UNIT_LEGION,Legion,4,gated_neutral,lore,War,,crusades
UNIT_HEAVY_INFANTRY,Heavy Infantry,3,gated,,crusades:Feu,,crusades
UNIT_FANATICS,Fanatics,2,chaos,lore,MP,,crusades
UNIT_PARTISANS,Partisans,5,gated_neutral,adept,Bro,,crusades
UNIT_MAMLUKS,Mamluks,4,gated,,crusades:Ast,,crusades
UNIT_HEAVY_CAVALRY,Heavy Cavalry,4,gated,,crusades:Whe,,crusades
UNIT_VARANG_GUARD,Varang. Guard,5,gated,,crusades:Che,,crusades
UNIT_CRUSADERS,Crusaders,5,life,adept,Lab,,crusades
UNIT_ASCARIS,Ascaris,4,gated,,crusades:Fun,,crusades
UNIT_TURCOPOLES,Turcopoles,3,gated,,crusades:Bro,,crusades
UNIT_TRIREME,Trireme,4,gated,,crusades:Map,,crusades
UNIT_CARAVEL,Caravel,4,gated,,crusades:Nav,,crusades
UNIT_GALLEON,Galleon,4,sorcery,lore,The,,crusades
UNIT_FRIGATE,Frigate,5,sorcery,adept,X2,,crusades
UNIT_IRONCLAD,Ironclad,6,sorcery,adept,X2,,crusades
UNIT_TRANSPORT,Transport,5,sorcery,adept,X2,,crusades
UNIT_EXPLORER,Explorer,3,gated_neutral,lore,War,,crusades
UNIT_ASSASSIN,Assassin,5,gated,,crusades:Mys,,crusades
UNIT_KNIGHTS_TEMPLAR,Knights Templar,5,life,adept,Lab,,crusades
UNIT_KNIGHTS_HOSP,Knights Hosp.,5,gated,,crusades:U2,,crusades
UNIT_HURRICANE,Hurricane,11,gated,,cradle:ADVANCE_SUBNEURAL_ADS,,cradle
UNIT_ABOLITIONIST,Abolitionist,5,gated,,cradle:ADVANCE_CLASSICAL_EDUCATION,,cradle
UNIT_AMBASSADOR,Ambassador,6,gated,,cradle:ADVANCE_AGE_OF_REASON,,cradle
UNIT_ARQUEBUSIER,Arquebusier,8,gated,,cradle:ADVANCE_GUNPOWDER,,cradle
UNIT_ELITE_ARQUEBUSIER,Elite Arquebusier,8,gated,,cradle:ADVANCE_HEXTAPUL,,cradle
UNIT_BALLISTA,Ballista,6,gated,,cradle:ADVANCE_BALLISTICS,,cradle
UNIT_BERZERKER,Berzerker,2,gated,,cradle:ADVANCE_AGRICULTURE,,cradle
UNIT_BIREME,Bireme,3,gated,,cradle:ADVANCE_OUTRIGGER,,cradle
UNIT_BRIGADIER,Brigadier,10,gated,,cradle:ADVANCE_HEXTAPUL,,cradle
UNIT_CAMEL,Camel,10,gated,,cradle:ADVANCE_SUBNEURAL_ADS,,cradle
UNIT_CATAPHRACT,Cataphract,8,gated,,cradle:ADVANCE_STIRRUP,,cradle
UNIT_CHARIOT,Chariot,3,gated,,cradle:ADVANCE_CHARIOTS,,cradle
UNIT_CLERIC,Cleric,14,life,mage,Las,,cradle
UNIT_CLUB_WARRIOR,Club Warrior,1,starter,,cradle:ADVANCE_AGRICULTURE,,cradle
UNIT_ELITE_CLUB_WARRIOR,Elite Club Warrior,1,gated,,cradle:ADVANCE_HEXTAPUL,,cradle
UNIT_COG,Cog,6,gated,,cradle:ADVANCE_COMPASS,,cradle
UNIT_COLONEL,Colonel,10,gated,,cradle:ADVANCE_HEXTAPUL,,cradle
UNIT_COMPOSITE_ARCHER,Composite Archer,6,gated,,cradle:ADVANCE_COMPOSITE_BOW,,cradle
UNIT_CRAWLER,Crawler,45,gated,,cradle:ADVANCE_ULTRAPRESSURE_MACHINERY,,cradle
UNIT_CROSSBOWMAN,Crossbowman,7,gated,,cradle:ADVANCE_CROSSBOW,,cradle
UNIT_DINOSAUR,Dinosaur,2,gated,,cradle:ADVANCE_HEXTAPUL,,cradle
UNIT_DIPLOMAT,Diplomat,3,gated,,cradle:ADVANCE_DYNASTY,,cradle
UNIT_DROMON,Dromon,7,gated,,cradle:ADVANCE_GREEK_FIRE,,cradle
UNIT_EARLY_GALLEY,Early Galley,2,sorcery,lore,The,,cradle
UNIT_WAR_ELEPHANT,War Elephant,5,gated,,cradle:ADVANCE_OLIGARCHY,,cradle
UNIT_EMISSARY,Emissary,1,starter,,cradle:ADVANCE_EXPLORATION,,cradle
UNIT_EMPATHIC_DIPLOMAT,Empathic Diplomat,17,gated,,cradle:ADVANCE_EUGENICS,,cradle
UNIT_GREAT_GENERAL,Great General,15,gated,,cradle:ADVANCE_HEXTAPUL,,cradle
UNIT_GREAT_KING,Great King,10,gated,,cradle:ADVANCE_HEXTAPUL,,cradle
UNIT_HALBERDIER,Halberdier,6,gated,,cradle:ADVANCE_GUNPOWDER,,cradle
UNIT_ELITE_HALBERDIER,Elite Halberdier,6,gated,,cradle:ADVANCE_HEXTAPUL,,cradle
UNIT_HERO,Hero,10,gated,,cradle:ADVANCE_HEXTAPUL,,cradle
UNIT_HIRED_THUG,Hired Thug,18,gated,,cradle:ADVANCE_CITY_STATE,,cradle
UNIT_HOPLITE,Hoplite,2,gated,,cradle:ADVANCE_BRONZE_WORKING,,cradle
UNIT_ELITE_HOPLITE,Elite Hoplite,2,gated,,cradle:ADVANCE_HEXTAPUL,,cradle
UNIT_HOPLITE_MILITIA,Hoplite Militia,2,starter,,cradle:ADVANCE_HEXTAPUL,,cradle
UNIT_HORSEMAN,Horseman,6,gated,,cradle:ADVANCE_HORSE_ARMOR,,cradle
UNIT_ELITE_HOVER_INFANTRY,Elite Hover Infantry,28,gated,,cradle:ADVANCE_HEXTAPUL,,cradle
UNIT_HOVER_INFANTRY_MILITIA,Hover Infantry Militia,28,gated,,cradle:ADVANCE_HEXTAPUL,,cradle
UNIT_HYPASPISTS,Hypaspists,4,gated,,cradle:ADVANCE_BARRACKS,,cradle
UNIT_ELITE_HYPASPIST,Elite Hypaspist,4,gated,,cradle:ADVANCE_HEXTAPUL,,cradle
UNIT_INFANTRYMAN,Infantryman,11,gated,,cradle:ADVANCE_FLINTLOCK,,cradle
UNIT_ELITE_INFANTRY,Elite Infantry,11,gated,,cradle:ADVANCE_HEXTAPUL,,cradle
UNIT_INFANTRYMAN_MILITIA,Infantryman Militia,11,gated,,cradle:ADVANCE_HEXTAPUL,,cradle
UNIT_INFECTOR,Infector,35,gated,,cradle:ADVANCE_BIO_WARFARE,,cradle
UNIT_JANISSARY,Janissary,6,gated,,cradle:ADVANCE_CALIPHATE,,cradle
UNIT_JAVELIN_CAVALRY,Javelin Cavalry,2,gated,,cradle:ADVANCE_HORSE_RIDING,,cradle
UNIT_KINGS_EYE,King's Eye,13,gated,,cradle:ADVANCE_FEUDALISM,,cradle
UNIT_KNIGHT,Knight,9,gated,,cradle:ADVANCE_CHIVALRY,,cradle
UNIT_LEGAL_TEAM,Legal Team,19,gated,,cradle:ADVANCE_LEGAL_SYSTEM,,cradle
UNIT_ELITE_LEGION,Elite Legion,5,gated,,cradle:ADVANCE_HEXTAPUL,,cradle
UNIT_LEGION_MILITIA,Legion Militia,5,gated,,cradle:ADVANCE_HEXTAPUL,,cradle
UNIT_LONGSHIP,Longship,5,gated,,cradle:ADVANCE_OCEAN_FARING,,cradle
UNIT_MAN_AT_ARMS,Man at Arms,6,gated,,cradle:ADVANCE_FEUDALISM,,cradle
UNIT_ELITE_MAN_AT_ARMS,Elite Man at Arms,6,gated,,cradle:ADVANCE_HEXTAPUL,,cradle
UNIT_ELITE_MARINE,Elite Marine,17,gated,,cradle:ADVANCE_HEXTAPUL,,cradle
UNIT_MERCHANT_TRADER,Merchant Trader,8,gated,,cradle:ADVANCE_TRADE_GUILDS,,cradle
UNIT_MOUNTED_ARCHER,Mounted Archer,5,gated,,cradle:ADVANCE_MOBILE_TACTICS,,cradle
UNIT_ONAGER,Onager,8,gated,,cradle:ADVANCE_SIEGE_WEAPONS,,cradle
UNIT_ORGANIZER,Organizer,10,gated,,cradle:ADVANCE_ECO_RELIGION,,cradle
UNIT_PATRIARCH,Patriarch,15,gated,,cradle:ADVANCE_HEXTAPUL,,cradle
UNIT_PEZHETAIROI,Pezhetairoi,5,gated,,cradle:ADVANCE_OLIGARCHY,,cradle
UNIT_ELITE_PIKEMAN,Elite Pikeman,5,gated,,cradle:ADVANCE_HEXTAPUL,,cradle
UNIT_PIKEMAN_MILITIA,Pikeman Militia,5,gated,,cradle:ADVANCE_HEXTAPUL,,cradle
UNIT_PLUNDER_I,Plunder I,1,gated,,cradle:ADVANCE_HEXTAPUL,,cradle
UNIT_PLUNDER_II___CAPTIVES,Plunder II - Captives,2,gated,,cradle:ADVANCE_HEXTAPUL,,cradle
UNIT_PLUNDER_III,Plunder III,4,gated,,cradle:ADVANCE_HEXTAPUL,,cradle
UNIT_PLUNDER_IV,Plunder IV,6,gated,,cradle:ADVANCE_HEXTAPUL,,cradle
UNIT_PRAETORIAN,Praetorian,6,gated,,cradle:ADVANCE_DICTATORSHIP,,cradle
UNIT_PROPHET,Prophet,5,life,adept,Lab,,cradle
UNIT_QUINQUEREME,Quinquereme,6,gated,,cradle:ADVANCE_HULL_MAKING,,cradle
UNIT_RAIDER,Raider,9,gated,,cradle:ADVANCE_STIRRUP,,cradle
UNIT_REED_BOAT,Reed Boat,1,starter,,cradle:ADVANCE_SHIP_BUILDING,,cradle
UNIT_SCOUT_SUB,Scout Sub,28,gated,,cradle:ADVANCE_LIQUID_BREATHING_APPARATUS,,cradle
UNIT_SETTLERCOLONIST,Settler/Colonist,20,gated,,cradle:ADVANCE_TRIBUNAL_EMPIRE,,cradle
UNIT_SHIP_OF_THE_LINE,Ship of the Line,14,gated,,cradle:ADVANCE_NAVAL_TACTICS,,cradle
UNIT_SLAVER,Slaver,4,gated,,cradle:ADVANCE_SLAVE_LABOR,,cradle
UNIT_SLAVE_TRADER,Slave Trader,6,gated,,cradle:ADVANCE_CLASSICAL_EDUCATION,,cradle
UNIT_SLINGER,Slinger,2,starter,,cradle:ADVANCE_PROJECTILE_WEAPONS,,cradle
UNIT_SPEARMAN,Spearman,1,starter,,cradle:ADVANCE_TOOLMAKING,,cradle
UNIT_ELITE_SPEARMAN,Elite Spearman,1,gated,,cradle:ADVANCE_HEXTAPUL,,cradle
UNIT_SPEARMAN_MILITIA,Spearman Militia,1,starter,,cradle:ADVANCE_HEXTAPUL,,cradle
UNIT_TEUTONIC_KNIGHT,Teutonic Knight,6,gated,,cradle:ADVANCE_THEOLOGY,,cradle
UNIT_TREBUCHET,Trebuchet,9,gated,,cradle:ADVANCE_GREEK_FIRE,,cradle
UNIT_ALEXANDER_THE_GREAT,Alexander the Great,10,gated,,cradle:ADVANCE_HEXTAPUL,,cradle
UNIT_GENGHIS,Genghis,10,gated,,cradle:ADVANCE_HEXTAPUL,,cradle
UNIT_SARGON,Sargon,10,gated,,cradle:ADVANCE_HEXTAPUL,,cradle
UNIT_HANNIBAL,Hannibal,10,gated,,cradle:ADVANCE_HEXTAPUL,,cradle
UNIT_CAESAR,Caesar,10,gated,,cradle:ADVANCE_HEXTAPUL,,cradle
UNIT_ATTILA,Attila,10,gated,,cradle:ADVANCE_HEXTAPUL,,cradle
UNIT_SALADIN,Saladin,10,gated,,cradle:ADVANCE_HEXTAPUL,,cradle
UNIT_CHARLEMAGNE,Charlemagne,10,gated,,cradle:ADVANCE_HEXTAPUL,,cradle
UNIT_HERNAN_CORTES,Hernan Cortes,10,gated,,cradle:ADVANCE_HEXTAPUL,,cradle
UNIT_ULYSSES_GRANT,Ulysses Grant,10,gated,,cradle:ADVANCE_HEXTAPUL,,cradle
UNIT_GILGAMESH,Gilgamesh,10,gated,,cradle:ADVANCE_HEXTAPUL,,cradle
UNIT_FIELD_MARSHALL,Field Marshall,10,gated,,cradle:ADVANCE_HEXTAPUL,,cradle
UNIT_GENERAL,General,10,gated,,cradle:ADVANCE_HEXTAPUL,,cradle
UNIT_NORMAN_SCHWARZKOPF,Norman Schwarzkopf,10,gated,,cradle:ADVANCE_HEXTAPUL,,cradle
UNIT_DAVID,David,10,gated,,cradle:ADVANCE_HEXTAPUL,,cradle
UNIT_HAMMURABI,Hammurabi,10,gated,,cradle:ADVANCE_HEXTAPUL,,cradle
UNIT_KHALID_IBN_AL_WALID,Khalid ibn al-Walid,10,gated,,cradle:ADVANCE_HEXTAPUL,,cradle
UNIT_KHUFU,Khufu,10,gated,,cradle:ADVANCE_HEXTAPUL,,cradle
UNIT_LEONIDAS,Leonidas,10,gated,,cradle:ADVANCE_HEXTAPUL,,cradle
UNIT_MARIUS,Marius,10,gated,,cradle:ADVANCE_HEXTAPUL,,cradle
UNIT_NEBUCHADNEZZAR,Nebuchadnezzar,10,gated,,cradle:ADVANCE_HEXTAPUL,,cradle
UNIT_PACAL,Pacal,10,gated,,cradle:ADVANCE_HEXTAPUL,,cradle
UNIT_RAMESSES,Ramesses,10,gated,,cradle:ADVANCE_HEXTAPUL,,cradle
UNIT_SPARTACUS,Spartacus,10,gated,,cradle:ADVANCE_HEXTAPUL,,cradle
UNIT_SUN_TZU,Sun Tzu,10,gated,,cradle:ADVANCE_HEXTAPUL,,cradle
UNIT_MAN_AT_ARMS_MILITIA,Man At Arms Militia,6,gated,,aom:ADVANCE_HEXTAPUL,,aom
UNIT_ADVANCED_WARRIOR,Advanced Warrior,2,gated,,aom:ADVANCE_TRIBES,,aom
UNIT_AT_GUN,At Gun,18,gated,,aom:ADVANCE_MILITARY_TRADITION,,aom
UNIT_AUXILLIARY_LEGION,Auxilliary Legion,5,gated,,aom:ADVANCE_IRON_WORKING,,aom
UNIT_BELFROI,Belfroi,5,nature,adept,PT,,aom
UNIT_CARRACK,Carrack,9,gated,,aom:ADVANCE_OCEAN_FARING,,aom
UNIT_CHARIOT_ARCHER,Chariot Archer,4,gated,,aom:ADVANCE_ARISTOCRACY,,aom
UNIT_CONSCRIPT_LEGION,Conscript Legion,3,gated,,aom:ADVANCE_IRON_WORKING,,aom
UNIT_CONSCRIPT_SWORDSMAN,Conscript Swordsman,1,gated,,aom:ADVANCE_COPPER_SMELTING,,aom
UNIT_CORACLE,Coracle,1,starter,,aom:ADVANCE_SHIP_BUILDING,,aom
UNIT_EAGLE_ARCHER,Eagle Archer,6,nature,adept,PT,,aom
UNIT_EAGLE_WARRIOR,Eagle Warrior,6,nature,adept,PT,,aom
UNIT_ELEPHANT_WARRIOR,Elephant Warrior,4,gated,,aom:ADVANCE_OLIGARCHY,,aom
UNIT_FEUDAL_CAVALRY,Feudal Cavalry,9,gated,,aom:ADVANCE_CHIVALRY,,aom
UNIT_FEUDAL_INFANTRY,Feudal Infantry,5,gated,,aom:ADVANCE_DARK_AGES,,aom
UNIT_HEAVY_SPEARMAN,Heavy Spearman,2,gated,,aom:ADVANCE_PLOUGH,,aom
UNIT_HEAVY_SWORDSMAN,Heavy Swordsman,2,gated,,aom:ADVANCE_COPPER_SMELTING,,aom
UNIT_HEPTIREME,Heptireme,6,gated,,aom:ADVANCE_HULL_MAKING,,aom
UNIT_HUN_RAIDER,Hun Raider,7,gated,,aom:ADVANCE_MIGRATION,,aom
UNIT_IMPERIAL_ENVOY,Imperial Envoy,7,chaos,adept,Med,,aom
UNIT_JAVELINEER,Javelineer,2,gated,,aom:ADVANCE_BRICK_MAKING,,aom
UNIT_KNIGHT_TEMPLAR,Knight Templar,9,life,mage,Las,,aom
UNIT_LONGBOW,Longbow,9,gated,,aom:ADVANCE_YEOMANRY,,aom
UNIT_MAMELUKE,Mameluke,10,gated,,aom:ADVANCE_CALIPHATE,,aom
UNIT_MECHANISED_INFANTRY,Mechanised Infantry,27,gated,,aom:ADVANCE_FIBRE_OPTICS,,aom
UNIT_MEDIEVAL_INFANTRY,Medieval Infantry,7,gated,,aom:ADVANCE_IRON_CASTING,,aom
UNIT_MIGRANT,Migrant,1,starter,,aom:ADVANCE_DYNASTY,,aom
UNIT_PEZHETEROI,Pezheteroi,3,gated,,aom:ADVANCE_REPUBLIC,,aom
UNIT_PHALANX,Phalanx,3,gated,,aom:ADVANCE_CITIZENSHIP,,aom
UNIT_PIKEMEN,Pikemen,3,gated,,aom:ADVANCE_FEUDALISM,,aom
UNIT_PELTAST,Peltast,3,gated,,aom:ADVANCE_METAL_WORKING,,aom
UNIT_PRAETORIANS,Praetorians,6,gated,,aom:ADVANCE_DICTATORSHIP,,aom
UNIT_PRINCESS,Princess,7,gated,,aom:ADVANCE_DYNASTY,,aom
UNIT_SAPHIA,Saphia,10,gated,,aom:ADVANCE_SULTANATE,,aom
UNIT_SAMURAI,Samurai,9,gated,,aom:ADVANCE_DYNASTIC_EMPIRE,,aom
UNIT_SLAVEMASTER,Slavemaster,7,gated,,aom:ADVANCE_COPPER_SMELTING,,aom
UNIT_SUPPLY_TRAIN,Supply Train,10,gated,,aom:ADVANCE_PAPER,,aom
UNIT_TIGER,Tiger,29,gated,,aom:ADVANCE_BLITZKRIEG,,aom
UNIT_WARRIOR,Warrior,1,starter,,aom:ADVANCE_TOOLMAKING,,aom
UNIT_BARON,Baron,9,gated,,aom:ADVANCE_HEXTAPUL,,aom
UNIT_MARSHALL,Marshall,15,gated,,aom:ADVANCE_HEXTAPUL,,aom
UNIT_TRIBAL_LEADER,Tribal Leader,2,starter,,aom:ADVANCE_HEXTAPUL,,aom
UNIT_TARKAN,Tarkan,8,gated,,aom:ADVANCE_HEXTAPUL,,aom
UNIT_KESHIK,Keshik,9,gated,,aom:ADVANCE_HEXTAPUL,,aom
UNIT_RAMSES,Ramses,8,gated,,aom:ADVANCE_HEXTAPUL,,aom
UNIT_NEBUCHADNEZZER,Nebuchadnezzer,13,gated,,aom:ADVANCE_HEXTAPUL,,aom
UNIT_CHARLEMANGE,Charlemange,16,gated,,aom:ADVANCE_HEXTAPUL,,aom
UNIT_GUSTAVAS_ADOLPHUS,Gustavas Adolphus,20,gated,,aom:ADVANCE_HEXTAPUL,,aom
UNIT_WILLIAM_PITT,William Pitt,20,gated,,aom:ADVANCE_HEXTAPUL,,aom
UNIT_NAPOLEON,Napoleon,20,gated,,aom:ADVANCE_HEXTAPUL,,aom
UNIT_TOKUGAWA,Tokugawa,20,gated,,aom:ADVANCE_HEXTAPUL,,aom
UNIT_HERACLIUS,Heraclius,16,gated,,aom:ADVANCE_HEXTAPUL,,aom
UNIT_BARBAROSSA,Barbarossa,16,gated,,aom:ADVANCE_HEXTAPUL,,aom
UNIT_MONTEZUMA,Montezuma,16,gated,,aom:ADVANCE_HEXTAPUL,,aom
UNIT_WILLIAM_THE_CONQUEROR,William The Conqueror,16,gated,,aom:ADVANCE_HEXTAPUL,,aom
UNIT_GENGHIS_KHAN,Genghis Khan,13,gated,,aom:ADVANCE_HEXTAPUL,,aom
UNIT_SOLIMAN_THE_MAGNIFICENT,Soliman The Magnificent,16,gated,,aom:ADVANCE_HEXTAPUL,,aom
UNIT_TUTHMOSIS_III,Tuthmosis Iii,6,gated,,aom:ADVANCE_HEXTAPUL,,aom
UNIT_EPAMINONDAS,Epaminondas,6,gated,,aom:ADVANCE_HEXTAPUL,,aom
UNIT_VERCINGETORIX,Vercingetorix,6,gated,,aom:ADVANCE_HEXTAPUL,,aom
UNIT_SCIPIO_AFRICANUS,Scipio Africanus,6,gated,,aom:ADVANCE_HEXTAPUL,,aom
UNIT_BELISARIUS,Belisarius,10,gated,,aom:ADVANCE_HEXTAPUL,,aom
UNIT_LEIV_ERIKSON,Leiv Erikson,10,gated,,aom:ADVANCE_HEXTAPUL,,aom
UNIT_WU_TI,Wu Ti,10,gated,,aom:ADVANCE_HEXTAPUL,,aom
UNIT_CHARLES_MARTEL,Charles Martel,10,gated,,aom:ADVANCE_HEXTAPUL,,aom
UNIT_EL_CID,El Cid,10,gated,,aom:ADVANCE_HEXTAPUL,,aom
UNIT_BOHEMUND,Bohemund,10,gated,,aom:ADVANCE_HEXTAPUL,,aom
UNIT_DE_LA_VALETTE,De La Valette,10,gated,,aom:ADVANCE_HEXTAPUL,,aom
UNIT_RICHARD_THE_LIONHEART,Richard The Lionheart,10,gated,,aom:ADVANCE_HEXTAPUL,,aom
UNIT_ALP_ARSLAN,Alp Arslan,10,gated,,aom:ADVANCE_HEXTAPUL,,aom
UNIT_JAN_ZISKA,Jan Ziska,13,gated,,aom:ADVANCE_HEXTAPUL,,aom
UNIT_GONSALVO,Gonsalvo,13,gated,,aom:ADVANCE_HEXTAPUL,,aom
UNIT_MARLBOROUGH,Marlborough,13,gated,,aom:ADVANCE_HEXTAPUL,,aom
UNIT_WELLINGTON,Wellington,13,gated,,aom:ADVANCE_HEXTAPUL,,aom
UNIT_DAVOUT,Davout,13,gated,,aom:ADVANCE_HEXTAPUL,,aom
UNIT_DAVEY_CROCKET,Davey Crocket,13,gated,,aom:ADVANCE_HEXTAPUL,,aom
UNIT_OYAMA,Oyama,13,gated,,aom:ADVANCE_HEXTAPUL,,aom
UNIT_LUDENDORF,Ludendorf,19,gated,,aom:ADVANCE_HEXTAPUL,,aom
UNIT_ROMMEL,Rommel,19,gated,,aom:ADVANCE_HEXTAPUL,,aom
UNIT_PATTON,Patton,19,gated,,aom:ADVANCE_HEXTAPUL,,aom
UNIT_MACARTHUR,Macarthur,19,gated,,aom:ADVANCE_HEXTAPUL,,aom
UNIT_MOSHE_DAYAN,Moshe Dayan,19,gated,,aom:ADVANCE_HEXTAPUL,,aom
UNIT_KING,King,10,gated,,aom:ADVANCE_DYNASTY,,aom
UNIT_TOWN_WATCH,Town Watch,1,starter,,aom:ADVANCE_HEXTAPUL,,aom
UNIT_ELITE_ADVANCED_WARRIOR,Elite Advanced Warrior,2,gated,,aom:ADVANCE_TRIBES,,aom
UNIT_ELITE_HEAVY_SWORDSMAN,Elite Heavy Swordsman,2,gated,,aom:ADVANCE_COPPER_SMELTING,,aom
UNIT_ELITE_PHALANX,Elite Phalanx,3,gated,,aom:ADVANCE_CITIZENSHIP,,aom
UNIT_ELITE_PELTAST,Elite Peltast,3,gated,,aom:ADVANCE_METAL_WORKING,,aom
UNIT_ELITE_AUXILLIARY_LEGION,Elite Auxilliary Legion,5,gated,,aom:ADVANCE_IRON_WORKING,,aom
UNIT_ELITE_JAVELIN_CAVALRY,Elite Javelin Cavalry,2,gated,,aom:ADVANCE_HORSE_RIDING,,aom
UNIT_ELITE_CHARIOT,Elite Chariot,3,gated,,aom:ADVANCE_CHARIOTS,,aom
UNIT_ELITE_CHARIOT_ARCHER,Elite Chariot Archer,4,gated,,aom:ADVANCE_ARISTOCRACY,,aom
UNIT_ELITE_ARCHER,Elite Archer,4,gated,,aom:ADVANCE_ARCHERY,,aom
UNIT_ELITE_COMPOSITE_ARCHER,Elite Composite Archer,5,gated,,aom:ADVANCE_COMPOSITE_BOW,,aom
UNIT_ELITE_GALLEY,Elite Galley,3,sorcery,lore,The,,aom
UNIT_ELITE_TRIREME,Elite Trireme,4,gated,,aom:ADVANCE_ALCHEMY,,aom
UNIT_ELITE_HORSEMAN,Elite Horseman,6,gated,,aom:ADVANCE_HORSE_ARMOR,,aom
UNIT_ELITE_HEAVY_CAVALRY,Elite Heavy Cavalry,7,gated,,aom:ADVANCE_ANIMAL_HUSBANDRY,,aom
UNIT_ELITE_CATAPULT,Elite Catapult,8,gated,,aom:ADVANCE_SIEGE_WEAPONS,,aom
UNIT_ELITE_CATAPHRACT,Elite Cataphract,8,gated,,aom:ADVANCE_STIRRUP,,aom
UNIT_ELITE_BELFROI,Elite Belfroi,5,nature,adept,PT,,aom
UNIT_ELITE_TREBUCHET,Elite Trebuchet,10,gated,,aom:ADVANCE_GREEK_FIRE,,aom
UNIT_ELITE_KNIGHT,Elite Knight,9,gated,,aom:ADVANCE_PLATE_ARMOUR,,aom
UNIT_ELITE_PIKEMEN,Elite Pikemen,7,gated,,aom:ADVANCE_BANKING,,aom
UNIT_ELITE_CROSSBOWMAN,Elite Crossbowman,8,gated,,aom:ADVANCE_CROSSBOW,,aom
UNIT_ELITE_PRAETORIANS,Elite Praetorians,6,gated,,aom:ADVANCE_DICTATORSHIP,,aom
UNIT_ELITE_ELEPHANT_WARRIOR,Elite Elephant Warrior,4,gated,,aom:ADVANCE_OLIGARCHY,,aom
UNIT_ELITE_JANISSARY,Elite Janissary,9,gated,,aom:ADVANCE_SULTANATE,,aom
UNIT_ELITE_TEUTONIC_KNIGHT,Elite Teutonic Knight,10,gated,,aom:ADVANCE_THEOLOGY,,aom
UNIT_ELITE_HEPTIREME,Elite Heptireme,6,gated,,aom:ADVANCE_HULL_MAKING,,aom
UNIT_ELITE_DROMON,Elite Dromon,8,gated,,aom:ADVANCE_ASTROLABE,,aom
UNIT_ELITE_HYPASPISTS,Elite Hypaspists,4,gated,,aom:ADVANCE_BARRACKS,,aom
UNIT_ELITE_PEZHETEROI,Elite Pezheteroi,3,gated,,aom:ADVANCE_REPUBLIC,,aom
UNIT_ELITE_FEUDAL_INFANTRY,Elite Feudal Infantry,7,gated,,aom:ADVANCE_DARK_AGES,,aom
UNIT_ELITE_LONGBOW,Elite Longbow,10,gated,,aom:ADVANCE_YEOMANRY,,aom
UNIT_ELITE_FEUDAL_CAVALRY,Elite Feudal Cavalry,11,gated,,aom:ADVANCE_CHIVALRY,,aom
UNIT_ELITE_MEDIEVAL_INFANTRY,Elite Medieval Infantry,9,gated,,aom:ADVANCE_IRON_CASTING,,aom
UNIT_ELITE_KNIGHT_TEMPLAR,Elite Knight Templar,10,life,mage,Las,,aom
UNIT_ELITE_EAGLE_ARCHER,Elite Eagle Archer,7,nature,adept,PT,,aom
UNIT_ELITE_EAGLE_WARRIOR,Elite Eagle Warrior,7,nature,adept,PT,,aom
UNIT_ELITE_MAMELUKE,Elite Mameluke,10,gated,,aom:ADVANCE_CALIPHATE,,aom
UNIT_ELITE_SAPHIA,Elite Saphia,11,gated,,aom:ADVANCE_SULTANATE,,aom
UNIT_ELITE_SAMURAI,Elite Samurai,9,gated,,aom:ADVANCE_DYNASTIC_EMPIRE,,aom
UNIT_ELITE_ONAGER,Elite Onager,9,gated,,aom:ADVANCE_JOINERY,,aom
UNIT_ELITE_CAVALRY,Elite Cavalry,17,gated,,aom:ADVANCE_CAVALRY_TACTICS,,aom
UNIT_ELITE_INFANTRYMAN,Elite Infantryman,17,gated,,aom:ADVANCE_MILITARY_TRADITION,,aom
UNIT_ELITE_MECHANISED_INFANTRY,Elite Mechanised Infantry,27,gated,,aom:ADVANCE_FIBRE_OPTICS,,aom
UNIT_COLUMN_BUILDER,Column Builder,5,gated,,aom:ADVANCE_HEXTAPUL,,aom
UNIT_ARCH_BUILDER,Arch Builder,5,gated,,aom:ADVANCE_HEXTAPUL,,aom
UNIT_FORTRESS_BUILDER,Fortress Builder,18,gated,,aom:ADVANCE_DARK_AGES,,aom
UNIT_SCIENCE_BUILDER,Science Builder,5,gated,,aom:ADVANCE_HEXTAPUL,,aom
UNIT_PEACE_BUILDER,Peace Builder,5,gated,,aom:ADVANCE_HEXTAPUL,,aom
UNIT_ASSAULT,Assault,1,gated,,aom:ADVANCE_HEXTAPUL,,aom
UNIT_FISHING_FLEET,Fishing Fleet,12,gated,,aom:ADVANCE_DYNASTY,,aom
UNIT_OCEAN_FISHING_FLEET,Ocean Fishing Fleet,17,gated,,aom:ADVANCE_HULL_MAKING,,aom
UNIT_FIRE_TRIREME,Fire Trireme,4,chaos,lore,MP,,aom
UNIT_H_ANGMAR,H Angmar,10,gated,,lotr:ADVANCE_HEXTAPUL,,lotr
UNIT_ANGMAR_H1,Angmar H1,10,gated,,lotr:ADVANCE_HEXTAPUL,,lotr
UNIT_ANGMAR_H2,Angmar H2,10,gated,,lotr:ADVANCE_HEXTAPUL,,lotr
UNIT_ANGMAR_H3,Angmar H3,10,gated,,lotr:ADVANCE_HEXTAPUL,,lotr
UNIT_ANGMAR_H4,Angmar H4,10,gated,,lotr:ADVANCE_HEXTAPUL,,lotr
UNIT_H_ARNOR,H Arnor,10,gated,,lotr:ADVANCE_HEXTAPUL,,lotr
UNIT_ARNOR_H1,Arnor H1,10,gated,,lotr:ADVANCE_HEXTAPUL,,lotr
UNIT_ARNOR_H2,Arnor H2,10,gated,,lotr:ADVANCE_HEXTAPUL,,lotr
UNIT_ARNOR_H3,Arnor H3,10,gated,,lotr:ADVANCE_HEXTAPUL,,lotr
UNIT_ARNOR_H4,Arnor H4,18,gated,,lotr:ADVANCE_HEXTAPUL,,lotr
UNIT_H_DWARVES,H Dwarves,10,nature,mage,Rad,,lotr
UNIT_DWARVES_H1,Dwarves H1,10,nature,mage,Rad,,lotr
UNIT_DWARVES_H2,Dwarves H2,10,nature,mage,Rad,,lotr
UNIT_DWARVES_H3,Dwarves H3,10,nature,mage,Rad,,lotr
UNIT_DWARVES_H4,Dwarves H4,15,nature,mage,Rad,,lotr
UNIT_H_EASTERLING,H Easterling,10,gated,,lotr:ADVANCE_HEXTAPUL,,lotr
UNIT_EASTERLING_H1,Easterling H1,10,gated,,lotr:ADVANCE_HEXTAPUL,,lotr
UNIT_EASTERLING_H2,Easterling H2,10,gated,,lotr:ADVANCE_HEXTAPUL,,lotr
UNIT_EASTERLING_H3,Easterling H3,12,gated,,lotr:ADVANCE_HEXTAPUL,,lotr
UNIT_H_GONDOR,H Gondor,10,gated,,lotr:ADVANCE_HEXTAPUL,,lotr
UNIT_GONDOR_H1,Gondor H1,10,gated,,lotr:ADVANCE_HEXTAPUL,,lotr
UNIT_GONDOR_H2,Gondor H2,10,gated,,lotr:ADVANCE_HEXTAPUL,,lotr
UNIT_GONDOR_H3,Gondor H3,10,gated,,lotr:ADVANCE_HEXTAPUL,,lotr
UNIT_GONDOR_H4,Gondor H4,10,gated,,lotr:ADVANCE_HEXTAPUL,,lotr
UNIT_GONDOR_H5,Gondor H5,10,gated,,lotr:ADVANCE_HEXTAPUL,,lotr
UNIT_GONDOR_H6,Gondor H6,10,gated,,lotr:ADVANCE_HEXTAPUL,,lotr
UNIT_H_HARADRIM,H Haradrim,10,gated,,lotr:ADVANCE_HEXTAPUL,,lotr
UNIT_HARADRIM_H1,Haradrim H1,10,gated,,lotr:ADVANCE_HEXTAPUL,,lotr
UNIT_HARADRIM_H2,Haradrim H2,10,gated,,lotr:ADVANCE_HEXTAPUL,,lotr
UNIT_HARADRIM_H3,Haradrim H3,15,gated,,lotr:ADVANCE_HEXTAPUL,,lotr
UNIT_H_HOBBITS,H Hobbits,10,gated,,lotr:ADVANCE_HEXTAPUL,,lotr
UNIT_HOBBITS_H1,Hobbits H1,10,gated,,lotr:ADVANCE_HEXTAPUL,,lotr
UNIT_HOBBITS_H2,Hobbits H2,10,gated,,lotr:ADVANCE_HEXTAPUL,,lotr
UNIT_HOBBITS_H3,Hobbits H3,10,gated,,lotr:ADVANCE_HEXTAPUL,,lotr
UNIT_H_ISENGARD,H Isengard,10,gated,,lotr:ADVANCE_HEXTAPUL,,lotr
UNIT_H_MORDOR,H Mordor,10,gated,,lotr:ADVANCE_HEXTAPUL,,lotr
UNIT_MORDOR_H1,Mordor H1,10,gated,,lotr:ADVANCE_HEXTAPUL,,lotr
UNIT_MORDOR_H2,Mordor H2,10,gated,,lotr:ADVANCE_HEXTAPUL,,lotr
UNIT_MORDOR_H3,Mordor H3,10,gated,,lotr:ADVANCE_HEXTAPUL,,lotr
UNIT_MORDOR_H4,Mordor H4,10,gated,,lotr:ADVANCE_HEXTAPUL,,lotr
UNIT_MORDOR_H5,Mordor H5,10,gated,,lotr:ADVANCE_HEXTAPUL,,lotr
UNIT_MORDOR_H6,Mordor H6,10,gated,,lotr:ADVANCE_HEXTAPUL,,lotr
UNIT_MORDOR_H7,Mordor H7,10,gated,,lotr:ADVANCE_HEXTAPUL,,lotr
UNIT_H_NORTHMEN,H Northmen,10,gated,,lotr:ADVANCE_HEXTAPUL,,lotr
UNIT_H_ROHAN,H Rohan,10,gated,,lotr:ADVANCE_HEXTAPUL,,lotr
UNIT_ROHAN_H1,Rohan H1,10,gated,,lotr:ADVANCE_HEXTAPUL,,lotr
UNIT_ROHAN_H2,Rohan H2,10,gated,,lotr:ADVANCE_HEXTAPUL,,lotr
UNIT_ROHAN_H3,Rohan H3,10,gated,,lotr:ADVANCE_HEXTAPUL,,lotr
UNIT_ROHAN_H4,Rohan H4,10,gated,,lotr:ADVANCE_HEXTAPUL,,lotr
UNIT_ROHAN_H5,Rohan H5,10,gated,,lotr:ADVANCE_HEXTAPUL,,lotr
UNIT_H_SINDAR,H Sindar,10,gated,,lotr:ADVANCE_HEXTAPUL,,lotr
UNIT_SINDAR_H1,Sindar H1,10,gated,,lotr:ADVANCE_HEXTAPUL,,lotr
UNIT_SINDAR_H2,Sindar H2,10,gated,,lotr:ADVANCE_HEXTAPUL,,lotr
UNIT_SINDAR_H2A,Sindar H2A,10,gated,,lotr:ADVANCE_HEXTAPUL,,lotr
UNIT_SINDAR_H3,Sindar H3,10,gated,,lotr:ADVANCE_HEXTAPUL,,lotr
UNIT_SINDAR_H4,Sindar H4,10,gated,,lotr:ADVANCE_HEXTAPUL,,lotr
UNIT_PALANTIR_I,Palantir I,10,gated,,lotr:ADVANCE_HEXTAPUL,,lotr
UNIT_PALANTIR_II,Palantir Ii,10,gated,,lotr:ADVANCE_HEXTAPUL,,lotr
UNIT_PALANTIR_III,Palantir Iii,10,gated,,lotr:ADVANCE_HEXTAPUL,,lotr
UNIT_PALANTIR_IV,Palantir Iv,10,gated,,lotr:ADVANCE_HEXTAPUL,,lotr
UNIT_GANDALF_I,Gandalf I,10,gated,,lotr:ADVANCE_HEXTAPUL,,lotr
UNIT_GANDALF_II,Gandalf Ii,10,gated,,lotr:ADVANCE_HEXTAPUL,,lotr
UNIT_BALROG,Balrog,10,gated,,lotr:ADVANCE_HEXTAPUL,,lotr
UNIT_SMAUG,Smaug,10,gated,,lotr:ADVANCE_HEXTAPUL,,lotr
UNIT_STORM,Storm,10,sorcery,mage,NP,,lotr
UNIT_FUMES,Fumes,10,gated,,lotr:ADVANCE_HEXTAPUL,,lotr
UNIT_WATCHER,Watcher,10,gated,,lotr:ADVANCE_HEXTAPUL,,lotr
UNIT_JAVELIN_CAVALRY_ORCS,Javelin Cavalry Orcs,3,chaos,lore,MP,,lotr
UNIT_JAVELIN_CAVALRY_ROHAN,Javelin Cavalry Rohan,3,gated,,lotr:ADVANCE_HORSE_RIDING_ROHAN,,lotr
UNIT_CHARIOT_EASTERLING,Chariot Easterling,4,gated,,lotr:ADVANCE_CHARIOTS_EASTERLING,,lotr
UNIT_MOUNTED_ARCHER_ROHAN,Mounted Archer Rohan,6,gated,,lotr:ADVANCE_MOBILE_TACTICS_ROHAN,,lotr
UNIT_MOUNTED_ARCHER_ELVES,Mounted Archer Elves,6,gated,,lotr:ADVANCE_MOBILE_TACTICS_ELVES,,lotr
UNIT_HORSEMAN_ELVES,Horseman Elves,9,gated,,lotr:ADVANCE_HORSE_ARMOR_ELVES,,lotr
UNIT_HORSEMAN_ROHAN,Horseman Rohan,9,gated,,lotr:ADVANCE_HORSE_ARMOR_ROHAN,,lotr
UNIT_MURMAKIL,Murmakil,19,gated,,lotr:ADVANCE_STIRRUP_HARADRIM,,lotr
UNIT_SPEARMAN_ELITE,Spearman Elite,3,gated,,lotr:ADVANCE_HEXTAPUL,,lotr
UNIT_SPEARMAN_ORCS,Spearman Orcs,2,chaos,lore,MP,,lotr
UNIT_WARRIOR_ELITE,Warrior Elite,5,gated,,lotr:ADVANCE_COPPER_SMELTING_ANGMAR,,lotr
UNIT_WARRIOR_ORCS,Warrior Orcs,3,chaos,lore,MP,,lotr
UNIT_HOPLITE_ELITE,Hoplite Elite,6,gated,,lotr:ADVANCE_CITY_STATE_GONDOR,,lotr
UNIT_HOPLITE_ORCS,Hoplite Orcs,3,chaos,lore,MP,,lotr
UNIT_HYPASPISTS_ELITE,Hypaspists Elite,7,gated,,lotr:ADVANCE_HEXTAPUL,,lotr
UNIT_HYPASPISTS_ORCS,Hypaspists Orcs,5,chaos,adept,Med,,lotr
UNIT_LEGION_ELITE,Legion Elite,10,gated,,lotr:ADVANCE_BUREAUCRACY_EASTERLING,,lotr
UNIT_LEGION_ISENGARD,Legion Isengard,7,gated,,lotr:ADVANCE_IRON_WORKING_ISENGARD,,lotr
UNIT_LEGION_ORCS,Legion Orcs,7,chaos,adept,Med,,lotr
UNIT_LEGION_DWARVES,Legion Dwarves,7,nature,adept,PT,,lotr
UNIT_MAN_AT_ARMS_ELITE,Man At Arms Elite,13,gated,,lotr:ADVANCE_DICTATORSHIP_HARADRIM,,lotr
UNIT_MAN_AT_ARMS_ORCS,Man At Arms Orcs,9,chaos,mage,Met,,lotr
UNIT_PIKEMEN_ELITE,Pikemen Elite,21,gated,,lotr:ADVANCE_TRIBUNAL_EMPIRE_EASTERLING,,lotr
UNIT_PIKEMEN_ORCS,Pikemen Orcs,11,chaos,mage,Met,,lotr
UNIT_SLINGER_ORCS,Slinger Orcs,4,chaos,lore,MP,,lotr
UNIT_SLINGER_ELVES,Slinger Elves,4,gated,,lotr:ADVANCE_PROJECTILE_WEAPONS_ELVES,,lotr
UNIT_ARCHER_ORCS,Archer Orcs,5,chaos,adept,Med,,lotr
UNIT_ARCHER_ELVES,Archer Elves,5,gated,,lotr:ADVANCE_ARCHERY_ELVES,,lotr
UNIT_COMPOSITE_ARCHER_ORCS,Composite Archer Orcs,9,chaos,mage,Met,,lotr
UNIT_COMPOSITE_ARCHER_ELVES,Composite Archer Elves,8,gated,,lotr:ADVANCE_COMPOSITE_BOW_ELVES,,lotr
UNIT_CROSSBOWMAN_ELVES,Crossbowman Elves,11,gated,,lotr:ADVANCE_SIEGE_WEAPONS_ELVES,,lotr
UNIT_BIREME_HARADRIM,Bireme Haradrim,4,gated,,lotr:ADVANCE_SAILS_HARADRIM,,lotr
UNIT_PLUNDER,Plunder,1,gated,,lotr:ADVANCE_HEXTAPUL,,lotr
UNIT_PLUNDER_II,Plunder Ii,2,gated,,lotr:ADVANCE_HEXTAPUL,,lotr
UNIT_CATAMARAN,Catamaran,4,gated,,lotr:ADVANCE_HEXTAPUL,,lotr
