cell_index,name,domain,move,attack,defense,hp,firepower,cost,prereq,icon,sprite,sound_select1,sound_move,sound_attack
0,Hurricane,1,12,20a,20d,10h,3f,11,ADVANCE_SUBNEURAL_ADS,ICON_UNIT_HURRICANE,SPRITE_HURRICANE,SOUND_SELECT1_HURRICANE,SOUND_MOVE_HURRICANE,SOUND_ATTACK_HURRICANE
1,Abolitionist,0,3,0a,2d,10h,1f,5,ADVANCE_CLASSICAL_EDUCATION,ICON_UNIT_ABOLITIONIST,SPRITE_ABOLITIONIST,SOUND_SELECT1_ABOLITIONIST,SOUND_MOVE_ABOLITIONIST,SOUND_ATTACK_ABOLITIONIST
2,Aircraft Carrier,2,12,6a,10d,20h,2f,35,ADVANCE_NAVAL_AVIATION,ICON_UNIT_AIRCRAFT_CARRIER,SPRITE_AIRCRAFT_CARRIER,SOUND_SELECT1_AIRCRAFT_CARRIER,SOUND_MOVE_AIRCRAFT_CARRIER,SOUND_ATTACK_AIRCRAFT_CARRIER
3,Ambassador,0,2,0a,2d,10h,1f,6,ADVANCE_AGE_OF_REASON,ICON_UNIT_AMBASSADOR,SPRITE_AMBASSADOR,SOUND_SELECT1_AMBASSADOR,SOUND_MOVE_AMBASSADOR,SOUND_ATTACK_AMBASSADOR
4,Archer,0,1,2a,2d,8h,1f,4,ADVANCE_ARCHERY,ICON_UNIT_ARCHER,SPRITE_ARCHER,SOUND_SELECT1_ARCHER,SOUND_MOVE_ARCHER,SOUND_ATTACK_ARCHER
5,Arquebusier,0,1,8a,7d,18h,2f,8,ADVANCE_GUNPOWDER,ICON_UNIT_ARQUEBUSIER,SPRITE_ARQUEBUSIER,SOUND_SELECT1_ARQUEBUSIER,SOUND_MOVE_ARQUEBUSIER,SOUND_ATTACK_ARQUEBUSIER
6,Elite Arquebusier,0,2,9a,8d,20h,2f,8,ADVANCE_HEXTAPUL,ICON_UNIT_ARQUEBUSIER_ELITE,SPRITE_ARQUEBUSIER_ELITE,SOUND_SELECT1_ARQUEBUSIER_ELITE,SOUND_MOVE_ARQUEBUSIER_ELITE,SOUND_ATTACK_ARQUEBUSIER_ELITE
7,Assassin,0,3,0a,2d,10h,1f,20,ADVANCE_MONARCHY,ICON_UNIT_ASSASSIN,SPRITE_ASSASSIN,SOUND_SELECT1_ASSASSIN,SOUND_MOVE_ASSASSIN,SOUND_ATTACK_ASSASSIN
8,Ballista,0,1,1a,1d,10h,1f,6,ADVANCE_BALLISTICS,ICON_UNIT_BALLISTA,SPRITE_BALLISTA,SOUND_SELECT1_BALLISTA,SOUND_MOVE_BALLISTA,SOUND_ATTACK_BALLISTA
9,Battleship,2,12,13a,11d,20h,4f,42,ADVANCE_ADV_NAVAL_TACTICS,ICON_UNIT_BATTLESHIP,SPRITE_BATTLESHIP,SOUND_SELECT1_BATTLESHIP,SOUND_MOVE_BATTLESHIP,SOUND_ATTACK_BATTLESHIP
10,Berzerker,0,1,4a,2d,10h,1f,2,ADVANCE_AGRICULTURE,ICON_UNIT_BERZERKER,SPRITE_BERZERKER,SOUND_SELECT1_BERZERKER,SOUND_MOVE_BERZERKER,SOUND_ATTACK_BERZERKER
11,Bireme,2,5,4a,2d,10h,1f,3,ADVANCE_OUTRIGGER,ICON_UNIT_BIREME,SPRITE_BIREME,SOUND_SELECT1_BIREME,SOUND_MOVE_BIREME,SOUND_ATTACK_BIREME
12,Bombard,0,1,2a,2d,11h,2f,11,ADVANCE_GUNPOWDER,ICON_UNIT_BOMBARD,SPRITE_BOMBARD,SOUND_SELECT1_BOMBARD,SOUND_MOVE_BOMBARD,SOUND_ATTACK_BOMBARD
13,Bomber,1,10,7a,7d,15h,3f,26,ADVANCE_JET_PROPULSION,ICON_UNIT_BOMBER,SPRITE_BOMBER,SOUND_SELECT1_BOMBER,SOUND_MOVE_BOMBER,SOUND_ATTACK_BOMBER
14,Brigadier,0,3,8a,6d,15h,3f,10,ADVANCE_HEXTAPUL,ICON_UNIT_BRIGADIER,SPRITE_BRIGADIER,SOUND_SELECT1_BRIGADIER,SOUND_MOVE_BRIGADIER,SOUND_ATTACK_BRIGADIER
15,Camel,0,1,0a,1d,5h,1f,10,ADVANCE_SUBNEURAL_ADS,ICON_UNIT_CAMEL,SPRITE_CAMEL,SOUND_SELECT1_CAMEL,SOUND_MOVE_CAMEL,SOUND_ATTACK_CAMEL
16,Cannon,0,1,2a,3d,12h,3f,13,ADVANCE_CANNON_MAKING,ICON_UNIT_CANNON,SPRITE_CANNON,SOUND_SELECT1_CANNON,SOUND_MOVE_CANNON,SOUND_ATTACK_CANNON
17,Caravan,0,1,0a,0d,10h,0f,4,ADVANCE_TRADE,ICON_UNIT_CARAVAN,SPRITE_WARRIOR,SOUND_SELECT1_CARAVAN,SOUND_MOVE_CARAVAN,SOUND_ATTACK_CARAVAN
18,Cargo Helicopter,1,6,0a,2d,15h,1f,17,ADVANCE_VERTICAL_FLIGHT_AIRCRAFT,ICON_UNIT_CARGO_HELICOPTER,SPRITE_CARGO_HELICOPTER,SOUND_SELECT1_CARGO_HELICOPTER,SOUND_MOVE_CARGO_HELICOPTER,SOUND_ATTACK_CARGO_HELICOPTER
19,Cataphract,0,4,6a,4d,14h,2f,8,ADVANCE_STIRRUP,ICON_UNIT_CATAPHRACT,SPRITE_CATAPHRACT,SOUND_SELECT1_CATAPHRACT,SOUND_MOVE_CATAPHRACT,SOUND_ATTACK_CATAPHRACT
20,Cavalry,0,5,9a,6d,18h,3f,14,ADVANCE_CAVALRY_TACTICS,ICON_UNIT_CAVALRY,SPRITE_CAVALRY,SOUND_SELECT1_CAVALRY,SOUND_MOVE_CAVALRY,SOUND_ATTACK_CAVALRY
21,Chariot,0,3,5a,2d,10h,1f,3,ADVANCE_CHARIOTS,ICON_UNIT_CHARIOT,SPRITE_CHARIOT,SOUND_SELECT1_CHARIOT,SOUND_MOVE_CHARIOT,SOUND_ATTACK_CHARIOT
23,Cleric,0,3,0a,2d,10h,1f,14,ADVANCE_CHRISTIANITY,ICON_UNIT_CLERIC,SPRITE_CLERIC,SOUND_SELECT1_CLERIC,SOUND_MOVE_CLERIC,SOUND_ATTACK_CLERIC
24,Club Warrior,0,1,3a,2d,10h,1f,1,ADVANCE_AGRICULTURE,ICON_UNIT_CLUB_WARRIOR,SPRITE_CLUB_WARRIOR,SOUND_SELECT1_CLUB_WARRIOR,SOUND_MOVE_CLUB_WARRIOR,SOUND_ATTACK_CLUB_WARRIOR
25,Elite Club Warrior,0,2,4a,3d,12h,1f,1,ADVANCE_HEXTAPUL,ICON_UNIT_CLUB_WARRIOR_ELITE,SPRITE_CLUB_WARRIOR_ELITE,SOUND_SELECT1_CLUB_WARRIOR_ELITE,SOUND_MOVE_CLUB_WARRIOR_ELITE,SOUND_ATTACK_CLUB_WARRIOR_ELITE
26,Cog,2,7,3a,3d,10h,1f,6,ADVANCE_COMPASS,ICON_UNIT_COG,SPRITE_COG,SOUND_SELECT1_COG,SOUND_MOVE_COG,SOUND_ATTACK_COG
27,Colonel,0,4,10a,8d,18h,4f,10,ADVANCE_HEXTAPUL,ICON_UNIT_COLONEL,SPRITE_COLONEL,SOUND_SELECT1_COLONEL,SOUND_MOVE_COLONEL,SOUND_ATTACK_COLONEL
28,Composite Archer,0,1,2a,2d,10h,2f,6,ADVANCE_COMPOSITE_BOW,ICON_UNIT_COMPOSITE_ARCHER,SPRITE_COMPOSITE_ARCHER,SOUND_SELECT1_COMPOSITE_ARCHER,SOUND_MOVE_COMPOSITE_ARCHER,SOUND_ATTACK_COMPOSITE_ARCHER
29,Conscript,0,2,10a,8d,19h,3f,11,ADVANCE_DEMOCRACY,ICON_UNIT_CONSCRIPT,SPRITE_CONSCRIPT,SOUND_SELECT1_CONSCRIPT,SOUND_MOVE_CONSCRIPT,SOUND_ATTACK_CONSCRIPT
30,Corporate Branch,0,3,0a,2d,10h,1f,17,ADVANCE_CORPORATION,ICON_UNIT_CORPORATE_BRANCH,SPRITE_CORPORATE_BRANCH,SOUND_SELECT1_CORPORATE_BRANCH,SOUND_MOVE_CORPORATE_BRANCH,SOUND_ATTACK_CORPORATE_BRANCH
31,Crawler,2,12,0a,2d,20h,1f,45,ADVANCE_ULTRAPRESSURE_MACHINERY,ICON_UNIT_CRAWLER,SPRITE_CRAWLER,SOUND_SELECT1_CRAWLER,SOUND_MOVE_CRAWLER,SOUND_ATTACK_CRAWLER
32,Crossbowman,0,1,2a,3d,12h,2f,7,ADVANCE_CROSSBOW,ICON_UNIT_CROSSBOWMAN,SPRITE_CROSSBOWMAN,SOUND_SELECT1_CROSSBOWMAN,SOUND_MOVE_CROSSBOWMAN,SOUND_ATTACK_CROSSBOWMAN
33,Cruise Missile,1,10,13a,2d,10h,4f,21,ADVANCE_GUIDED_WEAPON_SYSTEMS,ICON_UNIT_CRUISE_MISSILE,SPRITE_CRUISE_MISSILE,SOUND_SELECT1_CRUISE_MISSILE,SOUND_MOVE_CRUISE_MISSILE,SOUND_ATTACK_CRUISE_MISSILE
34,Cyber Attorney,0,3,0a,2d,10h,1f,21,ADVANCE_DIGITAL_ENCRYPTION,ICON_UNIT_CYBER_ATTORNEY,SPRITE_CYBER_ATTORNEY,SOUND_SELECT1_CYBER_ATTORNEY,SOUND_MOVE_CYBER_ATTORNEY,SOUND_ATTACK_CYBER_ATTORNEY
35,Cyber Ninja,0,4,0a,2d,15h,1f,30,ADVANCE_NEURAL_INTERFACE,ICON_UNIT_CYBER_NINJA,SPRITE_CYBER_NINJA,SOUND_SELECT1_CYBER_NINJA,SOUND_MOVE_CYBER_NINJA,SOUND_ATTACK_CYBER_NINJA
36,Destroyer,2,16,11a,9d,20h,4f,25,ADVANCE_RADIO_NAVIGATION,ICON_UNIT_DESTROYER,SPRITE_DESTROYER,SOUND_SELECT1_DESTROYER,SOUND_MOVE_DESTROYER,SOUND_ATTACK_DESTROYER
37,Dinosaur,0,1,5a,2d,10h,1f,2,ADVANCE_HEXTAPUL,ICON_UNIT_WARRIOR,SPRITE_WARRIOR,SOUND_SELECT1_DINOSAUR,SOUND_MOVE_DINOSAUR,SOUND_ATTACK_DINOSAUR
38,Diplomat,0,2,0a,2d,10h,1f,3,ADVANCE_DYNASTY,ICON_UNIT_DIPLOMAT,SPRITE_DIPLOMAT,SOUND_SELECT1_DIPLOMAT,SOUND_MOVE_DIPLOMAT,SOUND_ATTACK_DIPLOMAT
39,Dreadnaught,2,12,20a,17d,25h,6f,70,ADVANCE_SMART_MATERIALS,ICON_UNIT_DREADNAUGHT,SPRITE_DREADNAUGHT,SOUND_SELECT1_DREADNAUGHT,SOUND_MOVE_DREADNAUGHT,SOUND_ATTACK_DREADNAUGHT
40,Dromon,2,8,6a,4d,15h,1f,7,ADVANCE_GREEK_FIRE,ICON_UNIT_DROMON,SPRITE_DROMON,SOUND_SELECT1_DROMON,SOUND_MOVE_DROMON,SOUND_ATTACK_DROMON
41,Early Galley,2,5,2a,2d,10h,1f,2,ADVANCE_OARED_GALLEYS,ICON_UNIT_EARLY_GALLEY,SPRITE_EARLY_GALLEY,SOUND_SELECT1_EARLY_GALLEY,SOUND_MOVE_EARLY_GALLEY,SOUND_ATTACK_EARLY_GALLEY
42,Eco-Ranger,0,3,0a,2d,15h,1f,45,ADVANCE_ECOTOPIA,ICON_UNIT_ECO_RANGER,SPRITE_ECO_RANGER,SOUND_SELECT1_ECO_RANGER,SOUND_MOVE_ECO_RANGER,SOUND_ATTACK_ECO_RANGER
43,Eco-Terrorist,0,4,0a,2d,15h,1f,40,ADVANCE_ECOTOPIA,ICON_UNIT_ECO_TERRORIST,SPRITE_ECO_TERRORIST,SOUND_SELECT1_ECO_TERRORIST,SOUND_MOVE_ECO_TERRORIST,SOUND_ATTACK_ECO_TERRORIST
44,War Elephant,0,2,6a,4d,14h,1f,5,ADVANCE_OLIGARCHY,ICON_UNIT_ELEPHANT_WARRIOR,SPRITE_ELEPHANT_WARRIOR,SOUND_SELECT1_ELEPHANT_WARRIOR,SOUND_MOVE_ELEPHANT_WARRIOR,SOUND_ATTACK_ELEPHANT_WARRIOR
45,Emissary,0,2,0a,2d,10h,1f,1,ADVANCE_EXPLORATION,ICON_UNIT_EMISSARY,SPRITE_EMISSARY,SOUND_SELECT1_EMISSARY,SOUND_MOVE_EMISSARY,SOUND_ATTACK_EMISSARY
46,Empathic Diplomat,0,3,0a,2d,10h,1f,17,ADVANCE_EUGENICS,ICON_UNIT_EMPATHIC_DIPLOMAT,SPRITE_EMPATHIC_DIPLOMAT,SOUND_SELECT1_EMPATHIC_DIPLOMAT,SOUND_MOVE_EMPATHIC_DIPLOMAT,SOUND_ATTACK_EMPATHIC_DIPLOMAT
47,Fascist,0,2,13a,9d,23h,3f,13,ADVANCE_FASCISM,ICON_UNIT_FASCIST,SPRITE_FASCIST,SOUND_SELECT1_FASCIST,SOUND_MOVE_FASCIST,SOUND_ATTACK_FASCIST
48,Fighter,1,8,10a,9d,20h,3f,17,ADVANCE_AERODYNAMICS,ICON_UNIT_FIGHTER,SPRITE_FIGHTER,SOUND_SELECT1_FIGHTER,SOUND_MOVE_FIGHTER,SOUND_ATTACK_FIGHTER
49,Subchaser,2,10,10a,8d,20h,4f,23,ADVANCE_MASS_PRODUCTION,ICON_UNIT_FRIGATE,SPRITE_FRIGATE,SOUND_SELECT1_FRIGATE,SOUND_MOVE_FRIGATE,SOUND_ATTACK_FRIGATE
50,Fusion Tank,2,6,14a,13d,23h,4f,60,ADVANCE_FUSION,ICON_UNIT_FUSION_TANK,SPRITE_FUSION_TANK,SOUND_SELECT1_FUSION_TANK,SOUND_MOVE_FUSION_TANK,SOUND_ATTACK_FUSION_TANK
51,Galleon,2,8,7a,5d,15h,2f,10,ADVANCE_AGE_OF_DISCOVERY,ICON_UNIT_GALLEON,SPRITE_GALLEON,SOUND_SELECT1_GALLEON,SOUND_MOVE_GALLEON,SOUND_ATTACK_GALLEON
52,Galley,2,8,7a,4d,15h,1f,8,ADVANCE_ASTROLABE,ICON_UNIT_GALLEY,SPRITE_GALLEY,SOUND_SELECT1_GALLEY,SOUND_MOVE_GALLEY,SOUND_ATTACK_GALLEY
53,Great General,0,3,6a,6d,20h,2f,15,ADVANCE_HEXTAPUL,ICON_UNIT_GREAT_GENERAL,SPRITE_GREAT_GENERAL,SOUND_SELECT1_GREAT_GENERAL,SOUND_MOVE_GREAT_GENERAL,SOUND_ATTACK_GREAT_GENERAL
54,Great King,0,3,5a,3d,18h,2f,10,ADVANCE_HEXTAPUL,ICON_UNIT_GREAT_KING,SPRITE_GREAT_KING,SOUND_SELECT1_GREAT_KING,SOUND_MOVE_GREAT_KING,SOUND_ATTACK_GREAT_KING
55,Halberdier,0,1,4a,5d,17h,2f,6,ADVANCE_GUNPOWDER,ICON_UNIT_HALBERDIER,SPRITE_HALBERDIER,SOUND_SELECT1_HALBERDIER,SOUND_MOVE_HALBERDIER,SOUND_ATTACK_HALBERDIER
56,Elite Halberdier,0,2,5a,6d,18h,2f,6,ADVANCE_HEXTAPUL,ICON_UNIT_HALBERDIER_ELITE,SPRITE_HALBERDIER_ELITE,SOUND_SELECT1_HALBERDIER_ELITE,SOUND_MOVE_HALBERDIER_ELITE,SOUND_ATTACK_HALBERDIER_ELITE
57,Heavy Tank,0,5,12a,10d,20h,3f,40,ADVANCE_COMBINED_ARMS,ICON_UNIT_HEAVY_TANK,SPRITE_HEAVY_TANK,SOUND_SELECT1_HEAVY_TANK,SOUND_MOVE_HEAVY_TANK,SOUND_ATTACK_HEAVY_TANK
58,Hero,0,3,8a,8d,20h,2f,10,ADVANCE_HEXTAPUL,ICON_UNIT_HERO,SPRITE_HERO,SOUND_SELECT1_HERO,SOUND_MOVE_HERO,SOUND_ATTACK_HERO
59,Hired Thug,0,3,0a,2d,10h,1f,18,ADVANCE_CITY_STATE,ICON_UNIT_HIRED_THUG,SPRITE_HIRED_THUG,SOUND_SELECT1_HIRED_THUG,SOUND_MOVE_HIRED_THUG,SOUND_ATTACK_HIRED_THUG
60,Hoplite,0,1,3a,4d,12h,1f,2,ADVANCE_BRONZE_WORKING,ICON_UNIT_HOPLITE,SPRITE_HOPLITE,SOUND_SELECT1_HOPLITE,SOUND_MOVE_HOPLITE,SOUND_ATTACK_HOPLITE
61,Elite Hoplite,0,2,4a,5d,14h,1f,2,ADVANCE_HEXTAPUL,ICON_UNIT_HOPLITE_ELITE,SPRITE_HOPLITE_ELITE,SOUND_SELECT1_HOPLITE_ELITE,SOUND_MOVE_HOPLITE_ELITE,SOUND_ATTACK_HOPLITE_ELITE
62,Hoplite Militia,0,1,3a,4d,40h,1f,2,ADVANCE_HEXTAPUL,ICON_UNIT_HOPLITE_MILITIA,SPRITE_HOPLITE,SOUND_SELECT1_HOPLITE_MILITIA,SOUND_MOVE_HOPLITE_MILITIA,SOUND_ATTACK_HOPLITE_MILITIA
63,Horseman,0,3,5a,3d,12h,1f,6,ADVANCE_HORSE_ARMOR,ICON_UNIT_HORSEMAN,SPRITE_HORSEMAN,SOUND_SELECT1_HORSEMAN,SOUND_MOVE_HORSEMAN,SOUND_ATTACK_HORSEMAN
64,Hover Infantry,0,4,17a,14d,25h,4f,28,ADVANCE_CHAOS_THEORY,ICON_UNIT_HOVER_INFANTRY,SPRITE_HOVER_INFANTRY,SOUND_SELECT1_HOVER_INFANTRY,SOUND_MOVE_HOVER_INFANTRY,SOUND_ATTACK_HOVER_INFANTRY
65,Elite Hover Infantry,0,5,19a,16d,28h,4f,28,ADVANCE_HEXTAPUL,ICON_UNIT_HOVER_INFANTRY_ELITE,SPRITE_HOVER_INFANTRY_ELITE,SOUND_SELECT1_HOVER_INFANTRY_ELITE,SOUND_MOVE_HOVER_INFANTRY_ELITE,SOUND_ATTACK_HOVER_INFANTRY_ELITE
66,Hover Infantry Militia,0,1,8a,9d,30h,4f,28,ADVANCE_HEXTAPUL,ICON_UNIT_HOVER_INFANTRY_MILITIA,SPRITE_HOVER_INFANTRY,SOUND_SELECT1_HOVER_INFANTRY_MILITIA,SOUND_MOVE_HOVER_INFANTRY_MILITIA,SOUND_ATTACK_HOVER_INFANTRY_MILITIA
67,Howitzer,0,2,3a,5d,15h,3f,17,ADVANCE_EXPLOSIVES,ICON_UNIT_HOWITZER,SPRITE_HOWITZER,SOUND_SELECT1_HOWITZER,SOUND_MOVE_HOWITZER,SOUND_ATTACK_HOWITZER
68,Hypaspists,0,1,5a,4d,12h,1f,4,ADVANCE_BARRACKS,ICON_UNIT_HYPASPISTS,SPRITE_HYPASPISTS,SOUND_SELECT1_HYPASPISTS,SOUND_MOVE_HYPASPISTS,SOUND_ATTACK_HYPASPISTS
69,Elite Hypaspist,0,2,6a,5d,14h,1f,4,ADVANCE_HEXTAPUL,ICON_UNIT_HYPASPISTS_ELITE,SPRITE_HYPASPISTS_ELITE,SOUND_SELECT1_HYPASPISTS_ELITE,SOUND_MOVE_HYPASPISTS_ELITE,SOUND_ATTACK_HYPASPISTS_ELITE
70,Infantryman,0,1,9a,8d,18h,3f,11,ADVANCE_FLINTLOCK,ICON_UNIT_INFANTRYMAN,SPRITE_INFANTRYMAN,SOUND_SELECT1_INFANTRYMAN,SOUND_MOVE_INFANTRYMAN,SOUND_ATTACK_INFANTRYMAN
71,Elite Infantry,0,2,10a,9d,20h,3f,11,ADVANCE_HEXTAPUL,ICON_UNIT_INFANTRYMAN_ELITE,SPRITE_INFANTRYMAN_ELITE,SOUND_SELECT1_INFANTRYMAN_ELITE,SOUND_MOVE_INFANTRYMAN_ELITE,SOUND_ATTACK_INFANTRYMAN_ELITE
72,Infantryman Militia,0,1,6a,7d,30h,3f,11,ADVANCE_HEXTAPUL,ICON_UNIT_INFANTRYMAN_MILITIA,SPRITE_INFANTRYMAN,SOUND_SELECT1_INFANTRYMAN_MILITIA,SOUND_MOVE_INFANTRYMAN_MILITIA,SOUND_ATTACK_INFANTRYMAN_MILITIA
73,Infector,0,3,0a,2d,15h,1f,35,ADVANCE_BIO_WARFARE,ICON_UNIT_INFECTOR,SPRITE_INFECTOR,SOUND_SELECT1_INFECTOR,SOUND_MOVE_INFECTOR,SOUND_ATTACK_INFECTOR
74,Interceptor,1,12,13a,13d,20h,4f,29,ADVANCE_SUPERSONIC_FLIGHT,ICON_UNIT_INTERCEPTOR,SPRITE_INTERCEPTOR,SOUND_SELECT1_INTERCEPTOR,SOUND_MOVE_INTERCEPTOR,SOUND_ATTACK_INTERCEPTOR
75,Ironclad,2,8,8a,8d,18h,3f,17,ADVANCE_INDUSTRIAL_REVOLUTION,ICON_UNIT_IRONCLAD,SPRITE_IRONCLAD,SOUND_SELECT1_IRONCLAD,SOUND_MOVE_IRONCLAD,SOUND_ATTACK_IRONCLAD
76,Janissary,0,2,7a,6d,18h,2f,6,ADVANCE_CALIPHATE,ICON_UNIT_JANISSARY,SPRITE_JANISSARY,SOUND_SELECT1_JANISSARY,SOUND_MOVE_JANISSARY,SOUND_ATTACK_JANISSARY
77,Javelin Cavalry,0,2,3a,2d,10h,1f,2,ADVANCE_HORSE_RIDING,ICON_UNIT_JAVELIN_CAVALRY,SPRITE_JAVELIN_CAVALRY,SOUND_SELECT1_JAVELIN_CAVALRY,SOUND_MOVE_JAVELIN_CAVALRY,SOUND_ATTACK_JAVELIN_CAVALRY
78,King's Eye,0,2,0a,2d,10h,1f,13,ADVANCE_FEUDALISM,ICON_UNIT_KINGS_EYE,SPRITE_KINGS_EYE,SOUND_SELECT1_KINGS_EYE,SOUND_MOVE_KINGS_EYE,SOUND_ATTACK_KINGS_EYE
79,Knight,0,3,8a,5d,15h,2f,9,ADVANCE_CHIVALRY,ICON_UNIT_KNIGHT,SPRITE_KNIGHT,SOUND_SELECT1_KNIGHT,SOUND_MOVE_KNIGHT,SOUND_ATTACK_KNIGHT
80,Kraken,2,12,16a,12d,25h,5f,52,ADVANCE_GENETIC_TAILORING,ICON_UNIT_KRAKEN,SPRITE_KRAKEN,SOUND_SELECT1_KRAKEN,SOUND_MOVE_KRAKEN,SOUND_ATTACK_KRAKEN
81,Lawyer,0,3,0a,2d,10h,1f,17,ADVANCE_CRIMINAL_CODE,ICON_UNIT_LAWYER,SPRITE_LAWYER,SOUND_SELECT1_LAWYER,SOUND_MOVE_LAWYER,SOUND_ATTACK_LAWYER
82,Legal Team,0,3,0a,2d,10h,1f,19,ADVANCE_LEGAL_SYSTEM,ICON_UNIT_LEGAL_TEAM,SPRITE_LEGAL_TEAM,SOUND_SELECT1_LEGAL_TEAM,SOUND_MOVE_LEGAL_TEAM,SOUND_ATTACK_LEGAL_TEAM
83,Legion,0,1,6a,5d,15h,2f,5,ADVANCE_IRON_WORKING,ICON_UNIT_LEGION,SPRITE_LEGION,SOUND_SELECT1_LEGION,SOUND_MOVE_LEGION,SOUND_ATTACK_LEGION
84,Elite Legion,0,2,7a,6d,17h,2f,5,ADVANCE_HEXTAPUL,ICON_UNIT_LEGION_ELITE,SPRITE_LEGION_ELITE,SOUND_SELECT1_LEGION_ELITE,SOUND_MOVE_LEGION_ELITE,SOUND_ATTACK_LEGION_ELITE
85,Legion Militia,0,1,4a,5d,30h,2f,5,ADVANCE_HEXTAPUL,ICON_UNIT_LEGION_MILITIA,SPRITE_LEGION,SOUND_SELECT1_LEGION_MILITIA,SOUND_MOVE_LEGION_MILITIA,SOUND_ATTACK_LEGION_MILITIA
86,Leviathan,0,1,12a,20d,25h,5f,70,ADVANCE_UNIFIED_PHYSICS,ICON_UNIT_LEVIATHON,SPRITE_LEVIATHON,SOUND_SELECT1_LEVIATHON,SOUND_MOVE_LEVIATHON,SOUND_ATTACK_LEVIATHON
87,Longship,2,10,2a,2d,10h,1f,5,ADVANCE_OCEAN_FARING,ICON_UNIT_LONGSHIP,SPRITE_LONGSHIP,SOUND_SELECT1_LONGSHIP,SOUND_MOVE_LONGSHIP,SOUND_ATTACK_LONGSHIP
88,Machine Gunner,0,2,12a,10d,20h,3f,14,ADVANCE_MASS_PRODUCTION,ICON_UNIT_MACHINE_GUNNER,SPRITE_MACHINE_GUNNER,SOUND_SELECT1_MACHINE_GUNNER,SOUND_MOVE_MACHINE_GUNNER,SOUND_ATTACK_MACHINE_GUNNER
89,Elite Machine Gunner,0,3,13a,11d,22h,3f,14,ADVANCE_HEXTAPUL,ICON_UNIT_MACHINE_GUNNER_ELITE,SPRITE_MACHINE_GUNNER_ELITE,SOUND_SELECT1_MACHINE_GUNNER_ELITE,SOUND_MOVE_MACHINE_GUNNER_ELITE,SOUND_ATTACK_MACHINE_GUNNER_ELITE
90,Machine Gunner Militia,0,1,7a,8d,30h,3f,14,ADVANCE_HEXTAPUL,ICON_UNIT_MACHINE_GUNNER_MILITIA,SPRITE_MACHINE_GUNNER,SOUND_SELECT1_MACHINE_GUNNER_MILITIA,SOUND_MOVE_MACHINE_GUNNER_MILITIA,SOUND_ATTACK_MACHINE_GUNNER_MILITIA
91,Man at Arms,0,1,7a,6d,16h,2f,6,ADVANCE_FEUDALISM,ICON_UNIT_MAN_AT_ARMS,SPRITE_MAN_AT_ARMS,SOUND_SELECT1_MAN_AT_ARMS,SOUND_MOVE_MAN_AT_ARMS,SOUND_ATTACK_MAN_AT_ARMS
92,Elite Man at Arms,0,2,8a,7d,18h,2f,6,ADVANCE_HEXTAPUL,ICON_UNIT_MAN_AT_ARMS_ELITE,SPRITE_MAN_AT_ARMS_ELITE,SOUND_SELECT1_MAN_AT_ARMS_ELITE,SOUND_MOVE_MAN_AT_ARMS_ELITE,SOUND_ATTACK_MAN_AT_ARMS_ELITE
93,Marine,0,3,14a,11d,23h,3f,17,ADVANCE_ADV_INFANTRY_TACTICS,ICON_UNIT_MARINE,SPRITE_MARINE,SOUND_SELECT1_MARINE,SOUND_MOVE_MARINE,SOUND_ATTACK_MARINE
94,Elite Marine,0,4,15a,12d,25h,3f,17,ADVANCE_HEXTAPUL,ICON_UNIT_MARINE_ELITE,SPRITE_MARINE_ELITE,SOUND_SELECT1_MARINE_ELITE,SOUND_MOVE_MARINE_ELITE,SOUND_ATTACK_MARINE_ELITE
95,Merchant Trader,0,1,0a,0d,10h,0f,8,ADVANCE_TRADE_GUILDS,ICON_UNIT_MERCHANT_TRADER,SPRITE_WARRIOR,SOUND_SELECT1_MERCHANT_TRADER,SOUND_MOVE_MERCHANT_TRADER,SOUND_ATTACK_MERCHANT_TRADER
96,Mobile Artillery,0,3,3a,6d,18h,3f,27,ADVANCE_COMBINED_ARMS,ICON_UNIT_MOBILE_ARTILLERY,SPRITE_MOBILE_ARTILLERY,SOUND_SELECT1_MOBILE_ARTILLERY,SOUND_MOVE_MOBILE_ARTILLERY,SOUND_ATTACK_MOBILE_ARTILLERY
97,Mobile SAM,0,4,4a,6d,15h,3f,23,ADVANCE_RADAR,ICON_UNIT_MOBILE_SAM,SPRITE_MOBILE_SAM,SOUND_SELECT1_MOBILE_SAM,SOUND_MOVE_MOBILE_SAM,SOUND_ATTACK_MOBILE_SAM
98,Moray Striker,2,16,12a,16d,20h,4f,40,ADVANCE_GENETICS,ICON_UNIT_MOREY_STRIKER,SPRITE_MOREY_STRIKER,SOUND_SELECT1_MOREY_STRIKER,SOUND_MOVE_MOREY_STRIKER,SOUND_ATTACK_MOREY_STRIKER
99,Mounted Archer,0,4,3a,2d,10h,1f,5,ADVANCE_MOBILE_TACTICS,ICON_UNIT_MOUNTED_ARCHER,SPRITE_MOUNTED_ARCHER,SOUND_SELECT1_MOUNTED_ARCHER,SOUND_MOVE_MOUNTED_ARCHER,SOUND_ATTACK_MOUNTED_ARCHER
100,Nomad,0,1,0a,2d,10h,1f,7,nil,ICON_UNIT_NOMAD,SPRITE_NOMAD,SOUND_SELECT1_NOMAD,SOUND_MOVE_NOMAD,SOUND_ATTACK_NOMAD
101,Nuclear Submarine,2,10,10a,8d,15h,4f,21,ADVANCE_NUCLEAR_POWER,ICON_UNIT_NUCLEAR_SUBMARINE,SPRITE_NUCLEAR_SUBMARINE,SOUND_SELECT1_NUCLEAR_SUBMARINE,SOUND_MOVE_NUCLEAR_SUBMARINE,SOUND_ATTACK_NUCLEAR_SUBMARINE
102,Nuke,1,20,200a,2d,10h,1f,40,ADVANCE_NUCLEAR_POWER,ICON_UNIT_NUKE,SPRITE_NUKE,SOUND_SELECT1_NUKE,SOUND_MOVE_NUKE,SOUND_ATTACK_NUKE
104,Onager,0,1,1a,1d,10h,2f,8,ADVANCE_SIEGE_WEAPONS,ICON_UNIT_ONAGER,SPRITE_ONAGER,SOUND_SELECT1_ONAGER,SOUND_MOVE_ONAGER,SOUND_ATTACK_ONAGER
105,Organizer,0,3,0a,2d,10h,1f,10,ADVANCE_ECO_RELIGION,ICON_UNIT_ORGANIZER,SPRITE_ORGANIZER,SOUND_SELECT1_ORGANIZER,SOUND_MOVE_ORGANIZER,SOUND_ATTACK_ORGANIZER
106,Paratrooper,0,3,12a,9d,20h,3f,20,ADVANCE_ADV_INFANTRY_TACTICS,ICON_UNIT_PARATROOPER,SPRITE_PARATROOPER,SOUND_SELECT1_PARATROOPER,SOUND_MOVE_PARATROOPER,SOUND_ATTACK_PARATROOPER
107,Patriarch,0,3,0a,2d,10h,1f,15,ADVANCE_HEXTAPUL,ICON_UNIT_PATRIARCH,SPRITE_PATRIARCH,SOUND_SELECT1_PATRIARCH,SOUND_MOVE_PATRIARCH,SOUND_ATTACK_PATRIARCH
108,Pezhetairoi,0,2,5a,5d,15h,2f,5,ADVANCE_OLIGARCHY,ICON_UNIT_PEZHETEROI,SPRITE_PEZHETEROI,SOUND_SELECT1_PEZHETEROI,SOUND_MOVE_PEZHETEROI,SOUND_ATTACK_PEZHETEROI
109,Pikeman,0,1,3a,4d,16h,2f,5,ADVANCE_DARK_AGES,ICON_UNIT_PIKEMEN,SPRITE_PIKEMEN,SOUND_SELECT1_PIKEMEN,SOUND_MOVE_PIKEMEN,SOUND_ATTACK_PIKEMEN
110,Elite Pikeman,0,2,4a,5d,18h,2f,5,ADVANCE_HEXTAPUL,ICON_UNIT_PIKEMEN_ELITE,SPRITE_PIKEMEN_ELITE,SOUND_SELECT1_PIKEMEN_ELITE,SOUND_MOVE_PIKEMEN_ELITE,SOUND_ATTACK_PIKEMEN_ELITE
111,Pikeman Militia,0,1,3a,6d,30h,2f,5,ADVANCE_HEXTAPUL,ICON_UNIT_PIKEMEN_MILITIA,SPRITE_PIKEMEN,SOUND_SELECT1_PIKEMEN_MILITIA,SOUND_MOVE_PIKEMEN_MILITIA,SOUND_ATTACK_PIKEMEN_MILITIA
112,Plasma Destroyer,2,20,16a,12d,25h,4f,52,ADVANCE_PLASMA_WEAPONRY,ICON_UNIT_PLASMA_DESTROYER,SPRITE_PLASMA_DESTROYER,SOUND_SELECT1_PLASMA_DESTROYER,SOUND_MOVE_PLASMA_DESTROYER,SOUND_ATTACK_PLASMA_DESTROYER
113,Plunder I,0,1,0a,1d,5h,1f,1,ADVANCE_HEXTAPUL,ICON_UNIT_PLUNDER,SPRITE_PLUNDER,SOUND_SELECT1_PLUNDER,SOUND_MOVE_PLUNDER,SOUND_ATTACK_PLUNDER
114,Plunder II - Captives,0,1,0a,1d,5h,1f,2,ADVANCE_HEXTAPUL,ICON_UNIT_PLUNDER_II,SPRITE_PLUNDER_II,SOUND_SELECT1_PLUNDER_II,SOUND_MOVE_PLUNDER_II,SOUND_ATTACK_PLUNDER_II
115,Plunder III,0,1,0a,1d,5h,1f,4,ADVANCE_HEXTAPUL,ICON_UNIT_PLUNDER_III,SPRITE_PLUNDER_III,SOUND_SELECT1_PLUNDER_III,SOUND_MOVE_PLUNDER_III,SOUND_ATTACK_PLUNDER_III
116,Plunder IV,0,2,0a,1d,5h,1f,6,ADVANCE_HEXTAPUL,ICON_UNIT_PLUNDER_IV,SPRITE_PLUNDER_IV,SOUND_SELECT1_PLUNDER_IV,SOUND_MOVE_PLUNDER_IV,SOUND_ATTACK_PLUNDER_IV
117,Praetorian,0,2,6a,6d,18h,2f,6,ADVANCE_DICTATORSHIP,ICON_UNIT_PRAETORIAN,SPRITE_PRAETORIAN,SOUND_SELECT1_PRAETORIAN,SOUND_MOVE_PRAETORIAN,SOUND_ATTACK_PRAETORIAN
118,Prophet,0,2,0a,2d,10h,1f,5,ADVANCE_POLYTHEISM,ICON_UNIT_PROPHET,SPRITE_PROPHET,SOUND_SELECT1_PROPHET,SOUND_MOVE_PROPHET,SOUND_ATTACK_PROPHET
119,Quinquereme,2,8,5a,3d,15h,1f,6,ADVANCE_HULL_MAKING,ICON_UNIT_QUINQUEREME,SPRITE_QUINQUEREME,SOUND_SELECT1_QUINQUEREME,SOUND_MOVE_QUINQUEREME,SOUND_ATTACK_QUINQUEREME
120,Raider,0,4,3a,3d,10h,1f,9,ADVANCE_STIRRUP,ICON_UNIT_RAIDER,SPRITE_RAIDER,SOUND_SELECT1_RAIDER,SOUND_MOVE_RAIDER,SOUND_ATTACK_RAIDER
121,Red Guard,0,2,11a,8d,20h,3f,12,ADVANCE_COMMUNISM,ICON_UNIT_RED_GUARD,SPRITE_RED_GUARD,SOUND_SELECT1_RED_GUARD,SOUND_MOVE_RED_GUARD,SOUND_ATTACK_RED_GUARD
122,Reed Boat,2,4,1a,1d,10h,1f,1,ADVANCE_SHIP_BUILDING,ICON_UNIT_REED_BOAT,SPRITE_REED_BOAT,SOUND_SELECT1_REED_BOAT,SOUND_MOVE_REED_BOAT,SOUND_ATTACK_REED_BOAT
123,Scout,2,6,5a,4d,10h,3f,11,ADVANCE_INDUSTRIAL_REVOLUTION,ICON_UNIT_MONITOR,SPRITE_MONITOR,SOUND_SELECT1_SCOUT,SOUND_MOVE_SCOUT,SOUND_ATTACK_SCOUT
124,Scout Sub,2,16,5a,5d,15h,3f,28,ADVANCE_LIQUID_BREATHING_APPARATUS,ICON_UNIT_SCOUT_SUB,SPRITE_SCOUT_SUB,SOUND_SELECT1_SCOUT_SUB,SOUND_MOVE_SCOUT_SUB,SOUND_ATTACK_SCOUT_SUB
125,Sea Engineer,2,4,0a,2d,10h,1f,34,ADVANCE_NANO_ASSEMBLY,ICON_UNIT_SEA_ENGINEER,SPRITE_SEA_ENGINEER,SOUND_SELECT1_SEA_ENGINEER,SOUND_MOVE_SEA_ENGINEER,SOUND_ATTACK_SEA_ENGINEER
126,Secret Agent,0,3,0a,2d,10h,1f,15,ADVANCE_COMMUNISM,ICON_UNIT_SECRET_AGENT,SPRITE_SECRET_AGENT,SOUND_SELECT1_SECRET_AGENT,SOUND_MOVE_SECRET_AGENT,SOUND_ATTACK_SECRET_AGENT
127,Settler/Colonist,0,3,0a,3d,10h,1f,20,ADVANCE_TRIBUNAL_EMPIRE,ICON_UNIT_SETTLER,SPRITE_SETTLER,SOUND_SELECT1_SETTLER,SOUND_MOVE_SETTLER,SOUND_ATTACK_SETTLER
128,Ship of the Line,2,10,8a,5d,15h,3f,14,ADVANCE_NAVAL_TACTICS,ICON_UNIT_SHIP_OF_THE_LINE,SPRITE_SHIP_OF_THE_LINE,SOUND_SELECT1_SHIP_OF_THE_LINE,SOUND_MOVE_SHIP_OF_THE_LINE,SOUND_ATTACK_SHIP_OF_THE_LINE
129,Slaver,0,2,0a,2d,10h,1f,4,ADVANCE_SLAVE_LABOR,ICON_UNIT_SLAVER,SPRITE_SLAVER,SOUND_SELECT1_SLAVER,SOUND_MOVE_SLAVER,SOUND_ATTACK_SLAVER
130,Slave Trader,0,2,0a,2d,10h,1f,6,ADVANCE_CLASSICAL_EDUCATION,ICON_UNIT_SLAVE_TRADER,SPRITE_SLAVE_TRADER,SOUND_SELECT1_SLAVE_TRADER,SOUND_MOVE_SLAVE_TRADER,SOUND_ATTACK_SLAVE_TRADER
131,Slinger,0,1,1a,1d,8h,1f,2,ADVANCE_PROJECTILE_WEAPONS,ICON_UNIT_SLINGER,SPRITE_SLINGER,SOUND_SELECT1_SLINGER,SOUND_MOVE_SLINGER,SOUND_ATTACK_SLINGER
133,Space Plane,1,15,0a,2d,15h,1f,25,ADVANCE_SPACE_FLIGHT,ICON_UNIT_SPACE_PLANE,SPRITE_SPACE_PLANE,SOUND_SELECT1_SPACE_PLANE,SOUND_MOVE_SPACE_PLANE,SOUND_ATTACK_SPACE_PLANE
134,Spearman,0,1,2a,3d,10h,1f,1,ADVANCE_TOOLMAKING,ICON_UNIT_SPEARMAN,SPRITE_SPEARMAN,SOUND_SELECT1_SPEARMAN,SOUND_MOVE_SPEARMAN,SOUND_ATTACK_SPEARMAN
135,Elite Spearman,0,2,3a,4d,12h,1f,1,ADVANCE_HEXTAPUL,ICON_UNIT_SPEARMAN_ELITE,SPRITE_SPEARMAN_ELITE,SOUND_SELECT1_SPEARMAN_ELITE,SOUND_MOVE_SPEARMAN_ELITE,SOUND_ATTACK_SPEARMAN_ELITE
136,Spearman Militia,0,1,2a,3d,40h,1f,1,ADVANCE_HEXTAPUL,ICON_UNIT_SPEARMAN_MILITIA,SPRITE_SPEARMAN,SOUND_SELECT1_SPEARMAN_MILITIA,SOUND_MOVE_SPEARMAN_MILITIA,SOUND_ATTACK_SPEARMAN_MILITIA
137,Spy,0,2,0a,2d,10h,1f,12,ADVANCE_REPUBLIC,ICON_UNIT_SPY,SPRITE_SPY,SOUND_SELECT1_SPY,SOUND_MOVE_SPY,SOUND_ATTACK_SPY
138,Spy Plane,1,10,2a,4d,15h,2f,33,ADVANCE_AI_SURVEILLANCE,ICON_UNIT_SPY_PLANE,SPRITE_SPY_PLANE,SOUND_SELECT1_SPY_PLANE,SOUND_MOVE_SPY_PLANE,SOUND_ATTACK_SPY_PLANE
139,Stealth Bomber,1,10,16a,16d,20h,4f,39,ADVANCE_ADVANCED_COMPOSITES,ICON_UNIT_STEALTH_BOMBER,SPRITE_STEALTH_BOMBER,SOUND_SELECT1_STEALTH_BOMBER,SOUND_MOVE_STEALTH_BOMBER,SOUND_ATTACK_STEALTH_BOMBER
140,Stealth Fighter,1,15,18a,16d,20h,5f,33,ADVANCE_ADVANCED_COMPOSITES,ICON_UNIT_STEALTH_FIGHTER,SPRITE_STEALTH_FIGHTER,SOUND_SELECT1_STEALTH_FIGHTER,SOUND_MOVE_STEALTH_FIGHTER,SOUND_ATTACK_STEALTH_FIGHTER
141,Steamship,2,10,3a,4d,15h,2f,12,ADVANCE_INDUSTRIAL_REVOLUTION,ICON_UNIT_STEAMSHIP,SPRITE_STEAMSHIP,SOUND_SELECT1_STEAMSHIP,SOUND_MOVE_STEAMSHIP,SOUND_ATTACK_STEAMSHIP
142,Submarine,2,8,8a,6d,10h,3f,17,ADVANCE_INTERNAL_COMBUSTION,ICON_UNIT_SUBMARINE,SPRITE_SUBMARINE,SOUND_SELECT1_SUBMARINE,SOUND_MOVE_SUBMARINE,SOUND_ATTACK_SUBMARINE
143,Subneural Ad,1,5,0a,2d,10h,2f,22,ADVANCE_NEURAL_INTERFACE,ICON_UNIT_SUBNEURAL_AD,SPRITE_SUBNEURAL_AD,SOUND_SELECT1_SUBNEURAL_AD,SOUND_MOVE_SUBNEURAL_AD,SOUND_ATTACK_SUBNEURAL_AD
144,Swordsman,0,1,4a,2d,10h,1f,2,ADVANCE_COPPER_SMELTING,ICON_UNIT_SWORDSMAN,SPRITE_SWORDSMAN,SOUND_SELECT1_SWORDSMAN,SOUND_MOVE_SWORDSMAN,SOUND_ATTACK_SWORDSMAN
145,Tank,0,5,11a,8d,18h,3f,27,ADVANCE_TANK_WARFARE,ICON_UNIT_TANK,SPRITE_TANK,SOUND_SELECT1_TANK,SOUND_MOVE_TANK,SOUND_ATTACK_TANK
146,Televangelist,0,4,0a,2d,10h,1f,15,ADVANCE_MASS_MEDIA,ICON_UNIT_TELEVANGELIST,SPRITE_TELEVANGELIST,SOUND_SELECT1_TELEVANGELIST,SOUND_MOVE_TELEVANGELIST,SOUND_ATTACK_TELEVANGELIST
147,Teutonic Knight,0,3,8a,4d,15h,2f,6,ADVANCE_THEOLOGY,ICON_UNIT_TEUTONIC_KNIGHT,SPRITE_TEUTONIC_KNIGHT,SOUND_SELECT1_TEUTONIC_KNIGHT,SOUND_MOVE_TEUTONIC_KNIGHT,SOUND_ATTACK_TEUTONIC_KNIGHT
148,Trebuchet,0,1,1a,1d,10h,2f,9,ADVANCE_GREEK_FIRE,ICON_UNIT_TREBUCHET,SPRITE_TREBUCHET,SOUND_SELECT1_TREBUCHET,SOUND_MOVE_TREBUCHET,SOUND_ATTACK_TREBUCHET
149,Trireme,2,6,4a,2d,13h,1f,4,ADVANCE_MAP_MAKING,ICON_UNIT_TRIREME,SPRITE_TRIREME,SOUND_SELECT1_TRIREME,SOUND_MOVE_TRIREME,SOUND_ATTACK_TRIREME
150,Troop Ship,2,12,0a,4d,20h,1f,14,ADVANCE_INTERNAL_COMBUSTION,ICON_UNIT_TROOP_SHIP,SPRITE_TROOP_SHIP,SOUND_SELECT1_TROOP_SHIP,SOUND_MOVE_TROOP_SHIP,SOUND_ATTACK_TROOP_SHIP
151,Urban Planner,0,2,0a,2d,15h,1f,45,ADVANCE_ADV_URBAN_PLANNING,ICON_UNIT_URBAN_PLANNER,SPRITE_URBAN_PLANNER,SOUND_SELECT1_URBAN_PLANNER,SOUND_MOVE_URBAN_PLANNER,SOUND_ATTACK_URBAN_PLANNER
152,War Walker,0,5,11a,8d,20h,4f,40,ADVANCE_CYBERNETICS,ICON_UNIT_WAR_WALKER,SPRITE_WAR_WALKER,SOUND_SELECT1_WAR_WALKER,SOUND_MOVE_WAR_WALKER,SOUND_ATTACK_WAR_WALKER
153,Freight Transport,0,1,0a,0d,10h,0f,12,ADVANCE_GLOBAL_ECONOMICS,ICON_UNIT_FREIGHT_TRANSPORT,SPRITE_WARRIOR,SOUND_SELECT1_Z_FREIGHT_TRANSPORT,SOUND_MOVE_Z_FREIGHT_TRANSPORT,SOUND_ATTACK_Z_FREIGHT_TRANSPORT
154,Alexander the Great,0,3,5a,5d,22h,2f,10,ADVANCE_HEXTAPUL,ICON_UNIT_ALEXANDER_THE_GREAT,SPRITE_ALEXANDER_THE_GREAT,SOUND_SELECT1_ALEXANDER_THE_GREAT,SOUND_MOVE_ALEXANDER_THE_GREAT,SOUND_ATTACK_ALEXANDER_THE_GREAT
155,Genghis,0,5,9a,8d,18h,3f,10,ADVANCE_HEXTAPUL,ICON_UNIT_GHENGIS,SPRITE_GHENGIS,SOUND_SELECT1_GHENGIS,SOUND_MOVE_GHENGIS,SOUND_ATTACK_GHENGIS
156,Sargon,0,3,5a,3d,18h,2f,10,ADVANCE_HEXTAPUL,ICON_UNIT_SARGON,SPRITE_SARGON,SOUND_SELECT1_SARGON,SOUND_MOVE_SARGON,SOUND_ATTACK_SARGON
157,Hannibal,0,4,5a,5d,18h,2f,10,ADVANCE_HEXTAPUL,ICON_UNIT_HANNIBAL,SPRITE_HANNIBAL,SOUND_SELECT1_HANNIBAL,SOUND_MOVE_HANNIBAL,SOUND_ATTACK_HANNIBAL
158,Caesar,0,3,5a,6d,22h,2f,10,ADVANCE_HEXTAPUL,ICON_UNIT_CAESAR,SPRITE_CAESAR,SOUND_SELECT1_CAESAR,SOUND_MOVE_CAESAR,SOUND_ATTACK_CAESAR
159,Attila,0,5,8a,6d,18h,3f,10,ADVANCE_HEXTAPUL,ICON_UNIT_ATILLA,SPRITE_ATILLA,SOUND_SELECT1_ATILLA,SOUND_MOVE_ATILLA,SOUND_ATTACK_ATILLA
160,Saladin,0,4,6a,8d,18h,3f,10,ADVANCE_HEXTAPUL,ICON_UNIT_SALADIN,SPRITE_SALADIN,SOUND_SELECT1_SALADIN,SOUND_MOVE_SALADIN,SOUND_ATTACK_SALADIN
161,Charlemagne,0,4,9a,6d,18h,3f,10,ADVANCE_HEXTAPUL,ICON_UNIT_CHARLEMAGNE,SPRITE_CHARLEMAGNE,SOUND_SELECT1_CHARLEMAGNE,SOUND_MOVE_CHARLEMAGNE,SOUND_ATTACK_CHARLEMAGNE
162,Hernan Cortes,0,4,9a,6d,15h,3f,10,ADVANCE_HEXTAPUL,ICON_UNIT_HERNAN_CORTES,SPRITE_HERNAN_CORTES,SOUND_SELECT1_HERNAN_CORTES,SOUND_MOVE_HERNAN_CORTES,SOUND_ATTACK_HERNAN_CORTES
163,Ulysses Grant,0,5,9a,6d,15h,4f,10,ADVANCE_HEXTAPUL,ICON_UNIT_ULYSSES_GRANT,SPRITE_ULYSSES_GRANT,SOUND_SELECT1_ULYSSES_GRANT,SOUND_MOVE_ULYSSES_GRANT,SOUND_ATTACK_ULYSSES_GRANT
164,Gilgamesh,0,3,5a,3d,18h,2f,10,ADVANCE_HEXTAPUL,ICON_UNIT_GILGAMESH,SPRITE_GREAT_KING,SOUND_SELECT1_GILGAMESH,SOUND_MOVE_GILGAMESH,SOUND_ATTACK_GILGAMESH
165,Field Marshall,0,4,9a,6d,15h,3f,10,ADVANCE_HEXTAPUL,ICON_UNIT_FIELD_MARSHALL,SPRITE_FIELD_MARSHALL,SOUND_SELECT1_FIELD_MARSHALL,SOUND_MOVE_FIELD_MARSHALL,SOUND_ATTACK_FIELD_MARSHALL
166,General,0,5,11a,8d,18h,4f,10,ADVANCE_HEXTAPUL,ICON_UNIT_GENERAL,SPRITE_GENERAL,SOUND_SELECT1_GENERAL,SOUND_MOVE_GENERAL,SOUND_ATTACK_GENERAL
167,Dwight Eisenhower,0,7,13a,10d,18h,4f,10,ADVANCE_HEXTAPUL,ICON_UNIT_DWIGHT_EISENHOWER,SPRITE_DWIGHT_EISENHOWER,SOUND_SELECT1_DWIGHT_EISENHOWER,SOUND_MOVE_DWIGHT_EISENHOWER,SOUND_ATTACK_DWIGHT_EISENHOWER
168,Norman Schwarzkopf,0,7,14a,12d,20h,4f,10,ADVANCE_HEXTAPUL,ICON_UNIT_NORMAN_SCHWARZKOPF,SPRITE_NORMAN_SCHWARZKOPF,SOUND_SELECT1_NORMAN_SCHWARZKOPF,SOUND_MOVE_NORMAN_SCHWARZKOPF,SOUND_ATTACK_NORMAN_SCHWARZKOPF
169,David,0,2,4a,3d,18h,2f,10,ADVANCE_HEXTAPUL,ICON_UNIT_DAVID,SPRITE_DAVID,SOUND_SELECT1_DAVID,SOUND_MOVE_DAVID,SOUND_ATTACK_DAVID
170,Hammurabi,0,2,6a,6d,18h,2f,10,ADVANCE_HEXTAPUL,ICON_UNIT_HAMMURABI,SPRITE_HAMMURABI,SOUND_SELECT1_HAMMURABI,SOUND_MOVE_HAMMURABI,SOUND_ATTACK_HAMMURABI
171,Khalid ibn al-Walid,0,4,8a,6d,18h,3f,10,ADVANCE_HEXTAPUL,ICON_UNIT_KHALID,SPRITE_KHALID,SOUND_SELECT1_KHALID,SOUND_MOVE_KHALID,SOUND_ATTACK_KHALID
172,Khufu,0,2,6a,6d,18h,2f,10,ADVANCE_HEXTAPUL,ICON_UNIT_KHUFU,SPRITE_KHUFU,SOUND_SELECT1_KHUFU,SOUND_MOVE_KHUFU,SOUND_ATTACK_KHUFU
173,Leonidas,0,2,6a,9d,18h,2f,10,ADVANCE_HEXTAPUL,ICON_UNIT_LEONIDAS,SPRITE_LEONIDAS,SOUND_SELECT1_LEONIDAS,SOUND_MOVE_LEONIDAS,SOUND_ATTACK_LEONIDAS
174,Marius,0,3,8a,6d,18h,2f,10,ADVANCE_HEXTAPUL,ICON_UNIT_MARIUS,SPRITE_MARIUS,SOUND_SELECT1_MARIUS,SOUND_MOVE_MARIUS,SOUND_ATTACK_MARIUS
175,Nebuchadnezzar,0,3,7a,6d,18h,2f,10,ADVANCE_HEXTAPUL,ICON_UNIT_NEBUCHADNEZZER,SPRITE_NEBUCHADNEZZER,SOUND_SELECT1_NEBUCHADNEZZER,SOUND_MOVE_NEBUCHADNEZZER,SOUND_ATTACK_NEBUCHADNEZZER
176,Pacal,0,2,8a,8d,18h,2f,10,ADVANCE_HEXTAPUL,ICON_UNIT_PACAL,SPRITE_PACAL,SOUND_SELECT1_PACAL,SOUND_MOVE_PACAL,SOUND_ATTACK_PACAL
177,Ramesses,0,2,3a,3d,18h,2f,10,ADVANCE_HEXTAPUL,ICON_UNIT_RAMSES,SPRITE_RAMSES,SOUND_SELECT1_RAMSES,SOUND_MOVE_RAMSES,SOUND_ATTACK_RAMSES
178,Spartacus,0,3,7a,6d,18h,2f,10,ADVANCE_HEXTAPUL,ICON_UNIT_SPARTACUS,SPRITE_SPARTACUS,SOUND_SELECT1_SPARTACUS,SOUND_MOVE_SPARTACUS,SOUND_ATTACK_SPARTACUS
179,Sun Tzu,0,2,7a,8d,18h,3f,10,ADVANCE_HEXTAPUL,ICON_UNIT_SUN_TZU,SPRITE_SUN_TZU,SOUND_SELECT1_SUN_TZU,SOUND_MOVE_SUN_TZU,SOUND_ATTACK_SUN_TZU
180,Monitor,2,6,5a,4d,10h,3f,11,ADVANCE_INDUSTRIAL_REVOLUTION,ICON_UNIT_MONITOR,SPRITE_MONITOR,SOUND_SELECT1_MONITOR,SOUND_MOVE_MONITOR,SOUND_ATTACK_MONITOR
